region,region_nombre,provincia,provincia_nombre,comuna,comuna_nombre,fixed_connections_total,fixed_connections_residential,residential_share_pct,source_status,source_mapping_method,period,source_url
1,Tarapacá,11,Iquique,1101,Iquique,64702,52189,80.6606,reported,regional_formula_block_order,2026-06,https://www.subtel.gob.cl/wp-content/uploads/2026/08/1_SERIES_CONEXIONES_INTERNET_FIJA_JUN26_100826.xlsx
1,Tarapacá,11,Iquique,1107,Alto Hospicio,25231,24031,95.2439,reported,regional_formula_block_order,2026-06,https://www.subtel.gob.cl/wp-content/uploads/2026/08/1_SERIES_CONEXIONES_INTERNET_FIJA_JUN26_100826.xlsx
1,Tarapacá,14,Del Tamarugal,1401,Pozo Almonte,2965,2654,89.511,reported,regional_formula_block_order,2026-06,https://www.subtel.gob.cl/wp-content/uploads/2026/08/1_SERIES_CONEXIONES_INTERNET_FIJA_JUN26_100826.xlsx
1,Tarapacá,14,Del Tamarugal,1402,Camiña,65,47,72.3077,reported,regional_formula_block_order,2026-06,https://www.subtel.gob.cl/wp-content/uploads/2026/08/1_SERIES_CONEXIONES_INTERNET_FIJA_JUN26_100826.xlsx
1,Tarapacá,14,Del Tamarugal,1403,Colchane,157,129,82.1656,reported,regional_formula_block_order,2026-06,https://www.subtel.gob.cl/wp-content/uploads/2026/08/1_SERIES_CONEXIONES_INTERNET_FIJA_JUN26_100826.xlsx
1,Tarapacá,14,Del Tamarugal,1404,Huara,374,318,85.0267,reported,regional_formula_block_order,2026-06,https://www.subtel.gob.cl/wp-content/uploads/2026/08/1_SERIES_CONEXIONES_INTERNET_FIJA_JUN26_100826.xlsx
1,Tarapacá,14,Del Tamarugal,1405,Pica,828,722,87.1981,reported,regional_formula_block_order,2026-06,https://www.subtel.gob.cl/wp-content/uploads/2026/08/1_SERIES_CONEXIONES_INTERNET_FIJA_JUN26_100826.xlsx
2,Antofagasta,21,Antofagasta,2101,Antofagasta,121033,112585,93.0201,reported,regional_formula_block_order,2026-06,https://www.subtel.gob.cl/wp-content/uploads/2026/08/1_SERIES_CONEXIONES_INTERNET_FIJA_JUN26_100826.xlsx
2,Antofagasta,21,Antofagasta,2102,Mejillones,3213,2875,89.4802,reported,regional_formula_block_order,2026-06,https://www.subtel.gob.cl/wp-content/uploads/2026/08/1_SERIES_CONEXIONES_INTERNET_FIJA_JUN26_100826.xlsx
2,Antofagasta,21,Antofagasta,2103,Sierra Gorda,961,737,76.6909,reported,regional_formula_block_order,2026-06,https://www.subtel.gob.cl/wp-content/uploads/2026/08/1_SERIES_CONEXIONES_INTERNET_FIJA_JUN26_100826.xlsx
2,Antofagasta,21,Antofagasta,2104,Taltal,3321,3081,92.7733,reported,regional_formula_block_order,2026-06,https://www.subtel.gob.cl/wp-content/uploads/2026/08/1_SERIES_CONEXIONES_INTERNET_FIJA_JUN26_100826.xlsx
2,Antofagasta,22,El Loa,2201,Calama,48010,45296,94.347,reported,regional_formula_block_order,2026-06,https://www.subtel.gob.cl/wp-content/uploads/2026/08/1_SERIES_CONEXIONES_INTERNET_FIJA_JUN26_100826.xlsx
2,Antofagasta,22,El Loa,2202,Ollagüe,74,51,68.9189,reported,regional_formula_block_order,2026-06,https://www.subtel.gob.cl/wp-content/uploads/2026/08/1_SERIES_CONEXIONES_INTERNET_FIJA_JUN26_100826.xlsx
2,Antofagasta,22,El Loa,2203,San Pedro de Atacama,1792,1619,90.346,reported,regional_formula_block_order,2026-06,https://www.subtel.gob.cl/wp-content/uploads/2026/08/1_SERIES_CONEXIONES_INTERNET_FIJA_JUN26_100826.xlsx
2,Antofagasta,23,Tocopilla,2301,Tocopilla,6793,6414,94.4207,reported,regional_formula_block_order,2026-06,https://www.subtel.gob.cl/wp-content/uploads/2026/08/1_SERIES_CONEXIONES_INTERNET_FIJA_JUN26_100826.xlsx
2,Antofagasta,23,Tocopilla,2302,María Elena,1797,1632,90.818,reported,regional_formula_block_order,2026-06,https://www.subtel.gob.cl/wp-content/uploads/2026/08/1_SERIES_CONEXIONES_INTERNET_FIJA_JUN26_100826.xlsx
3,Atacama,31,Copiapó,3101,Copiapó,46441,44101,94.9613,reported,regional_formula_block_order,2026-06,https://www.subtel.gob.cl/wp-content/uploads/2026/08/1_SERIES_CONEXIONES_INTERNET_FIJA_JUN26_100826.xlsx
3,Atacama,31,Copiapó,3102,Caldera,5264,5076,96.4286,reported,regional_formula_block_order,2026-06,https://www.subtel.gob.cl/wp-content/uploads/2026/08/1_SERIES_CONEXIONES_INTERNET_FIJA_JUN26_100826.xlsx
3,Atacama,31,Copiapó,3103,Tierra Amarilla,2386,2233,93.5876,reported,regional_formula_block_order,2026-06,https://www.subtel.gob.cl/wp-content/uploads/2026/08/1_SERIES_CONEXIONES_INTERNET_FIJA_JUN26_100826.xlsx
3,Atacama,32,Chañaral,3201,Chañaral,2534,2455,96.8824,reported,regional_formula_block_order,2026-06,https://www.subtel.gob.cl/wp-content/uploads/2026/08/1_SERIES_CONEXIONES_INTERNET_FIJA_JUN26_100826.xlsx
3,Atacama,32,Chañaral,3202,Diego de Almagro,2514,2253,89.6181,reported,regional_formula_block_order,2026-06,https://www.subtel.gob.cl/wp-content/uploads/2026/08/1_SERIES_CONEXIONES_INTERNET_FIJA_JUN26_100826.xlsx
3,Atacama,33,Huasco,3301,Vallenar,14239,13383,93.9883,reported,regional_formula_block_order,2026-06,https://www.subtel.gob.cl/wp-content/uploads/2026/08/1_SERIES_CONEXIONES_INTERNET_FIJA_JUN26_100826.xlsx
3,Atacama,33,Huasco,3302,Alto del Carmen,248,217,87.5,reported,regional_formula_block_order,2026-06,https://www.subtel.gob.cl/wp-content/uploads/2026/08/1_SERIES_CONEXIONES_INTERNET_FIJA_JUN26_100826.xlsx
3,Atacama,33,Huasco,3303,Freirina,402,377,93.7811,reported,regional_formula_block_order,2026-06,https://www.subtel.gob.cl/wp-content/uploads/2026/08/1_SERIES_CONEXIONES_INTERNET_FIJA_JUN26_100826.xlsx
3,Atacama,33,Huasco,3304,Huasco,1654,1545,93.4099,reported,regional_formula_block_order,2026-06,https://www.subtel.gob.cl/wp-content/uploads/2026/08/1_SERIES_CONEXIONES_INTERNET_FIJA_JUN26_100826.xlsx
4,Coquimbo,41,Elqui,4101,La Serena,81410,76782,94.3152,reported,regional_formula_block_order,2026-06,https://www.subtel.gob.cl/wp-content/uploads/2026/08/1_SERIES_CONEXIONES_INTERNET_FIJA_JUN26_100826.xlsx
4,Coquimbo,41,Elqui,4102,Coquimbo,75055,72138,96.1135,reported,regional_formula_block_order,2026-06,https://www.subtel.gob.cl/wp-content/uploads/2026/08/1_SERIES_CONEXIONES_INTERNET_FIJA_JUN26_100826.xlsx
4,Coquimbo,41,Elqui,4103,Andacollo,1763,1732,98.2416,reported,regional_formula_block_order,2026-06,https://www.subtel.gob.cl/wp-content/uploads/2026/08/1_SERIES_CONEXIONES_INTERNET_FIJA_JUN26_100826.xlsx
4,Coquimbo,41,Elqui,4104,La Higuera,478,454,94.9791,reported,regional_formula_block_order,2026-06,https://www.subtel.gob.cl/wp-content/uploads/2026/08/1_SERIES_CONEXIONES_INTERNET_FIJA_JUN26_100826.xlsx
4,Coquimbo,41,Elqui,4105,Paihuano,209,181,86.6029,reported,regional_formula_block_order,2026-06,https://www.subtel.gob.cl/wp-content/uploads/2026/08/1_SERIES_CONEXIONES_INTERNET_FIJA_JUN26_100826.xlsx
4,Coquimbo,41,Elqui,4106,Vicuña,3295,3153,95.6904,reported,regional_formula_block_order,2026-06,https://www.subtel.gob.cl/wp-content/uploads/2026/08/1_SERIES_CONEXIONES_INTERNET_FIJA_JUN26_100826.xlsx
4,Coquimbo,42,Choapa,4201,Illapel,5407,5148,95.2099,reported,regional_formula_block_order,2026-06,https://www.subtel.gob.cl/wp-content/uploads/2026/08/1_SERIES_CONEXIONES_INTERNET_FIJA_JUN26_100826.xlsx
4,Coquimbo,42,Choapa,4202,Canela,1227,1203,98.044,reported,regional_formula_block_order,2026-06,https://www.subtel.gob.cl/wp-content/uploads/2026/08/1_SERIES_CONEXIONES_INTERNET_FIJA_JUN26_100826.xlsx
4,Coquimbo,42,Choapa,4203,Los Vilos,6007,5741,95.5718,reported,regional_formula_block_order,2026-06,https://www.subtel.gob.cl/wp-content/uploads/2026/08/1_SERIES_CONEXIONES_INTERNET_FIJA_JUN26_100826.xlsx
4,Coquimbo,42,Choapa,4204,Salamanca,2361,2185,92.5455,reported,regional_formula_block_order,2026-06,https://www.subtel.gob.cl/wp-content/uploads/2026/08/1_SERIES_CONEXIONES_INTERNET_FIJA_JUN26_100826.xlsx
4,Coquimbo,43,Limarí,4301,Ovalle,21590,20176,93.4507,reported,regional_formula_block_order,2026-06,https://www.subtel.gob.cl/wp-content/uploads/2026/08/1_SERIES_CONEXIONES_INTERNET_FIJA_JUN26_100826.xlsx
4,Coquimbo,43,Limarí,4302,Combarbalá,1482,1403,94.6694,reported,regional_formula_block_order,2026-06,https://www.subtel.gob.cl/wp-content/uploads/2026/08/1_SERIES_CONEXIONES_INTERNET_FIJA_JUN26_100826.xlsx
4,Coquimbo,43,Limarí,4303,Monte Patria,2417,2324,96.1523,reported,regional_formula_block_order,2026-06,https://www.subtel.gob.cl/wp-content/uploads/2026/08/1_SERIES_CONEXIONES_INTERNET_FIJA_JUN26_100826.xlsx
4,Coquimbo,43,Limarí,4304,Punitaqui,1301,1251,96.1568,reported,regional_formula_block_order,2026-06,https://www.subtel.gob.cl/wp-content/uploads/2026/08/1_SERIES_CONEXIONES_INTERNET_FIJA_JUN26_100826.xlsx
4,Coquimbo,43,Limarí,4305,Río Hurtado,186,152,81.7204,reported,regional_formula_block_order,2026-06,https://www.subtel.gob.cl/wp-content/uploads/2026/08/1_SERIES_CONEXIONES_INTERNET_FIJA_JUN26_100826.xlsx
5,Valparaíso,51,Valparaíso,5101,Valparaíso,88564,84221,95.0962,reported,regional_formula_block_order,2026-06,https://www.subtel.gob.cl/wp-content/uploads/2026/08/1_SERIES_CONEXIONES_INTERNET_FIJA_JUN26_100826.xlsx
5,Valparaíso,51,Valparaíso,5102,Casablanca,6291,6001,95.3902,reported,regional_formula_block_order,2026-06,https://www.subtel.gob.cl/wp-content/uploads/2026/08/1_SERIES_CONEXIONES_INTERNET_FIJA_JUN26_100826.xlsx
5,Valparaíso,51,Valparaíso,5103,Concón,20623,18873,91.5143,reported,regional_formula_block_order,2026-06,https://www.subtel.gob.cl/wp-content/uploads/2026/08/1_SERIES_CONEXIONES_INTERNET_FIJA_JUN26_100826.xlsx
5,Valparaíso,51,Valparaíso,5104,Juan Fernández,241,224,92.9461,reported,regional_formula_block_order,2026-06,https://www.subtel.gob.cl/wp-content/uploads/2026/08/1_SERIES_CONEXIONES_INTERNET_FIJA_JUN26_100826.xlsx
5,Valparaíso,51,Valparaíso,5105,Puchuncaví,8824,8685,98.4248,reported,regional_formula_block_order,2026-06,https://www.subtel.gob.cl/wp-content/uploads/2026/08/1_SERIES_CONEXIONES_INTERNET_FIJA_JUN26_100826.xlsx
5,Valparaíso,51,Valparaíso,5107,Quintero,9370,9044,96.5208,reported,regional_formula_block_order,2026-06,https://www.subtel.gob.cl/wp-content/uploads/2026/08/1_SERIES_CONEXIONES_INTERNET_FIJA_JUN26_100826.xlsx
5,Valparaíso,51,Valparaíso,5109,Viña del Mar,126457,118570,93.7631,reported,regional_formula_block_order,2026-06,https://www.subtel.gob.cl/wp-content/uploads/2026/08/1_SERIES_CONEXIONES_INTERNET_FIJA_JUN26_100826.xlsx
5,Valparaíso,52,Isla de Pascua,5201,Isla de Pascua,2673,2584,96.6704,reported,regional_formula_block_order,2026-06,https://www.subtel.gob.cl/wp-content/uploads/2026/08/1_SERIES_CONEXIONES_INTERNET_FIJA_JUN26_100826.xlsx
5,Valparaíso,53,Los Andes,5301,Los Andes,22450,21066,93.8352,reported,regional_formula_block_order,2026-06,https://www.subtel.gob.cl/wp-content/uploads/2026/08/1_SERIES_CONEXIONES_INTERNET_FIJA_JUN26_100826.xlsx
5,Valparaíso,53,Los Andes,5302,Calle Larga,4448,4298,96.6277,reported,regional_formula_block_order,2026-06,https://www.subtel.gob.cl/wp-content/uploads/2026/08/1_SERIES_CONEXIONES_INTERNET_FIJA_JUN26_100826.xlsx
5,Valparaíso,53,Los Andes,5303,Rinconada,3044,2957,97.1419,reported,regional_formula_block_order,2026-06,https://www.subtel.gob.cl/wp-content/uploads/2026/08/1_SERIES_CONEXIONES_INTERNET_FIJA_JUN26_100826.xlsx
5,Valparaíso,53,Los Andes,5304,San Esteban,4196,4062,96.8065,reported,regional_formula_block_order,2026-06,https://www.subtel.gob.cl/wp-content/uploads/2026/08/1_SERIES_CONEXIONES_INTERNET_FIJA_JUN26_100826.xlsx
5,Valparaíso,54,Petorca,5401,La Ligua,8068,7796,96.6287,reported,regional_formula_block_order,2026-06,https://www.subtel.gob.cl/wp-content/uploads/2026/08/1_SERIES_CONEXIONES_INTERNET_FIJA_JUN26_100826.xlsx
5,Valparaíso,54,Petorca,5402,Cabildo,2592,2509,96.7978,reported,regional_formula_block_order,2026-06,https://www.subtel.gob.cl/wp-content/uploads/2026/08/1_SERIES_CONEXIONES_INTERNET_FIJA_JUN26_100826.xlsx
5,Valparaíso,54,Petorca,5403,Papudo,2755,2558,92.8494,reported,regional_formula_block_order,2026-06,https://www.subtel.gob.cl/wp-content/uploads/2026/08/1_SERIES_CONEXIONES_INTERNET_FIJA_JUN26_100826.xlsx
5,Valparaíso,54,Petorca,5404,Petorca,375,359,95.7333,reported,regional_formula_block_order,2026-06,https://www.subtel.gob.cl/wp-content/uploads/2026/08/1_SERIES_CONEXIONES_INTERNET_FIJA_JUN26_100826.xlsx
5,Valparaíso,54,Petorca,5405,Zapallar,3423,3196,93.3684,reported,regional_formula_block_order,2026-06,https://www.subtel.gob.cl/wp-content/uploads/2026/08/1_SERIES_CONEXIONES_INTERNET_FIJA_JUN26_100826.xlsx
5,Valparaíso,55,Quillota,5501,Quillota,27393,26183,95.5828,reported,regional_formula_block_order,2026-06,https://www.subtel.gob.cl/wp-content/uploads/2026/08/1_SERIES_CONEXIONES_INTERNET_FIJA_JUN26_100826.xlsx
5,Valparaíso,55,Quillota,5502,Calera,13396,12872,96.0884,reported,regional_formula_block_order,2026-06,https://www.subtel.gob.cl/wp-content/uploads/2026/08/1_SERIES_CONEXIONES_INTERNET_FIJA_JUN26_100826.xlsx
5,Valparaíso,55,Quillota,5503,Hijuelas,3906,3838,98.2591,reported,regional_formula_block_order,2026-06,https://www.subtel.gob.cl/wp-content/uploads/2026/08/1_SERIES_CONEXIONES_INTERNET_FIJA_JUN26_100826.xlsx
5,Valparaíso,55,Quillota,5504,La Cruz,7470,7144,95.6359,reported,regional_formula_block_order,2026-06,https://www.subtel.gob.cl/wp-content/uploads/2026/08/1_SERIES_CONEXIONES_INTERNET_FIJA_JUN26_100826.xlsx
5,Valparaíso,55,Quillota,5506,Nogales,4612,4519,97.9835,reported,regional_formula_block_order,2026-06,https://www.subtel.gob.cl/wp-content/uploads/2026/08/1_SERIES_CONEXIONES_INTERNET_FIJA_JUN26_100826.xlsx
5,Valparaíso,56,San Antonio,5601,San Antonio,25236,24388,96.6397,reported,regional_formula_block_order,2026-06,https://www.subtel.gob.cl/wp-content/uploads/2026/08/1_SERIES_CONEXIONES_INTERNET_FIJA_JUN26_100826.xlsx
5,Valparaíso,56,San Antonio,5602,Algarrobo,8951,8544,95.453,reported,regional_formula_block_order,2026-06,https://www.subtel.gob.cl/wp-content/uploads/2026/08/1_SERIES_CONEXIONES_INTERNET_FIJA_JUN26_100826.xlsx
5,Valparaíso,56,San Antonio,5603,Cartagena,7166,7141,99.6511,reported,regional_formula_block_order,2026-06,https://www.subtel.gob.cl/wp-content/uploads/2026/08/1_SERIES_CONEXIONES_INTERNET_FIJA_JUN26_100826.xlsx
5,Valparaíso,56,San Antonio,5604,El Quisco,8708,8638,99.1961,reported,regional_formula_block_order,2026-06,https://www.subtel.gob.cl/wp-content/uploads/2026/08/1_SERIES_CONEXIONES_INTERNET_FIJA_JUN26_100826.xlsx
5,Valparaíso,56,San Antonio,5605,El Tabo,7061,6957,98.5271,reported,regional_formula_block_order,2026-06,https://www.subtel.gob.cl/wp-content/uploads/2026/08/1_SERIES_CONEXIONES_INTERNET_FIJA_JUN26_100826.xlsx
5,Valparaíso,56,San Antonio,5606,Santo Domingo,5173,4928,95.2639,reported,regional_formula_block_order,2026-06,https://www.subtel.gob.cl/wp-content/uploads/2026/08/1_SERIES_CONEXIONES_INTERNET_FIJA_JUN26_100826.xlsx
5,Valparaíso,57,San Felipe de Aconcagua,5701,San Felipe,21552,20584,95.5085,reported,regional_formula_block_order,2026-06,https://www.subtel.gob.cl/wp-content/uploads/2026/08/1_SERIES_CONEXIONES_INTERNET_FIJA_JUN26_100826.xlsx
5,Valparaíso,57,San Felipe de Aconcagua,5702,Catemu,1958,1909,97.4974,reported,regional_formula_block_order,2026-06,https://www.subtel.gob.cl/wp-content/uploads/2026/08/1_SERIES_CONEXIONES_INTERNET_FIJA_JUN26_100826.xlsx
5,Valparaíso,57,San Felipe de Aconcagua,5703,Llaillay,5943,5729,96.3991,reported,regional_formula_block_order,2026-06,https://www.subtel.gob.cl/wp-content/uploads/2026/08/1_SERIES_CONEXIONES_INTERNET_FIJA_JUN26_100826.xlsx
5,Valparaíso,57,San Felipe de Aconcagua,5704,Panquehue,1692,1626,96.0993,reported,regional_formula_block_order,2026-06,https://www.subtel.gob.cl/wp-content/uploads/2026/08/1_SERIES_CONEXIONES_INTERNET_FIJA_JUN26_100826.xlsx
5,Valparaíso,57,San Felipe de Aconcagua,5705,Putaendo,2834,2776,97.9534,reported,regional_formula_block_order,2026-06,https://www.subtel.gob.cl/wp-content/uploads/2026/08/1_SERIES_CONEXIONES_INTERNET_FIJA_JUN26_100826.xlsx
5,Valparaíso,57,San Felipe de Aconcagua,5706,Santa María,2826,2719,96.2137,reported,regional_formula_block_order,2026-06,https://www.subtel.gob.cl/wp-content/uploads/2026/08/1_SERIES_CONEXIONES_INTERNET_FIJA_JUN26_100826.xlsx
5,Valparaíso,58,Marga Marga,5801,Quilpué,55662,53192,95.5625,reported,regional_formula_block_order,2026-06,https://www.subtel.gob.cl/wp-content/uploads/2026/08/1_SERIES_CONEXIONES_INTERNET_FIJA_JUN26_100826.xlsx
5,Valparaíso,58,Marga Marga,5802,Limache,14901,14335,96.2016,reported,regional_formula_block_order,2026-06,https://www.subtel.gob.cl/wp-content/uploads/2026/08/1_SERIES_CONEXIONES_INTERNET_FIJA_JUN26_100826.xlsx
5,Valparaíso,58,Marga Marga,5803,Olmué,4735,4614,97.4446,reported,regional_formula_block_order,2026-06,https://www.subtel.gob.cl/wp-content/uploads/2026/08/1_SERIES_CONEXIONES_INTERNET_FIJA_JUN26_100826.xlsx
5,Valparaíso,58,Marga Marga,5804,Villa Alemana,51817,49572,95.6674,reported,regional_formula_block_order,2026-06,https://www.subtel.gob.cl/wp-content/uploads/2026/08/1_SERIES_CONEXIONES_INTERNET_FIJA_JUN26_100826.xlsx
6,Libertador General Bernardo O'Higgins,61,Cachapoal,6101,Rancagua,78084,74351,95.2193,reported,regional_formula_block_order,2026-06,https://www.subtel.gob.cl/wp-content/uploads/2026/08/1_SERIES_CONEXIONES_INTERNET_FIJA_JUN26_100826.xlsx
6,Libertador General Bernardo O'Higgins,61,Cachapoal,6102,Codegua,1806,1793,99.2802,reported,regional_formula_block_order,2026-06,https://www.subtel.gob.cl/wp-content/uploads/2026/08/1_SERIES_CONEXIONES_INTERNET_FIJA_JUN26_100826.xlsx
6,Libertador General Bernardo O'Higgins,61,Cachapoal,6103,Coinco,1553,1543,99.3561,reported,regional_formula_block_order,2026-06,https://www.subtel.gob.cl/wp-content/uploads/2026/08/1_SERIES_CONEXIONES_INTERNET_FIJA_JUN26_100826.xlsx
6,Libertador General Bernardo O'Higgins,61,Cachapoal,6104,Coltauco,3793,3755,98.9982,reported,regional_formula_block_order,2026-06,https://www.subtel.gob.cl/wp-content/uploads/2026/08/1_SERIES_CONEXIONES_INTERNET_FIJA_JUN26_100826.xlsx
6,Libertador General Bernardo O'Higgins,61,Cachapoal,6105,Doñihue,4443,4358,98.0869,reported,regional_formula_block_order,2026-06,https://www.subtel.gob.cl/wp-content/uploads/2026/08/1_SERIES_CONEXIONES_INTERNET_FIJA_JUN26_100826.xlsx
6,Libertador General Bernardo O'Higgins,61,Cachapoal,6106,Graneros,9082,8918,98.1942,reported,regional_formula_block_order,2026-06,https://www.subtel.gob.cl/wp-content/uploads/2026/08/1_SERIES_CONEXIONES_INTERNET_FIJA_JUN26_100826.xlsx
6,Libertador General Bernardo O'Higgins,61,Cachapoal,6107,Las Cabras,2265,2200,97.1302,reported,regional_formula_block_order,2026-06,https://www.subtel.gob.cl/wp-content/uploads/2026/08/1_SERIES_CONEXIONES_INTERNET_FIJA_JUN26_100826.xlsx
6,Libertador General Bernardo O'Higgins,61,Cachapoal,6108,Machalí,17999,17293,96.0776,reported,regional_formula_block_order,2026-06,https://www.subtel.gob.cl/wp-content/uploads/2026/08/1_SERIES_CONEXIONES_INTERNET_FIJA_JUN26_100826.xlsx
6,Libertador General Bernardo O'Higgins,61,Cachapoal,6109,Malloa,1304,1277,97.9294,reported,regional_formula_block_order,2026-06,https://www.subtel.gob.cl/wp-content/uploads/2026/08/1_SERIES_CONEXIONES_INTERNET_FIJA_JUN26_100826.xlsx
6,Libertador General Bernardo O'Higgins,61,Cachapoal,6110,Mostazal,4793,4672,97.4755,reported,regional_formula_block_order,2026-06,https://www.subtel.gob.cl/wp-content/uploads/2026/08/1_SERIES_CONEXIONES_INTERNET_FIJA_JUN26_100826.xlsx
6,Libertador General Bernardo O'Higgins,61,Cachapoal,6111,Olivar,2612,2520,96.4778,reported,regional_formula_block_order,2026-06,https://www.subtel.gob.cl/wp-content/uploads/2026/08/1_SERIES_CONEXIONES_INTERNET_FIJA_JUN26_100826.xlsx
6,Libertador General Bernardo O'Higgins,61,Cachapoal,6112,Peumo,1525,1512,99.1475,reported,regional_formula_block_order,2026-06,https://www.subtel.gob.cl/wp-content/uploads/2026/08/1_SERIES_CONEXIONES_INTERNET_FIJA_JUN26_100826.xlsx
6,Libertador General Bernardo O'Higgins,61,Cachapoal,6113,Pichidegua,1834,1807,98.5278,reported,regional_formula_block_order,2026-06,https://www.subtel.gob.cl/wp-content/uploads/2026/08/1_SERIES_CONEXIONES_INTERNET_FIJA_JUN26_100826.xlsx
6,Libertador General Bernardo O'Higgins,61,Cachapoal,6114,Quinta de Tilcoco,2355,2332,99.0234,reported,regional_formula_block_order,2026-06,https://www.subtel.gob.cl/wp-content/uploads/2026/08/1_SERIES_CONEXIONES_INTERNET_FIJA_JUN26_100826.xlsx
6,Libertador General Bernardo O'Higgins,61,Cachapoal,6115,Rengo,15287,14729,96.3498,reported,regional_formula_block_order,2026-06,https://www.subtel.gob.cl/wp-content/uploads/2026/08/1_SERIES_CONEXIONES_INTERNET_FIJA_JUN26_100826.xlsx
6,Libertador General Bernardo O'Higgins,61,Cachapoal,6116,Requínoa,4411,4260,96.5767,reported,regional_formula_block_order,2026-06,https://www.subtel.gob.cl/wp-content/uploads/2026/08/1_SERIES_CONEXIONES_INTERNET_FIJA_JUN26_100826.xlsx
6,Libertador General Bernardo O'Higgins,61,Cachapoal,6117,San Vicente,6561,6352,96.8145,reported,regional_formula_block_order,2026-06,https://www.subtel.gob.cl/wp-content/uploads/2026/08/1_SERIES_CONEXIONES_INTERNET_FIJA_JUN26_100826.xlsx
6,Libertador General Bernardo O'Higgins,62,Cardenal Caro,6201,Pichilemu,5979,5841,97.6919,reported,regional_formula_block_order,2026-06,https://www.subtel.gob.cl/wp-content/uploads/2026/08/1_SERIES_CONEXIONES_INTERNET_FIJA_JUN26_100826.xlsx
6,Libertador General Bernardo O'Higgins,62,Cardenal Caro,6202,La Estrella,616,603,97.8896,reported,regional_formula_block_order,2026-06,https://www.subtel.gob.cl/wp-content/uploads/2026/08/1_SERIES_CONEXIONES_INTERNET_FIJA_JUN26_100826.xlsx
6,Libertador General Bernardo O'Higgins,62,Cardenal Caro,6203,Litueche,1299,1268,97.6135,reported,regional_formula_block_order,2026-06,https://www.subtel.gob.cl/wp-content/uploads/2026/08/1_SERIES_CONEXIONES_INTERNET_FIJA_JUN26_100826.xlsx
6,Libertador General Bernardo O'Higgins,62,Cardenal Caro,6204,Marchihue,677,643,94.9778,reported,regional_formula_block_order,2026-06,https://www.subtel.gob.cl/wp-content/uploads/2026/08/1_SERIES_CONEXIONES_INTERNET_FIJA_JUN26_100826.xlsx
6,Libertador General Bernardo O'Higgins,62,Cardenal Caro,6205,Navidad,2266,2243,98.985,reported,regional_formula_block_order,2026-06,https://www.subtel.gob.cl/wp-content/uploads/2026/08/1_SERIES_CONEXIONES_INTERNET_FIJA_JUN26_100826.xlsx
6,Libertador General Bernardo O'Higgins,62,Cardenal Caro,6206,Paredones,290,264,91.0345,reported,regional_formula_block_order,2026-06,https://www.subtel.gob.cl/wp-content/uploads/2026/08/1_SERIES_CONEXIONES_INTERNET_FIJA_JUN26_100826.xlsx
6,Libertador General Bernardo O'Higgins,63,Colchagua,6301,San Fernando,18659,17048,91.3661,reported,regional_formula_block_order,2026-06,https://www.subtel.gob.cl/wp-content/uploads/2026/08/1_SERIES_CONEXIONES_INTERNET_FIJA_JUN26_100826.xlsx
6,Libertador General Bernardo O'Higgins,63,Colchagua,6302,Chépica,1118,1095,97.9428,reported,regional_formula_block_order,2026-06,https://www.subtel.gob.cl/wp-content/uploads/2026/08/1_SERIES_CONEXIONES_INTERNET_FIJA_JUN26_100826.xlsx
6,Libertador General Bernardo O'Higgins,63,Colchagua,6303,Chimbarongo,3667,3546,96.7003,reported,regional_formula_block_order,2026-06,https://www.subtel.gob.cl/wp-content/uploads/2026/08/1_SERIES_CONEXIONES_INTERNET_FIJA_JUN26_100826.xlsx
6,Libertador General Bernardo O'Higgins,63,Colchagua,6304,Lolol,674,658,97.6261,reported,regional_formula_block_order,2026-06,https://www.subtel.gob.cl/wp-content/uploads/2026/08/1_SERIES_CONEXIONES_INTERNET_FIJA_JUN26_100826.xlsx
6,Libertador General Bernardo O'Higgins,63,Colchagua,6305,Nancagua,2480,2422,97.6613,reported,regional_formula_block_order,2026-06,https://www.subtel.gob.cl/wp-content/uploads/2026/08/1_SERIES_CONEXIONES_INTERNET_FIJA_JUN26_100826.xlsx
6,Libertador General Bernardo O'Higgins,63,Colchagua,6306,Palmilla,543,532,97.9742,reported,regional_formula_block_order,2026-06,https://www.subtel.gob.cl/wp-content/uploads/2026/08/1_SERIES_CONEXIONES_INTERNET_FIJA_JUN26_100826.xlsx
6,Libertador General Bernardo O'Higgins,63,Colchagua,6307,Peralillo,937,921,98.2924,reported,regional_formula_block_order,2026-06,https://www.subtel.gob.cl/wp-content/uploads/2026/08/1_SERIES_CONEXIONES_INTERNET_FIJA_JUN26_100826.xlsx
6,Libertador General Bernardo O'Higgins,63,Colchagua,6308,Placilla,347,330,95.1009,reported,regional_formula_block_order,2026-06,https://www.subtel.gob.cl/wp-content/uploads/2026/08/1_SERIES_CONEXIONES_INTERNET_FIJA_JUN26_100826.xlsx
6,Libertador General Bernardo O'Higgins,63,Colchagua,6309,Pumanque,157,142,90.4459,reported,regional_formula_block_order,2026-06,https://www.subtel.gob.cl/wp-content/uploads/2026/08/1_SERIES_CONEXIONES_INTERNET_FIJA_JUN26_100826.xlsx
6,Libertador General Bernardo O'Higgins,63,Colchagua,6310,Santa Cruz,7234,6647,91.8855,reported,regional_formula_block_order,2026-06,https://www.subtel.gob.cl/wp-content/uploads/2026/08/1_SERIES_CONEXIONES_INTERNET_FIJA_JUN26_100826.xlsx
7,Maule,71,Talca,7101,Talca,68294,64330,94.1957,reported,regional_formula_block_order,2026-06,https://www.subtel.gob.cl/wp-content/uploads/2026/08/1_SERIES_CONEXIONES_INTERNET_FIJA_JUN26_100826.xlsx
7,Maule,71,Talca,7102,Constitución,8172,7818,95.6681,reported,regional_formula_block_order,2026-06,https://www.subtel.gob.cl/wp-content/uploads/2026/08/1_SERIES_CONEXIONES_INTERNET_FIJA_JUN26_100826.xlsx
7,Maule,71,Talca,7103,Curepto,403,386,95.7816,reported,regional_formula_block_order,2026-06,https://www.subtel.gob.cl/wp-content/uploads/2026/08/1_SERIES_CONEXIONES_INTERNET_FIJA_JUN26_100826.xlsx
7,Maule,71,Talca,7104,Empedrado,289,281,97.2318,reported,regional_formula_block_order,2026-06,https://www.subtel.gob.cl/wp-content/uploads/2026/08/1_SERIES_CONEXIONES_INTERNET_FIJA_JUN26_100826.xlsx
7,Maule,71,Talca,7105,Maule,10104,9828,97.2684,reported,regional_formula_block_order,2026-06,https://www.subtel.gob.cl/wp-content/uploads/2026/08/1_SERIES_CONEXIONES_INTERNET_FIJA_JUN26_100826.xlsx
7,Maule,71,Talca,7106,Pelarco,418,395,94.4976,reported,regional_formula_block_order,2026-06,https://www.subtel.gob.cl/wp-content/uploads/2026/08/1_SERIES_CONEXIONES_INTERNET_FIJA_JUN26_100826.xlsx
7,Maule,71,Talca,7107,Pencahue,602,536,89.0365,reported,regional_formula_block_order,2026-06,https://www.subtel.gob.cl/wp-content/uploads/2026/08/1_SERIES_CONEXIONES_INTERNET_FIJA_JUN26_100826.xlsx
7,Maule,71,Talca,7108,Río Claro,892,882,98.8789,reported,regional_formula_block_order,2026-06,https://www.subtel.gob.cl/wp-content/uploads/2026/08/1_SERIES_CONEXIONES_INTERNET_FIJA_JUN26_100826.xlsx
7,Maule,71,Talca,7109,San Clemente,5496,5299,96.4156,reported,regional_formula_block_order,2026-06,https://www.subtel.gob.cl/wp-content/uploads/2026/08/1_SERIES_CONEXIONES_INTERNET_FIJA_JUN26_100826.xlsx
7,Maule,71,Talca,7110,San Rafael,776,761,98.067,reported,regional_formula_block_order,2026-06,https://www.subtel.gob.cl/wp-content/uploads/2026/08/1_SERIES_CONEXIONES_INTERNET_FIJA_JUN26_100826.xlsx
7,Maule,72,Cauquenes,7201,Cauquenes,9732,9449,97.0921,reported,regional_formula_block_order,2026-06,https://www.subtel.gob.cl/wp-content/uploads/2026/08/1_SERIES_CONEXIONES_INTERNET_FIJA_JUN26_100826.xlsx
7,Maule,72,Cauquenes,7202,Chanco,432,421,97.4537,reported,regional_formula_block_order,2026-06,https://www.subtel.gob.cl/wp-content/uploads/2026/08/1_SERIES_CONEXIONES_INTERNET_FIJA_JUN26_100826.xlsx
7,Maule,72,Cauquenes,7203,Pelluhue,1812,1800,99.3377,reported,regional_formula_block_order,2026-06,https://www.subtel.gob.cl/wp-content/uploads/2026/08/1_SERIES_CONEXIONES_INTERNET_FIJA_JUN26_100826.xlsx
7,Maule,73,Curicó,7301,Curicó,47519,44565,93.7835,reported,regional_formula_block_order,2026-06,https://www.subtel.gob.cl/wp-content/uploads/2026/08/1_SERIES_CONEXIONES_INTERNET_FIJA_JUN26_100826.xlsx
7,Maule,73,Curicó,7302,Hualañé,939,916,97.5506,reported,regional_formula_block_order,2026-06,https://www.subtel.gob.cl/wp-content/uploads/2026/08/1_SERIES_CONEXIONES_INTERNET_FIJA_JUN26_100826.xlsx
7,Maule,73,Curicó,7303,Licantén,1493,1486,99.5311,reported,regional_formula_block_order,2026-06,https://www.subtel.gob.cl/wp-content/uploads/2026/08/1_SERIES_CONEXIONES_INTERNET_FIJA_JUN26_100826.xlsx
7,Maule,73,Curicó,7304,Molina,6141,5949,96.8735,reported,regional_formula_block_order,2026-06,https://www.subtel.gob.cl/wp-content/uploads/2026/08/1_SERIES_CONEXIONES_INTERNET_FIJA_JUN26_100826.xlsx
7,Maule,73,Curicó,7305,Rauco,1339,1328,99.1785,reported,regional_formula_block_order,2026-06,https://www.subtel.gob.cl/wp-content/uploads/2026/08/1_SERIES_CONEXIONES_INTERNET_FIJA_JUN26_100826.xlsx
7,Maule,73,Curicó,7306,Romeral,3061,2841,92.8128,reported,regional_formula_block_order,2026-06,https://www.subtel.gob.cl/wp-content/uploads/2026/08/1_SERIES_CONEXIONES_INTERNET_FIJA_JUN26_100826.xlsx
7,Maule,73,Curicó,7307,Sagrada Familia,309,288,93.2039,reported,regional_formula_block_order,2026-06,https://www.subtel.gob.cl/wp-content/uploads/2026/08/1_SERIES_CONEXIONES_INTERNET_FIJA_JUN26_100826.xlsx
7,Maule,73,Curicó,7308,Teno,2557,2460,96.2065,reported,regional_formula_block_order,2026-06,https://www.subtel.gob.cl/wp-content/uploads/2026/08/1_SERIES_CONEXIONES_INTERNET_FIJA_JUN26_100826.xlsx
7,Maule,73,Curicó,7309,Vichuquén,822,799,97.2019,reported,regional_formula_block_order,2026-06,https://www.subtel.gob.cl/wp-content/uploads/2026/08/1_SERIES_CONEXIONES_INTERNET_FIJA_JUN26_100826.xlsx
7,Maule,74,Linares,7401,Linares,20262,19009,93.816,reported,regional_formula_block_order,2026-06,https://www.subtel.gob.cl/wp-content/uploads/2026/08/1_SERIES_CONEXIONES_INTERNET_FIJA_JUN26_100826.xlsx
7,Maule,74,Linares,7402,Colbún,1605,1574,98.0685,reported,regional_formula_block_order,2026-06,https://www.subtel.gob.cl/wp-content/uploads/2026/08/1_SERIES_CONEXIONES_INTERNET_FIJA_JUN26_100826.xlsx
7,Maule,74,Linares,7403,Longaví,4307,4202,97.5621,reported,regional_formula_block_order,2026-06,https://www.subtel.gob.cl/wp-content/uploads/2026/08/1_SERIES_CONEXIONES_INTERNET_FIJA_JUN26_100826.xlsx
7,Maule,74,Linares,7404,Parral,11910,11497,96.5323,reported,regional_formula_block_order,2026-06,https://www.subtel.gob.cl/wp-content/uploads/2026/08/1_SERIES_CONEXIONES_INTERNET_FIJA_JUN26_100826.xlsx
7,Maule,74,Linares,7405,Retiro,3722,3660,98.3342,reported,regional_formula_block_order,2026-06,https://www.subtel.gob.cl/wp-content/uploads/2026/08/1_SERIES_CONEXIONES_INTERNET_FIJA_JUN26_100826.xlsx
7,Maule,74,Linares,7406,San Javier,5663,5459,96.3977,reported,regional_formula_block_order,2026-06,https://www.subtel.gob.cl/wp-content/uploads/2026/08/1_SERIES_CONEXIONES_INTERNET_FIJA_JUN26_100826.xlsx
7,Maule,74,Linares,7407,Villa Alegre,1452,1433,98.6915,reported,regional_formula_block_order,2026-06,https://www.subtel.gob.cl/wp-content/uploads/2026/08/1_SERIES_CONEXIONES_INTERNET_FIJA_JUN26_100826.xlsx
7,Maule,74,Linares,7408,Yerbas Buenas,1838,1757,95.593,reported,regional_formula_block_order,2026-06,https://www.subtel.gob.cl/wp-content/uploads/2026/08/1_SERIES_CONEXIONES_INTERNET_FIJA_JUN26_100826.xlsx
8,Biobío,81,Concepción,8101,Concepción,100262,91876,91.6359,reported,regional_formula_block_order,2026-06,https://www.subtel.gob.cl/wp-content/uploads/2026/08/1_SERIES_CONEXIONES_INTERNET_FIJA_JUN26_100826.xlsx
8,Biobío,81,Concepción,8102,Coronel,38651,38192,98.8124,reported,regional_formula_block_order,2026-06,https://www.subtel.gob.cl/wp-content/uploads/2026/08/1_SERIES_CONEXIONES_INTERNET_FIJA_JUN26_100826.xlsx
8,Biobío,81,Concepción,8103,Chiguayante,26965,26188,97.1185,reported,regional_formula_block_order,2026-06,https://www.subtel.gob.cl/wp-content/uploads/2026/08/1_SERIES_CONEXIONES_INTERNET_FIJA_JUN26_100826.xlsx
8,Biobío,81,Concepción,8104,Florida,1582,1531,96.7762,reported,regional_formula_block_order,2026-06,https://www.subtel.gob.cl/wp-content/uploads/2026/08/1_SERIES_CONEXIONES_INTERNET_FIJA_JUN26_100826.xlsx
8,Biobío,81,Concepción,8105,Hualqui,6704,6478,96.6289,reported,regional_formula_block_order,2026-06,https://www.subtel.gob.cl/wp-content/uploads/2026/08/1_SERIES_CONEXIONES_INTERNET_FIJA_JUN26_100826.xlsx
8,Biobío,81,Concepción,8106,Lota,11483,11430,99.5384,reported,regional_formula_block_order,2026-06,https://www.subtel.gob.cl/wp-content/uploads/2026/08/1_SERIES_CONEXIONES_INTERNET_FIJA_JUN26_100826.xlsx
8,Biobío,81,Concepción,8107,Penco,13125,12840,97.8286,reported,regional_formula_block_order,2026-06,https://www.subtel.gob.cl/wp-content/uploads/2026/08/1_SERIES_CONEXIONES_INTERNET_FIJA_JUN26_100826.xlsx
8,Biobío,81,Concepción,8108,San Pedro de La paz,52403,50644,96.6433,reported,regional_formula_block_order,2026-06,https://www.subtel.gob.cl/wp-content/uploads/2026/08/1_SERIES_CONEXIONES_INTERNET_FIJA_JUN26_100826.xlsx
8,Biobío,81,Concepción,8109,Santa Juana,3413,3379,99.0038,reported,regional_formula_block_order,2026-06,https://www.subtel.gob.cl/wp-content/uploads/2026/08/1_SERIES_CONEXIONES_INTERNET_FIJA_JUN26_100826.xlsx
8,Biobío,81,Concepción,8110,Talcahuano,47611,45863,96.3286,reported,regional_formula_block_order,2026-06,https://www.subtel.gob.cl/wp-content/uploads/2026/08/1_SERIES_CONEXIONES_INTERNET_FIJA_JUN26_100826.xlsx
8,Biobío,81,Concepción,8111,Tomé,18301,17825,97.399,reported,regional_formula_block_order,2026-06,https://www.subtel.gob.cl/wp-content/uploads/2026/08/1_SERIES_CONEXIONES_INTERNET_FIJA_JUN26_100826.xlsx
8,Biobío,81,Concepción,8112,Hualpén,28970,28041,96.7932,reported,regional_formula_block_order,2026-06,https://www.subtel.gob.cl/wp-content/uploads/2026/08/1_SERIES_CONEXIONES_INTERNET_FIJA_JUN26_100826.xlsx
8,Biobío,82,Arauco,8201,Lebu,6552,6493,99.0995,reported,regional_formula_block_order,2026-06,https://www.subtel.gob.cl/wp-content/uploads/2026/08/1_SERIES_CONEXIONES_INTERNET_FIJA_JUN26_100826.xlsx
8,Biobío,82,Arauco,8202,Arauco,8672,8441,97.3363,reported,regional_formula_block_order,2026-06,https://www.subtel.gob.cl/wp-content/uploads/2026/08/1_SERIES_CONEXIONES_INTERNET_FIJA_JUN26_100826.xlsx
8,Biobío,82,Arauco,8203,Cañete,5569,5426,97.4322,reported,regional_formula_block_order,2026-06,https://www.subtel.gob.cl/wp-content/uploads/2026/08/1_SERIES_CONEXIONES_INTERNET_FIJA_JUN26_100826.xlsx
8,Biobío,82,Arauco,8204,Contulmo,1116,1103,98.8351,reported,regional_formula_block_order,2026-06,https://www.subtel.gob.cl/wp-content/uploads/2026/08/1_SERIES_CONEXIONES_INTERNET_FIJA_JUN26_100826.xlsx
8,Biobío,82,Arauco,8205,Curanilahue,8307,8221,98.9647,reported,regional_formula_block_order,2026-06,https://www.subtel.gob.cl/wp-content/uploads/2026/08/1_SERIES_CONEXIONES_INTERNET_FIJA_JUN26_100826.xlsx
8,Biobío,82,Arauco,8206,Los Álamos,4932,4891,99.1687,reported,regional_formula_block_order,2026-06,https://www.subtel.gob.cl/wp-content/uploads/2026/08/1_SERIES_CONEXIONES_INTERNET_FIJA_JUN26_100826.xlsx
8,Biobío,82,Arauco,8207,Tirúa,446,414,92.8251,reported,regional_formula_block_order,2026-06,https://www.subtel.gob.cl/wp-content/uploads/2026/08/1_SERIES_CONEXIONES_INTERNET_FIJA_JUN26_100826.xlsx
8,Biobío,83,Biobío,8301,Los Ángeles,60498,57768,95.4875,reported,regional_formula_block_order,2026-06,https://www.subtel.gob.cl/wp-content/uploads/2026/08/1_SERIES_CONEXIONES_INTERNET_FIJA_JUN26_100826.xlsx
8,Biobío,83,Biobío,8302,Antuco,206,189,91.7476,reported,regional_formula_block_order,2026-06,https://www.subtel.gob.cl/wp-content/uploads/2026/08/1_SERIES_CONEXIONES_INTERNET_FIJA_JUN26_100826.xlsx
8,Biobío,83,Biobío,8303,Cabrero,5743,5615,97.7712,reported,regional_formula_block_order,2026-06,https://www.subtel.gob.cl/wp-content/uploads/2026/08/1_SERIES_CONEXIONES_INTERNET_FIJA_JUN26_100826.xlsx
8,Biobío,83,Biobío,8304,Laja,4278,4212,98.4572,reported,regional_formula_block_order,2026-06,https://www.subtel.gob.cl/wp-content/uploads/2026/08/1_SERIES_CONEXIONES_INTERNET_FIJA_JUN26_100826.xlsx
8,Biobío,83,Biobío,8305,Mulchén,5073,4975,98.0682,reported,regional_formula_block_order,2026-06,https://www.subtel.gob.cl/wp-content/uploads/2026/08/1_SERIES_CONEXIONES_INTERNET_FIJA_JUN26_100826.xlsx
8,Biobío,83,Biobío,8306,Nacimiento,5767,5689,98.6475,reported,regional_formula_block_order,2026-06,https://www.subtel.gob.cl/wp-content/uploads/2026/08/1_SERIES_CONEXIONES_INTERNET_FIJA_JUN26_100826.xlsx
8,Biobío,83,Biobío,8307,Negrete,892,875,98.0942,reported,regional_formula_block_order,2026-06,https://www.subtel.gob.cl/wp-content/uploads/2026/08/1_SERIES_CONEXIONES_INTERNET_FIJA_JUN26_100826.xlsx
8,Biobío,83,Biobío,8308,Quilaco,583,567,97.2556,reported,regional_formula_block_order,2026-06,https://www.subtel.gob.cl/wp-content/uploads/2026/08/1_SERIES_CONEXIONES_INTERNET_FIJA_JUN26_100826.xlsx
8,Biobío,83,Biobío,8309,Quilleco,207,175,84.5411,reported,regional_formula_block_order,2026-06,https://www.subtel.gob.cl/wp-content/uploads/2026/08/1_SERIES_CONEXIONES_INTERNET_FIJA_JUN26_100826.xlsx
8,Biobío,83,Biobío,8310,San Rosendo,540,536,99.2593,reported,regional_formula_block_order,2026-06,https://www.subtel.gob.cl/wp-content/uploads/2026/08/1_SERIES_CONEXIONES_INTERNET_FIJA_JUN26_100826.xlsx
8,Biobío,83,Biobío,8311,Santa Bárbara,2131,2088,97.9822,reported,regional_formula_block_order,2026-06,https://www.subtel.gob.cl/wp-content/uploads/2026/08/1_SERIES_CONEXIONES_INTERNET_FIJA_JUN26_100826.xlsx
8,Biobío,83,Biobío,8312,Tucapel,3089,3050,98.7375,reported,regional_formula_block_order,2026-06,https://www.subtel.gob.cl/wp-content/uploads/2026/08/1_SERIES_CONEXIONES_INTERNET_FIJA_JUN26_100826.xlsx
8,Biobío,83,Biobío,8313,Yumbel,3659,3628,99.1528,reported,regional_formula_block_order,2026-06,https://www.subtel.gob.cl/wp-content/uploads/2026/08/1_SERIES_CONEXIONES_INTERNET_FIJA_JUN26_100826.xlsx
8,Biobío,83,Biobío,8314,Alto Biobío,423,369,87.234,reported,regional_formula_block_order,2026-06,https://www.subtel.gob.cl/wp-content/uploads/2026/08/1_SERIES_CONEXIONES_INTERNET_FIJA_JUN26_100826.xlsx
9,La Araucanía,91,Cautín,9101,Temuco,98763,92426,93.5836,reported,regional_formula_block_order,2026-06,https://www.subtel.gob.cl/wp-content/uploads/2026/08/1_SERIES_CONEXIONES_INTERNET_FIJA_JUN26_100826.xlsx
9,La Araucanía,91,Cautín,9102,Carahue,1886,1839,97.508,reported,regional_formula_block_order,2026-06,https://www.subtel.gob.cl/wp-content/uploads/2026/08/1_SERIES_CONEXIONES_INTERNET_FIJA_JUN26_100826.xlsx
9,La Araucanía,91,Cautín,9103,Cunco,3059,3026,98.9212,reported,regional_formula_block_order,2026-06,https://www.subtel.gob.cl/wp-content/uploads/2026/08/1_SERIES_CONEXIONES_INTERNET_FIJA_JUN26_100826.xlsx
9,La Araucanía,91,Cautín,9104,Curarrehue,417,384,92.0863,reported,regional_formula_block_order,2026-06,https://www.subtel.gob.cl/wp-content/uploads/2026/08/1_SERIES_CONEXIONES_INTERNET_FIJA_JUN26_100826.xlsx
9,La Araucanía,91,Cautín,9105,Freire,2810,2762,98.2918,reported,regional_formula_block_order,2026-06,https://www.subtel.gob.cl/wp-content/uploads/2026/08/1_SERIES_CONEXIONES_INTERNET_FIJA_JUN26_100826.xlsx
9,La Araucanía,91,Cautín,9106,Galvarino,865,832,96.185,reported,regional_formula_block_order,2026-06,https://www.subtel.gob.cl/wp-content/uploads/2026/08/1_SERIES_CONEXIONES_INTERNET_FIJA_JUN26_100826.xlsx
9,La Araucanía,91,Cautín,9107,Gorbea,1924,1818,94.4906,reported,regional_formula_block_order,2026-06,https://www.subtel.gob.cl/wp-content/uploads/2026/08/1_SERIES_CONEXIONES_INTERNET_FIJA_JUN26_100826.xlsx
9,La Araucanía,91,Cautín,9108,Lautaro,8187,7926,96.812,reported,regional_formula_block_order,2026-06,https://www.subtel.gob.cl/wp-content/uploads/2026/08/1_SERIES_CONEXIONES_INTERNET_FIJA_JUN26_100826.xlsx
9,La Araucanía,91,Cautín,9109,Loncoche,4920,4737,96.2805,reported,regional_formula_block_order,2026-06,https://www.subtel.gob.cl/wp-content/uploads/2026/08/1_SERIES_CONEXIONES_INTERNET_FIJA_JUN26_100826.xlsx
9,La Araucanía,91,Cautín,9110,Melipeuco,303,276,91.0891,reported,regional_formula_block_order,2026-06,https://www.subtel.gob.cl/wp-content/uploads/2026/08/1_SERIES_CONEXIONES_INTERNET_FIJA_JUN26_100826.xlsx
9,La Araucanía,91,Cautín,9111,Nueva Imperial,4812,4702,97.714,reported,regional_formula_block_order,2026-06,https://www.subtel.gob.cl/wp-content/uploads/2026/08/1_SERIES_CONEXIONES_INTERNET_FIJA_JUN26_100826.xlsx
9,La Araucanía,91,Cautín,9112,Padre Las Casas,11763,11473,97.5346,reported,regional_formula_block_order,2026-06,https://www.subtel.gob.cl/wp-content/uploads/2026/08/1_SERIES_CONEXIONES_INTERNET_FIJA_JUN26_100826.xlsx
9,La Araucanía,91,Cautín,9113,Perquenco,868,857,98.7327,reported,regional_formula_block_order,2026-06,https://www.subtel.gob.cl/wp-content/uploads/2026/08/1_SERIES_CONEXIONES_INTERNET_FIJA_JUN26_100826.xlsx
9,La Araucanía,91,Cautín,9114,Pitrufquén,7994,7549,94.4333,reported,regional_formula_block_order,2026-06,https://www.subtel.gob.cl/wp-content/uploads/2026/08/1_SERIES_CONEXIONES_INTERNET_FIJA_JUN26_100826.xlsx
9,La Araucanía,91,Cautín,9115,Pucón,8008,7588,94.7552,reported,regional_formula_block_order,2026-06,https://www.subtel.gob.cl/wp-content/uploads/2026/08/1_SERIES_CONEXIONES_INTERNET_FIJA_JUN26_100826.xlsx
9,La Araucanía,91,Cautín,9116,Saavedra,630,617,97.9365,reported,regional_formula_block_order,2026-06,https://www.subtel.gob.cl/wp-content/uploads/2026/08/1_SERIES_CONEXIONES_INTERNET_FIJA_JUN26_100826.xlsx
9,La Araucanía,91,Cautín,9117,Teodoro Schmidt,1411,1399,99.1495,reported,regional_formula_block_order,2026-06,https://www.subtel.gob.cl/wp-content/uploads/2026/08/1_SERIES_CONEXIONES_INTERNET_FIJA_JUN26_100826.xlsx
9,La Araucanía,91,Cautín,9118,Toltén,1320,1248,94.5455,reported,regional_formula_block_order,2026-06,https://www.subtel.gob.cl/wp-content/uploads/2026/08/1_SERIES_CONEXIONES_INTERNET_FIJA_JUN26_100826.xlsx
9,La Araucanía,91,Cautín,9119,Vilcún,4001,3908,97.6756,reported,regional_formula_block_order,2026-06,https://www.subtel.gob.cl/wp-content/uploads/2026/08/1_SERIES_CONEXIONES_INTERNET_FIJA_JUN26_100826.xlsx
9,La Araucanía,91,Cautín,9120,Villarrica,17725,17088,96.4062,reported,regional_formula_block_order,2026-06,https://www.subtel.gob.cl/wp-content/uploads/2026/08/1_SERIES_CONEXIONES_INTERNET_FIJA_JUN26_100826.xlsx
9,La Araucanía,91,Cautín,9121,Cholchol,827,803,97.0979,reported,regional_formula_block_order,2026-06,https://www.subtel.gob.cl/wp-content/uploads/2026/08/1_SERIES_CONEXIONES_INTERNET_FIJA_JUN26_100826.xlsx
9,La Araucanía,92,Malleco,9201,Angol,14609,14194,97.1593,reported,regional_formula_block_order,2026-06,https://www.subtel.gob.cl/wp-content/uploads/2026/08/1_SERIES_CONEXIONES_INTERNET_FIJA_JUN26_100826.xlsx
9,La Araucanía,92,Malleco,9202,Collipulli,4313,4257,98.7016,reported,regional_formula_block_order,2026-06,https://www.subtel.gob.cl/wp-content/uploads/2026/08/1_SERIES_CONEXIONES_INTERNET_FIJA_JUN26_100826.xlsx
9,La Araucanía,92,Malleco,9203,Curacautín,3900,3856,98.8718,reported,regional_formula_block_order,2026-06,https://www.subtel.gob.cl/wp-content/uploads/2026/08/1_SERIES_CONEXIONES_INTERNET_FIJA_JUN26_100826.xlsx
9,La Araucanía,92,Malleco,9204,Ercilla,1004,990,98.6056,reported,regional_formula_block_order,2026-06,https://www.subtel.gob.cl/wp-content/uploads/2026/08/1_SERIES_CONEXIONES_INTERNET_FIJA_JUN26_100826.xlsx
9,La Araucanía,92,Malleco,9205,Lonquimay,392,320,81.6327,reported,regional_formula_block_order,2026-06,https://www.subtel.gob.cl/wp-content/uploads/2026/08/1_SERIES_CONEXIONES_INTERNET_FIJA_JUN26_100826.xlsx
9,La Araucanía,92,Malleco,9206,Los Sauces,1084,1059,97.6937,reported,regional_formula_block_order,2026-06,https://www.subtel.gob.cl/wp-content/uploads/2026/08/1_SERIES_CONEXIONES_INTERNET_FIJA_JUN26_100826.xlsx
9,La Araucanía,92,Malleco,9207,Lumaco,417,385,92.3261,reported,regional_formula_block_order,2026-06,https://www.subtel.gob.cl/wp-content/uploads/2026/08/1_SERIES_CONEXIONES_INTERNET_FIJA_JUN26_100826.xlsx
9,La Araucanía,92,Malleco,9208,Purén,1767,1747,98.8681,reported,regional_formula_block_order,2026-06,https://www.subtel.gob.cl/wp-content/uploads/2026/08/1_SERIES_CONEXIONES_INTERNET_FIJA_JUN26_100826.xlsx
9,La Araucanía,92,Malleco,9209,Renaico,1363,1346,98.7528,reported,regional_formula_block_order,2026-06,https://www.subtel.gob.cl/wp-content/uploads/2026/08/1_SERIES_CONEXIONES_INTERNET_FIJA_JUN26_100826.xlsx
9,La Araucanía,92,Malleco,9210,Traiguén,3258,3231,99.1713,reported,regional_formula_block_order,2026-06,https://www.subtel.gob.cl/wp-content/uploads/2026/08/1_SERIES_CONEXIONES_INTERNET_FIJA_JUN26_100826.xlsx
9,La Araucanía,92,Malleco,9211,Victoria,9447,9133,96.6762,reported,regional_formula_block_order,2026-06,https://www.subtel.gob.cl/wp-content/uploads/2026/08/1_SERIES_CONEXIONES_INTERNET_FIJA_JUN26_100826.xlsx
10,Los Lagos,101,Llanquihue,10101,Puerto Montt,68838,65731,95.4865,reported,regional_formula_block_order,2026-06,https://www.subtel.gob.cl/wp-content/uploads/2026/08/1_SERIES_CONEXIONES_INTERNET_FIJA_JUN26_100826.xlsx
10,Los Lagos,101,Llanquihue,10102,Calbuco,5408,5175,95.6916,reported,regional_formula_block_order,2026-06,https://www.subtel.gob.cl/wp-content/uploads/2026/08/1_SERIES_CONEXIONES_INTERNET_FIJA_JUN26_100826.xlsx
10,Los Lagos,101,Llanquihue,10103,Cochamó,563,508,90.2309,reported,regional_formula_block_order,2026-06,https://www.subtel.gob.cl/wp-content/uploads/2026/08/1_SERIES_CONEXIONES_INTERNET_FIJA_JUN26_100826.xlsx
10,Los Lagos,101,Llanquihue,10104,Fresia,1341,1296,96.6443,reported,regional_formula_block_order,2026-06,https://www.subtel.gob.cl/wp-content/uploads/2026/08/1_SERIES_CONEXIONES_INTERNET_FIJA_JUN26_100826.xlsx
10,Los Lagos,101,Llanquihue,10105,Frutillar,4931,4763,96.593,reported,regional_formula_block_order,2026-06,https://www.subtel.gob.cl/wp-content/uploads/2026/08/1_SERIES_CONEXIONES_INTERNET_FIJA_JUN26_100826.xlsx
10,Los Lagos,101,Llanquihue,10106,Los Muermos,1669,1621,97.124,reported,regional_formula_block_order,2026-06,https://www.subtel.gob.cl/wp-content/uploads/2026/08/1_SERIES_CONEXIONES_INTERNET_FIJA_JUN26_100826.xlsx
10,Los Lagos,101,Llanquihue,10107,Llanquihue,4049,3940,97.308,reported,regional_formula_block_order,2026-06,https://www.subtel.gob.cl/wp-content/uploads/2026/08/1_SERIES_CONEXIONES_INTERNET_FIJA_JUN26_100826.xlsx
10,Los Lagos,101,Llanquihue,10108,Maullín,1562,1516,97.0551,reported,regional_formula_block_order,2026-06,https://www.subtel.gob.cl/wp-content/uploads/2026/08/1_SERIES_CONEXIONES_INTERNET_FIJA_JUN26_100826.xlsx
10,Los Lagos,101,Llanquihue,10109,Puerto Varas,14722,14018,95.218,reported,regional_formula_block_order,2026-06,https://www.subtel.gob.cl/wp-content/uploads/2026/08/1_SERIES_CONEXIONES_INTERNET_FIJA_JUN26_100826.xlsx
10,Los Lagos,102,Chiloé,10201,Castro,10408,9958,95.6764,reported,regional_formula_block_order,2026-06,https://www.subtel.gob.cl/wp-content/uploads/2026/08/1_SERIES_CONEXIONES_INTERNET_FIJA_JUN26_100826.xlsx
10,Los Lagos,102,Chiloé,10202,Ancud,7788,7389,94.8767,reported,regional_formula_block_order,2026-06,https://www.subtel.gob.cl/wp-content/uploads/2026/08/1_SERIES_CONEXIONES_INTERNET_FIJA_JUN26_100826.xlsx
10,Los Lagos,102,Chiloé,10203,Chonchi,1748,1654,94.6224,reported,regional_formula_block_order,2026-06,https://www.subtel.gob.cl/wp-content/uploads/2026/08/1_SERIES_CONEXIONES_INTERNET_FIJA_JUN26_100826.xlsx
10,Los Lagos,102,Chiloé,10204,Curaco de Vélez,256,242,94.5312,reported,regional_formula_block_order,2026-06,https://www.subtel.gob.cl/wp-content/uploads/2026/08/1_SERIES_CONEXIONES_INTERNET_FIJA_JUN26_100826.xlsx
10,Los Lagos,102,Chiloé,10205,Dalcahue,1714,1609,93.874,reported,regional_formula_block_order,2026-06,https://www.subtel.gob.cl/wp-content/uploads/2026/08/1_SERIES_CONEXIONES_INTERNET_FIJA_JUN26_100826.xlsx
10,Los Lagos,102,Chiloé,10206,Puqueldón,207,186,89.8551,reported,regional_formula_block_order,2026-06,https://www.subtel.gob.cl/wp-content/uploads/2026/08/1_SERIES_CONEXIONES_INTERNET_FIJA_JUN26_100826.xlsx
10,Los Lagos,102,Chiloé,10207,Queilén,534,487,91.1985,reported,regional_formula_block_order,2026-06,https://www.subtel.gob.cl/wp-content/uploads/2026/08/1_SERIES_CONEXIONES_INTERNET_FIJA_JUN26_100826.xlsx
10,Los Lagos,102,Chiloé,10208,Quellón,3675,3514,95.619,reported,regional_formula_block_order,2026-06,https://www.subtel.gob.cl/wp-content/uploads/2026/08/1_SERIES_CONEXIONES_INTERNET_FIJA_JUN26_100826.xlsx
10,Los Lagos,102,Chiloé,10209,Quemchi,830,761,91.6867,reported,regional_formula_block_order,2026-06,https://www.subtel.gob.cl/wp-content/uploads/2026/08/1_SERIES_CONEXIONES_INTERNET_FIJA_JUN26_100826.xlsx
10,Los Lagos,102,Chiloé,10210,Quinchao,632,532,84.1772,reported,regional_formula_block_order,2026-06,https://www.subtel.gob.cl/wp-content/uploads/2026/08/1_SERIES_CONEXIONES_INTERNET_FIJA_JUN26_100826.xlsx
10,Los Lagos,103,Osorno,10301,Osorno,46212,44302,95.8669,reported,regional_formula_block_order,2026-06,https://www.subtel.gob.cl/wp-content/uploads/2026/08/1_SERIES_CONEXIONES_INTERNET_FIJA_JUN26_100826.xlsx
10,Los Lagos,103,Osorno,10302,Puerto Octay,1083,1046,96.5836,reported,regional_formula_block_order,2026-06,https://www.subtel.gob.cl/wp-content/uploads/2026/08/1_SERIES_CONEXIONES_INTERNET_FIJA_JUN26_100826.xlsx
10,Los Lagos,103,Osorno,10303,Purranque,3521,3401,96.5919,reported,regional_formula_block_order,2026-06,https://www.subtel.gob.cl/wp-content/uploads/2026/08/1_SERIES_CONEXIONES_INTERNET_FIJA_JUN26_100826.xlsx
10,Los Lagos,103,Osorno,10304,Puyehue,1604,1536,95.7606,reported,regional_formula_block_order,2026-06,https://www.subtel.gob.cl/wp-content/uploads/2026/08/1_SERIES_CONEXIONES_INTERNET_FIJA_JUN26_100826.xlsx
10,Los Lagos,103,Osorno,10305,Río Negro,1996,1955,97.9459,reported,regional_formula_block_order,2026-06,https://www.subtel.gob.cl/wp-content/uploads/2026/08/1_SERIES_CONEXIONES_INTERNET_FIJA_JUN26_100826.xlsx
10,Los Lagos,103,Osorno,10306,San Juan de la Costa,244,204,83.6066,reported,regional_formula_block_order,2026-06,https://www.subtel.gob.cl/wp-content/uploads/2026/08/1_SERIES_CONEXIONES_INTERNET_FIJA_JUN26_100826.xlsx
10,Los Lagos,103,Osorno,10307,San Pablo,1606,1558,97.0112,reported,regional_formula_block_order,2026-06,https://www.subtel.gob.cl/wp-content/uploads/2026/08/1_SERIES_CONEXIONES_INTERNET_FIJA_JUN26_100826.xlsx
10,Los Lagos,104,Palena,10401,Chaitén,914,821,89.8249,reported,regional_formula_block_order,2026-06,https://www.subtel.gob.cl/wp-content/uploads/2026/08/1_SERIES_CONEXIONES_INTERNET_FIJA_JUN26_100826.xlsx
10,Los Lagos,104,Palena,10402,Futaleufú,875,821,93.8286,reported,regional_formula_block_order,2026-06,https://www.subtel.gob.cl/wp-content/uploads/2026/08/1_SERIES_CONEXIONES_INTERNET_FIJA_JUN26_100826.xlsx
10,Los Lagos,104,Palena,10403,Hualaihué,785,702,89.4268,reported,regional_formula_block_order,2026-06,https://www.subtel.gob.cl/wp-content/uploads/2026/08/1_SERIES_CONEXIONES_INTERNET_FIJA_JUN26_100826.xlsx
10,Los Lagos,104,Palena,10404,Palena,473,424,89.6406,reported,regional_formula_block_order,2026-06,https://www.subtel.gob.cl/wp-content/uploads/2026/08/1_SERIES_CONEXIONES_INTERNET_FIJA_JUN26_100826.xlsx
11,Aysén del General Carlos Ibáñez del Campo,111,Coyhaique,11101,Coyhaique,15785,15088,95.5844,reported,regional_formula_block_order,2026-06,https://www.subtel.gob.cl/wp-content/uploads/2026/08/1_SERIES_CONEXIONES_INTERNET_FIJA_JUN26_100826.xlsx
11,Aysén del General Carlos Ibáñez del Campo,111,Coyhaique,11102,Lago Verde,189,159,84.127,reported,regional_formula_block_order,2026-06,https://www.subtel.gob.cl/wp-content/uploads/2026/08/1_SERIES_CONEXIONES_INTERNET_FIJA_JUN26_100826.xlsx
11,Aysén del General Carlos Ibáñez del Campo,112,Aysén,11201,Aysén,5748,5353,93.128,reported,regional_formula_block_order,2026-06,https://www.subtel.gob.cl/wp-content/uploads/2026/08/1_SERIES_CONEXIONES_INTERNET_FIJA_JUN26_100826.xlsx
11,Aysén del General Carlos Ibáñez del Campo,112,Aysén,11202,Cisnes,1638,1486,90.7204,reported,regional_formula_block_order,2026-06,https://www.subtel.gob.cl/wp-content/uploads/2026/08/1_SERIES_CONEXIONES_INTERNET_FIJA_JUN26_100826.xlsx
11,Aysén del General Carlos Ibáñez del Campo,112,Aysén,11203,Guaitecas,345,270,78.2609,reported,regional_formula_block_order,2026-06,https://www.subtel.gob.cl/wp-content/uploads/2026/08/1_SERIES_CONEXIONES_INTERNET_FIJA_JUN26_100826.xlsx
11,Aysén del General Carlos Ibáñez del Campo,113,Capitán Prat,11301,Cochrane,835,791,94.7305,reported,regional_formula_block_order,2026-06,https://www.subtel.gob.cl/wp-content/uploads/2026/08/1_SERIES_CONEXIONES_INTERNET_FIJA_JUN26_100826.xlsx
11,Aysén del General Carlos Ibáñez del Campo,113,Capitán Prat,11302,O'Higgins,272,249,91.5441,reported,regional_formula_block_order,2026-06,https://www.subtel.gob.cl/wp-content/uploads/2026/08/1_SERIES_CONEXIONES_INTERNET_FIJA_JUN26_100826.xlsx
11,Aysén del General Carlos Ibáñez del Campo,113,Capitán Prat,11303,Tortel,56,43,76.7857,reported,regional_formula_block_order,2026-06,https://www.subtel.gob.cl/wp-content/uploads/2026/08/1_SERIES_CONEXIONES_INTERNET_FIJA_JUN26_100826.xlsx
11,Aysén del General Carlos Ibáñez del Campo,114,General Carrera,11401,Chile Chico,845,788,93.2544,reported,regional_formula_block_order,2026-06,https://www.subtel.gob.cl/wp-content/uploads/2026/08/1_SERIES_CONEXIONES_INTERNET_FIJA_JUN26_100826.xlsx
11,Aysén del General Carlos Ibáñez del Campo,114,General Carrera,11402,Río Ibáñez,581,555,95.525,reported,regional_formula_block_order,2026-06,https://www.subtel.gob.cl/wp-content/uploads/2026/08/1_SERIES_CONEXIONES_INTERNET_FIJA_JUN26_100826.xlsx
12,Magallanes y de la Antártica Chilena,121,Magallanes,12101,Punta Arenas,44813,41401,92.3861,reported,regional_formula_block_order,2026-06,https://www.subtel.gob.cl/wp-content/uploads/2026/08/1_SERIES_CONEXIONES_INTERNET_FIJA_JUN26_100826.xlsx
12,Magallanes y de la Antártica Chilena,121,Magallanes,12102,Laguna Blanca,44,35,79.5455,reported,regional_formula_block_order,2026-06,https://www.subtel.gob.cl/wp-content/uploads/2026/08/1_SERIES_CONEXIONES_INTERNET_FIJA_JUN26_100826.xlsx
12,Magallanes y de la Antártica Chilena,121,Magallanes,12103,Río Verde,86,47,54.6512,reported,regional_formula_block_order,2026-06,https://www.subtel.gob.cl/wp-content/uploads/2026/08/1_SERIES_CONEXIONES_INTERNET_FIJA_JUN26_100826.xlsx
12,Magallanes y de la Antártica Chilena,121,Magallanes,12104,San Gregorio,129,91,70.5426,reported,regional_formula_block_order,2026-06,https://www.subtel.gob.cl/wp-content/uploads/2026/08/1_SERIES_CONEXIONES_INTERNET_FIJA_JUN26_100826.xlsx
12,Magallanes y de la Antártica Chilena,122,Antártica Chilena,12201,Cabo de Hornos,447,391,87.472,reported,regional_formula_block_order,2026-06,https://www.subtel.gob.cl/wp-content/uploads/2026/08/1_SERIES_CONEXIONES_INTERNET_FIJA_JUN26_100826.xlsx
12,Magallanes y de la Antártica Chilena,122,Antártica Chilena,12202,Antártica,,,,source_blank,regional_formula_block_order,2026-06,https://www.subtel.gob.cl/wp-content/uploads/2026/08/1_SERIES_CONEXIONES_INTERNET_FIJA_JUN26_100826.xlsx
12,Magallanes y de la Antártica Chilena,123,Tierra del Fuego,12301,Porvenir,2167,1976,91.186,reported,regional_formula_block_order,2026-06,https://www.subtel.gob.cl/wp-content/uploads/2026/08/1_SERIES_CONEXIONES_INTERNET_FIJA_JUN26_100826.xlsx
12,Magallanes y de la Antártica Chilena,123,Tierra del Fuego,12302,Primavera,111,87,78.3784,reported,regional_formula_block_order,2026-06,https://www.subtel.gob.cl/wp-content/uploads/2026/08/1_SERIES_CONEXIONES_INTERNET_FIJA_JUN26_100826.xlsx
12,Magallanes y de la Antártica Chilena,123,Tierra del Fuego,12303,Timaukel,69,62,89.8551,reported,regional_formula_block_order,2026-06,https://www.subtel.gob.cl/wp-content/uploads/2026/08/1_SERIES_CONEXIONES_INTERNET_FIJA_JUN26_100826.xlsx
12,Magallanes y de la Antártica Chilena,124,Última Esperanza,12401,Natales,8988,7959,88.5514,reported,regional_formula_block_order,2026-06,https://www.subtel.gob.cl/wp-content/uploads/2026/08/1_SERIES_CONEXIONES_INTERNET_FIJA_JUN26_100826.xlsx
12,Magallanes y de la Antártica Chilena,124,Última Esperanza,12402,Torres del Paine,202,181,89.604,reported,regional_formula_block_order,2026-06,https://www.subtel.gob.cl/wp-content/uploads/2026/08/1_SERIES_CONEXIONES_INTERNET_FIJA_JUN26_100826.xlsx
13,Metropolitana de Santiago,131,Santiago,13101,Santiago,178660,163187,91.3394,reported,regional_formula_block_order,2026-06,https://www.subtel.gob.cl/wp-content/uploads/2026/08/1_SERIES_CONEXIONES_INTERNET_FIJA_JUN26_100826.xlsx
13,Metropolitana de Santiago,131,Santiago,13102,Cerrillos,23924,23034,96.2799,reported,regional_formula_block_order,2026-06,https://www.subtel.gob.cl/wp-content/uploads/2026/08/1_SERIES_CONEXIONES_INTERNET_FIJA_JUN26_100826.xlsx
13,Metropolitana de Santiago,131,Santiago,13103,Cerro Navia,28935,28036,96.893,reported,regional_formula_block_order,2026-06,https://www.subtel.gob.cl/wp-content/uploads/2026/08/1_SERIES_CONEXIONES_INTERNET_FIJA_JUN26_100826.xlsx
13,Metropolitana de Santiago,131,Santiago,13104,Conchalí,30612,29472,96.276,reported,regional_formula_block_order,2026-06,https://www.subtel.gob.cl/wp-content/uploads/2026/08/1_SERIES_CONEXIONES_INTERNET_FIJA_JUN26_100826.xlsx
13,Metropolitana de Santiago,131,Santiago,13105,El Bosque,38115,37551,98.5203,reported,regional_formula_block_order,2026-06,https://www.subtel.gob.cl/wp-content/uploads/2026/08/1_SERIES_CONEXIONES_INTERNET_FIJA_JUN26_100826.xlsx
13,Metropolitana de Santiago,131,Santiago,13106,Estación Central,54990,52965,96.3175,reported,regional_formula_block_order,2026-06,https://www.subtel.gob.cl/wp-content/uploads/2026/08/1_SERIES_CONEXIONES_INTERNET_FIJA_JUN26_100826.xlsx
13,Metropolitana de Santiago,131,Santiago,13107,Huechuraba,28730,26465,92.1163,reported,regional_formula_block_order,2026-06,https://www.subtel.gob.cl/wp-content/uploads/2026/08/1_SERIES_CONEXIONES_INTERNET_FIJA_JUN26_100826.xlsx
13,Metropolitana de Santiago,131,Santiago,13108,Independencia,33736,32105,95.1654,reported,regional_formula_block_order,2026-06,https://www.subtel.gob.cl/wp-content/uploads/2026/08/1_SERIES_CONEXIONES_INTERNET_FIJA_JUN26_100826.xlsx
13,Metropolitana de Santiago,131,Santiago,13109,La Cisterna,35862,34156,95.2429,reported,regional_formula_block_order,2026-06,https://www.subtel.gob.cl/wp-content/uploads/2026/08/1_SERIES_CONEXIONES_INTERNET_FIJA_JUN26_100826.xlsx
13,Metropolitana de Santiago,131,Santiago,13110,La Florida,121607,117258,96.4237,reported,regional_formula_block_order,2026-06,https://www.subtel.gob.cl/wp-content/uploads/2026/08/1_SERIES_CONEXIONES_INTERNET_FIJA_JUN26_100826.xlsx
13,Metropolitana de Santiago,131,Santiago,13111,La Granja,25489,24830,97.4146,reported,regional_formula_block_order,2026-06,https://www.subtel.gob.cl/wp-content/uploads/2026/08/1_SERIES_CONEXIONES_INTERNET_FIJA_JUN26_100826.xlsx
13,Metropolitana de Santiago,131,Santiago,13112,La Pintana,16583,16459,99.2522,reported,regional_formula_block_order,2026-06,https://www.subtel.gob.cl/wp-content/uploads/2026/08/1_SERIES_CONEXIONES_INTERNET_FIJA_JUN26_100826.xlsx
13,Metropolitana de Santiago,131,Santiago,13113,La Reina,29657,27332,92.1604,reported,regional_formula_block_order,2026-06,https://www.subtel.gob.cl/wp-content/uploads/2026/08/1_SERIES_CONEXIONES_INTERNET_FIJA_JUN26_100826.xlsx
13,Metropolitana de Santiago,131,Santiago,13114,Las Condes,126218,111346,88.2172,reported,regional_formula_block_order,2026-06,https://www.subtel.gob.cl/wp-content/uploads/2026/08/1_SERIES_CONEXIONES_INTERNET_FIJA_JUN26_100826.xlsx
13,Metropolitana de Santiago,131,Santiago,13115,Lo Barnechea,31399,28510,90.7991,reported,regional_formula_block_order,2026-06,https://www.subtel.gob.cl/wp-content/uploads/2026/08/1_SERIES_CONEXIONES_INTERNET_FIJA_JUN26_100826.xlsx
13,Metropolitana de Santiago,131,Santiago,13116,Lo Espejo,15628,15328,98.0804,reported,regional_formula_block_order,2026-06,https://www.subtel.gob.cl/wp-content/uploads/2026/08/1_SERIES_CONEXIONES_INTERNET_FIJA_JUN26_100826.xlsx
13,Metropolitana de Santiago,131,Santiago,13117,Lo Prado,22468,21938,97.6411,reported,regional_formula_block_order,2026-06,https://www.subtel.gob.cl/wp-content/uploads/2026/08/1_SERIES_CONEXIONES_INTERNET_FIJA_JUN26_100826.xlsx
13,Metropolitana de Santiago,131,Santiago,13118,Macul,42651,40554,95.0834,reported,regional_formula_block_order,2026-06,https://www.subtel.gob.cl/wp-content/uploads/2026/08/1_SERIES_CONEXIONES_INTERNET_FIJA_JUN26_100826.xlsx
13,Metropolitana de Santiago,131,Santiago,13119,Maipú,149054,144705,97.0823,reported,regional_formula_block_order,2026-06,https://www.subtel.gob.cl/wp-content/uploads/2026/08/1_SERIES_CONEXIONES_INTERNET_FIJA_JUN26_100826.xlsx
13,Metropolitana de Santiago,131,Santiago,13120,Ñuñoa,109235,102785,94.0953,reported,regional_formula_block_order,2026-06,https://www.subtel.gob.cl/wp-content/uploads/2026/08/1_SERIES_CONEXIONES_INTERNET_FIJA_JUN26_100826.xlsx
13,Metropolitana de Santiago,131,Santiago,13121,Pedro Aguirre Cerda,23278,22636,97.242,reported,regional_formula_block_order,2026-06,https://www.subtel.gob.cl/wp-content/uploads/2026/08/1_SERIES_CONEXIONES_INTERNET_FIJA_JUN26_100826.xlsx
13,Metropolitana de Santiago,131,Santiago,13122,Peñalolén,57580,55481,96.3546,reported,regional_formula_block_order,2026-06,https://www.subtel.gob.cl/wp-content/uploads/2026/08/1_SERIES_CONEXIONES_INTERNET_FIJA_JUN26_100826.xlsx
13,Metropolitana de Santiago,131,Santiago,13123,Providencia,75627,63116,83.457,reported,regional_formula_block_order,2026-06,https://www.subtel.gob.cl/wp-content/uploads/2026/08/1_SERIES_CONEXIONES_INTERNET_FIJA_JUN26_100826.xlsx
13,Metropolitana de Santiago,131,Santiago,13124,Pudahuel,59738,57296,95.9121,reported,regional_formula_block_order,2026-06,https://www.subtel.gob.cl/wp-content/uploads/2026/08/1_SERIES_CONEXIONES_INTERNET_FIJA_JUN26_100826.xlsx
13,Metropolitana de Santiago,131,Santiago,13125,Quilicura,51205,48973,95.6411,reported,regional_formula_block_order,2026-06,https://www.subtel.gob.cl/wp-content/uploads/2026/08/1_SERIES_CONEXIONES_INTERNET_FIJA_JUN26_100826.xlsx
13,Metropolitana de Santiago,131,Santiago,13126,Quinta Normal,35971,33639,93.517,reported,regional_formula_block_order,2026-06,https://www.subtel.gob.cl/wp-content/uploads/2026/08/1_SERIES_CONEXIONES_INTERNET_FIJA_JUN26_100826.xlsx
13,Metropolitana de Santiago,131,Santiago,13127,Recoleta,39160,36369,92.8728,reported,regional_formula_block_order,2026-06,https://www.subtel.gob.cl/wp-content/uploads/2026/08/1_SERIES_CONEXIONES_INTERNET_FIJA_JUN26_100826.xlsx
13,Metropolitana de Santiago,131,Santiago,13128,Renca,34589,33227,96.0623,reported,regional_formula_block_order,2026-06,https://www.subtel.gob.cl/wp-content/uploads/2026/08/1_SERIES_CONEXIONES_INTERNET_FIJA_JUN26_100826.xlsx
13,Metropolitana de Santiago,131,Santiago,13129,San Joaquín,26802,25433,94.8922,reported,regional_formula_block_order,2026-06,https://www.subtel.gob.cl/wp-content/uploads/2026/08/1_SERIES_CONEXIONES_INTERNET_FIJA_JUN26_100826.xlsx
13,Metropolitana de Santiago,131,Santiago,13130,San Miguel,55879,52944,94.7476,reported,regional_formula_block_order,2026-06,https://www.subtel.gob.cl/wp-content/uploads/2026/08/1_SERIES_CONEXIONES_INTERNET_FIJA_JUN26_100826.xlsx
13,Metropolitana de Santiago,131,Santiago,13131,San Ramón,15052,14709,97.7212,reported,regional_formula_block_order,2026-06,https://www.subtel.gob.cl/wp-content/uploads/2026/08/1_SERIES_CONEXIONES_INTERNET_FIJA_JUN26_100826.xlsx
13,Metropolitana de Santiago,131,Santiago,13132,Vitacura,37041,31810,85.8778,reported,regional_formula_block_order,2026-06,https://www.subtel.gob.cl/wp-content/uploads/2026/08/1_SERIES_CONEXIONES_INTERNET_FIJA_JUN26_100826.xlsx
13,Metropolitana de Santiago,132,Cordillera,13201,Puente Alto,144125,140600,97.5542,reported,regional_formula_block_order,2026-06,https://www.subtel.gob.cl/wp-content/uploads/2026/08/1_SERIES_CONEXIONES_INTERNET_FIJA_JUN26_100826.xlsx
13,Metropolitana de Santiago,132,Cordillera,13202,Pirque,4436,4338,97.7908,reported,regional_formula_block_order,2026-06,https://www.subtel.gob.cl/wp-content/uploads/2026/08/1_SERIES_CONEXIONES_INTERNET_FIJA_JUN26_100826.xlsx
13,Metropolitana de Santiago,132,Cordillera,13203,San José de Maipo,2178,2079,95.4545,reported,regional_formula_block_order,2026-06,https://www.subtel.gob.cl/wp-content/uploads/2026/08/1_SERIES_CONEXIONES_INTERNET_FIJA_JUN26_100826.xlsx
13,Metropolitana de Santiago,133,Chacabuco,13301,Colina,41205,39273,95.3112,reported,regional_formula_block_order,2026-06,https://www.subtel.gob.cl/wp-content/uploads/2026/08/1_SERIES_CONEXIONES_INTERNET_FIJA_JUN26_100826.xlsx
13,Metropolitana de Santiago,133,Chacabuco,13302,Lampa,23878,22659,94.8949,reported,regional_formula_block_order,2026-06,https://www.subtel.gob.cl/wp-content/uploads/2026/08/1_SERIES_CONEXIONES_INTERNET_FIJA_JUN26_100826.xlsx
13,Metropolitana de Santiago,133,Chacabuco,13303,Tiltil,3686,3593,97.4769,reported,regional_formula_block_order,2026-06,https://www.subtel.gob.cl/wp-content/uploads/2026/08/1_SERIES_CONEXIONES_INTERNET_FIJA_JUN26_100826.xlsx
13,Metropolitana de Santiago,134,Maipo,13401,San Bernardo,69855,67734,96.9637,reported,regional_formula_block_order,2026-06,https://www.subtel.gob.cl/wp-content/uploads/2026/08/1_SERIES_CONEXIONES_INTERNET_FIJA_JUN26_100826.xlsx
13,Metropolitana de Santiago,134,Maipo,13402,Buin,21829,21062,96.4863,reported,regional_formula_block_order,2026-06,https://www.subtel.gob.cl/wp-content/uploads/2026/08/1_SERIES_CONEXIONES_INTERNET_FIJA_JUN26_100826.xlsx
13,Metropolitana de Santiago,134,Maipo,13403,Calera de Tango,4046,3962,97.9239,reported,regional_formula_block_order,2026-06,https://www.subtel.gob.cl/wp-content/uploads/2026/08/1_SERIES_CONEXIONES_INTERNET_FIJA_JUN26_100826.xlsx
13,Metropolitana de Santiago,134,Maipo,13404,Paine,8408,8141,96.8245,reported,regional_formula_block_order,2026-06,https://www.subtel.gob.cl/wp-content/uploads/2026/08/1_SERIES_CONEXIONES_INTERNET_FIJA_JUN26_100826.xlsx
13,Metropolitana de Santiago,135,Melipilla,13501,Melipilla,20068,19353,96.4371,reported,regional_formula_block_order,2026-06,https://www.subtel.gob.cl/wp-content/uploads/2026/08/1_SERIES_CONEXIONES_INTERNET_FIJA_JUN26_100826.xlsx
13,Metropolitana de Santiago,135,Melipilla,13502,Alhué,2768,2733,98.7355,reported,regional_formula_block_order,2026-06,https://www.subtel.gob.cl/wp-content/uploads/2026/08/1_SERIES_CONEXIONES_INTERNET_FIJA_JUN26_100826.xlsx
13,Metropolitana de Santiago,135,Melipilla,13503,Curacaví,4425,4287,96.8814,reported,regional_formula_block_order,2026-06,https://www.subtel.gob.cl/wp-content/uploads/2026/08/1_SERIES_CONEXIONES_INTERNET_FIJA_JUN26_100826.xlsx
13,Metropolitana de Santiago,135,Melipilla,13504,María Pinto,3291,3169,96.2929,reported,regional_formula_block_order,2026-06,https://www.subtel.gob.cl/wp-content/uploads/2026/08/1_SERIES_CONEXIONES_INTERNET_FIJA_JUN26_100826.xlsx
13,Metropolitana de Santiago,135,Melipilla,13505,San Pedro,634,600,94.6372,reported,regional_formula_block_order,2026-06,https://www.subtel.gob.cl/wp-content/uploads/2026/08/1_SERIES_CONEXIONES_INTERNET_FIJA_JUN26_100826.xlsx
13,Metropolitana de Santiago,136,Talagante,13601,Talagante,15978,15347,96.0508,reported,regional_formula_block_order,2026-06,https://www.subtel.gob.cl/wp-content/uploads/2026/08/1_SERIES_CONEXIONES_INTERNET_FIJA_JUN26_100826.xlsx
13,Metropolitana de Santiago,136,Talagante,13602,El Monte,6769,6697,98.9363,reported,regional_formula_block_order,2026-06,https://www.subtel.gob.cl/wp-content/uploads/2026/08/1_SERIES_CONEXIONES_INTERNET_FIJA_JUN26_100826.xlsx
13,Metropolitana de Santiago,136,Talagante,13603,Isla de Maipo,6569,6414,97.6404,reported,regional_formula_block_order,2026-06,https://www.subtel.gob.cl/wp-content/uploads/2026/08/1_SERIES_CONEXIONES_INTERNET_FIJA_JUN26_100826.xlsx
13,Metropolitana de Santiago,136,Talagante,13604,Padre Hurtado,23070,22466,97.3819,reported,regional_formula_block_order,2026-06,https://www.subtel.gob.cl/wp-content/uploads/2026/08/1_SERIES_CONEXIONES_INTERNET_FIJA_JUN26_100826.xlsx
13,Metropolitana de Santiago,136,Talagante,13605,Peñaflor,24193,23410,96.7635,reported,regional_formula_block_order,2026-06,https://www.subtel.gob.cl/wp-content/uploads/2026/08/1_SERIES_CONEXIONES_INTERNET_FIJA_JUN26_100826.xlsx
14,Los Ríos,141,Valdivia,14101,Valdivia,50119,48262,96.2948,reported,regional_formula_block_order,2026-06,https://www.subtel.gob.cl/wp-content/uploads/2026/08/1_SERIES_CONEXIONES_INTERNET_FIJA_JUN26_100826.xlsx
14,Los Ríos,141,Valdivia,14102,Corral,506,468,92.4901,reported,regional_formula_block_order,2026-06,https://www.subtel.gob.cl/wp-content/uploads/2026/08/1_SERIES_CONEXIONES_INTERNET_FIJA_JUN26_100826.xlsx
14,Los Ríos,141,Valdivia,14103,Lanco,2776,2727,98.2349,reported,regional_formula_block_order,2026-06,https://www.subtel.gob.cl/wp-content/uploads/2026/08/1_SERIES_CONEXIONES_INTERNET_FIJA_JUN26_100826.xlsx
14,Los Ríos,141,Valdivia,14104,Los Lagos,2559,2479,96.8738,reported,regional_formula_block_order,2026-06,https://www.subtel.gob.cl/wp-content/uploads/2026/08/1_SERIES_CONEXIONES_INTERNET_FIJA_JUN26_100826.xlsx
14,Los Ríos,141,Valdivia,14105,Máfil,1193,1162,97.4015,reported,regional_formula_block_order,2026-06,https://www.subtel.gob.cl/wp-content/uploads/2026/08/1_SERIES_CONEXIONES_INTERNET_FIJA_JUN26_100826.xlsx
14,Los Ríos,141,Valdivia,14106,Mariquina,3983,3861,96.937,reported,regional_formula_block_order,2026-06,https://www.subtel.gob.cl/wp-content/uploads/2026/08/1_SERIES_CONEXIONES_INTERNET_FIJA_JUN26_100826.xlsx
14,Los Ríos,141,Valdivia,14107,Paillaco,3064,2984,97.389,reported,regional_formula_block_order,2026-06,https://www.subtel.gob.cl/wp-content/uploads/2026/08/1_SERIES_CONEXIONES_INTERNET_FIJA_JUN26_100826.xlsx
14,Los Ríos,141,Valdivia,14108,Panguipulli,5302,5101,96.209,reported,regional_formula_block_order,2026-06,https://www.subtel.gob.cl/wp-content/uploads/2026/08/1_SERIES_CONEXIONES_INTERNET_FIJA_JUN26_100826.xlsx
14,Los Ríos,142,Ranco,14201,La Unión,9018,8741,96.9284,reported,regional_formula_block_order,2026-06,https://www.subtel.gob.cl/wp-content/uploads/2026/08/1_SERIES_CONEXIONES_INTERNET_FIJA_JUN26_100826.xlsx
14,Los Ríos,142,Ranco,14202,Futrono,1703,1665,97.7686,reported,regional_formula_block_order,2026-06,https://www.subtel.gob.cl/wp-content/uploads/2026/08/1_SERIES_CONEXIONES_INTERNET_FIJA_JUN26_100826.xlsx
14,Los Ríos,142,Ranco,14203,Lago Ranco,951,917,96.4248,reported,regional_formula_block_order,2026-06,https://www.subtel.gob.cl/wp-content/uploads/2026/08/1_SERIES_CONEXIONES_INTERNET_FIJA_JUN26_100826.xlsx
14,Los Ríos,142,Ranco,14204,Río Bueno,5783,5637,97.4754,reported,regional_formula_block_order,2026-06,https://www.subtel.gob.cl/wp-content/uploads/2026/08/1_SERIES_CONEXIONES_INTERNET_FIJA_JUN26_100826.xlsx
15,Arica y Parinacota,151,Arica,15101,Arica,59011,55782,94.5281,reported,regional_formula_block_order,2026-06,https://www.subtel.gob.cl/wp-content/uploads/2026/08/1_SERIES_CONEXIONES_INTERNET_FIJA_JUN26_100826.xlsx
15,Arica y Parinacota,151,Arica,15102,Camarones,78,57,73.0769,reported,regional_formula_block_order,2026-06,https://www.subtel.gob.cl/wp-content/uploads/2026/08/1_SERIES_CONEXIONES_INTERNET_FIJA_JUN26_100826.xlsx
15,Arica y Parinacota,152,Parinacota,15201,Putre,129,80,62.0155,reported,regional_formula_block_order,2026-06,https://www.subtel.gob.cl/wp-content/uploads/2026/08/1_SERIES_CONEXIONES_INTERNET_FIJA_JUN26_100826.xlsx
15,Arica y Parinacota,152,Parinacota,15202,General Lagos,1128,1010,89.539,reported,regional_formula_block_order,2026-06,https://www.subtel.gob.cl/wp-content/uploads/2026/08/1_SERIES_CONEXIONES_INTERNET_FIJA_JUN26_100826.xlsx
16,Ñuble,161,Diguillín,16101,Chillán,56979,54343,95.3737,reported,regional_formula_block_order,2026-06,https://www.subtel.gob.cl/wp-content/uploads/2026/08/1_SERIES_CONEXIONES_INTERNET_FIJA_JUN26_100826.xlsx
16,Ñuble,161,Diguillín,16102,Bulnes,3760,3680,97.8723,reported,regional_formula_block_order,2026-06,https://www.subtel.gob.cl/wp-content/uploads/2026/08/1_SERIES_CONEXIONES_INTERNET_FIJA_JUN26_100826.xlsx
16,Ñuble,161,Diguillín,16103,Chillán Viejo,10946,10452,95.4869,reported,regional_formula_block_order,2026-06,https://www.subtel.gob.cl/wp-content/uploads/2026/08/1_SERIES_CONEXIONES_INTERNET_FIJA_JUN26_100826.xlsx
16,Ñuble,161,Diguillín,16104,El Carmen,674,660,97.9228,reported,regional_formula_block_order,2026-06,https://www.subtel.gob.cl/wp-content/uploads/2026/08/1_SERIES_CONEXIONES_INTERNET_FIJA_JUN26_100826.xlsx
16,Ñuble,161,Diguillín,16105,Pemuco,914,884,96.7177,reported,regional_formula_block_order,2026-06,https://www.subtel.gob.cl/wp-content/uploads/2026/08/1_SERIES_CONEXIONES_INTERNET_FIJA_JUN26_100826.xlsx
16,Ñuble,161,Diguillín,16106,Pinto,2458,2440,99.2677,reported,regional_formula_block_order,2026-06,https://www.subtel.gob.cl/wp-content/uploads/2026/08/1_SERIES_CONEXIONES_INTERNET_FIJA_JUN26_100826.xlsx
16,Ñuble,161,Diguillín,16107,Quillón,3284,3224,98.173,reported,regional_formula_block_order,2026-06,https://www.subtel.gob.cl/wp-content/uploads/2026/08/1_SERIES_CONEXIONES_INTERNET_FIJA_JUN26_100826.xlsx
16,Ñuble,161,Diguillín,16108,San Ignacio,1265,1252,98.9723,reported,regional_formula_block_order,2026-06,https://www.subtel.gob.cl/wp-content/uploads/2026/08/1_SERIES_CONEXIONES_INTERNET_FIJA_JUN26_100826.xlsx
16,Ñuble,161,Diguillín,16109,Yungay,2795,2756,98.6047,reported,regional_formula_block_order,2026-06,https://www.subtel.gob.cl/wp-content/uploads/2026/08/1_SERIES_CONEXIONES_INTERNET_FIJA_JUN26_100826.xlsx
16,Ñuble,162,Itata,16201,Quirihue,990,958,96.7677,reported,regional_formula_block_order,2026-06,https://www.subtel.gob.cl/wp-content/uploads/2026/08/1_SERIES_CONEXIONES_INTERNET_FIJA_JUN26_100826.xlsx
16,Ñuble,162,Itata,16202,Cobquecura,839,817,97.3778,reported,regional_formula_block_order,2026-06,https://www.subtel.gob.cl/wp-content/uploads/2026/08/1_SERIES_CONEXIONES_INTERNET_FIJA_JUN26_100826.xlsx
16,Ñuble,162,Itata,16203,Coelemu,2827,2798,98.9742,reported,regional_formula_block_order,2026-06,https://www.subtel.gob.cl/wp-content/uploads/2026/08/1_SERIES_CONEXIONES_INTERNET_FIJA_JUN26_100826.xlsx
16,Ñuble,162,Itata,16204,Ninhue,374,361,96.5241,reported,regional_formula_block_order,2026-06,https://www.subtel.gob.cl/wp-content/uploads/2026/08/1_SERIES_CONEXIONES_INTERNET_FIJA_JUN26_100826.xlsx
16,Ñuble,162,Itata,16205,Portezuelo,330,318,96.3636,reported,regional_formula_block_order,2026-06,https://www.subtel.gob.cl/wp-content/uploads/2026/08/1_SERIES_CONEXIONES_INTERNET_FIJA_JUN26_100826.xlsx
16,Ñuble,162,Itata,16206,Ránquil,686,655,95.481,reported,regional_formula_block_order,2026-06,https://www.subtel.gob.cl/wp-content/uploads/2026/08/1_SERIES_CONEXIONES_INTERNET_FIJA_JUN26_100826.xlsx
16,Ñuble,162,Itata,16207,Trehuaco,464,449,96.7672,reported,regional_formula_block_order,2026-06,https://www.subtel.gob.cl/wp-content/uploads/2026/08/1_SERIES_CONEXIONES_INTERNET_FIJA_JUN26_100826.xlsx
16,Ñuble,163,Punilla,16301,San Carlos,9959,9517,95.5618,reported,regional_formula_block_order,2026-06,https://www.subtel.gob.cl/wp-content/uploads/2026/08/1_SERIES_CONEXIONES_INTERNET_FIJA_JUN26_100826.xlsx
16,Ñuble,163,Punilla,16302,Coihueco,1568,1527,97.3852,reported,regional_formula_block_order,2026-06,https://www.subtel.gob.cl/wp-content/uploads/2026/08/1_SERIES_CONEXIONES_INTERNET_FIJA_JUN26_100826.xlsx
16,Ñuble,163,Punilla,16303,Ñiquén,370,364,98.3784,reported,regional_formula_block_order,2026-06,https://www.subtel.gob.cl/wp-content/uploads/2026/08/1_SERIES_CONEXIONES_INTERNET_FIJA_JUN26_100826.xlsx
16,Ñuble,163,Punilla,16304,San Fabián,714,703,98.4594,reported,regional_formula_block_order,2026-06,https://www.subtel.gob.cl/wp-content/uploads/2026/08/1_SERIES_CONEXIONES_INTERNET_FIJA_JUN26_100826.xlsx
16,Ñuble,163,Punilla,16305,San Nicolás,663,648,97.7376,reported,regional_formula_block_order,2026-06,https://www.subtel.gob.cl/wp-content/uploads/2026/08/1_SERIES_CONEXIONES_INTERNET_FIJA_JUN26_100826.xlsx
