region,region_nombre,provincia,provincia_nombre,comuna,comuna_nombre,censo_2024_households,censo_2024_rural_households_pct,fixed_total_2024m06,fixed_residential_2024m06,fixed_residential_per_100_censo_households_2024m06,source_status_2024m06,fixed_total_2025m06,fixed_residential_2025m06,fixed_residential_per_100_censo_households_2025m06,source_status_2025m06,fixed_total_2026m06,fixed_residential_2026m06,fixed_residential_per_100_censo_households_2026m06,source_status_2026m06,fixed_residential_change_2024m06_to_2025m06,fixed_residential_growth_pct_2024m06_to_2025m06,fixed_residential_intensity_change_pp_2024m06_to_2025m06,fixed_residential_change_2025m06_to_2026m06,fixed_residential_growth_pct_2025m06_to_2026m06,fixed_residential_intensity_change_pp_2025m06_to_2026m06,fixed_residential_change_2024m06_to_2026m06,fixed_residential_growth_pct_2024m06_to_2026m06,fixed_residential_intensity_change_pp_2024m06_to_2026m06
1,Tarapacá,11,Iquique,1101,Iquique,71344,1.7479,57691,51083,71.601,reported,58661,51963,72.8344,reported,64702,52189,73.1512,reported,880,1.7227,1.2335,226,0.4349,0.3168,1106,2.1651,1.5502
1,Tarapacá,11,Iquique,1107,Alto Hospicio,42399,0.408,22752,21562,50.855,reported,24728,23435,55.2725,reported,25231,24031,56.6782,reported,1873,8.6866,4.4176,596,2.5432,1.4057,2469,11.4507,5.8233
1,Tarapacá,14,Del Tamarugal,1401,Pozo Almonte,5675,20.7048,2016,1760,31.0132,reported,2222,1923,33.8855,reported,2965,2654,46.7665,reported,163,9.2614,2.8722,731,38.0135,12.8811,894,50.7955,15.7533
1,Tarapacá,14,Del Tamarugal,1402,Camiña,489,100.0,28,19,3.8855,reported,45,24,4.908,reported,65,47,9.6115,reported,5,26.3158,1.0225,23,95.8333,4.7035,28,147.3684,5.726
1,Tarapacá,14,Del Tamarugal,1403,Colchane,353,100.0,57,49,13.881,reported,157,128,36.2606,reported,157,129,36.5439,reported,79,161.2245,22.3796,1,0.7812,0.2833,80,163.2653,22.6629
1,Tarapacá,14,Del Tamarugal,1404,Huara,1039,57.9403,97,77,7.411,reported,119,89,8.5659,reported,374,318,30.6064,reported,12,15.5844,1.155,229,257.3034,22.0404,241,312.987,23.1954
1,Tarapacá,14,Del Tamarugal,1405,Pica,2184,29.5788,216,161,7.3718,reported,276,207,9.478,reported,828,722,33.0586,reported,46,28.5714,2.1062,515,248.7923,23.5806,561,348.4472,25.6868
2,Antofagasta,21,Antofagasta,2101,Antofagasta,135023,0.4244,116484,107517,79.6287,reported,118881,109846,81.3535,reported,121033,112585,83.3821,reported,2329,2.1662,1.7249,2739,2.4935,2.0285,5068,4.7137,3.7534
2,Antofagasta,21,Antofagasta,2102,Mejillones,4774,4.2103,2632,2376,49.7696,reported,3019,2734,57.2685,reported,3213,2875,60.222,reported,358,15.0673,7.499,141,5.1573,2.9535,499,21.0017,10.4525
2,Antofagasta,21,Antofagasta,2103,Sierra Gorda,487,100.0,548,452,92.8131,reported,762,581,119.3018,reported,961,737,151.3347,reported,129,28.5398,26.4887,156,26.8503,32.0329,285,63.0531,58.5216
2,Antofagasta,21,Antofagasta,2104,Taltal,4129,8.5493,2262,2084,50.4723,reported,2416,2220,53.766,reported,3321,3081,74.6186,reported,136,6.5259,3.2938,861,38.7838,20.8525,997,47.8407,24.1463
2,Antofagasta,22,El Loa,2201,Calama,56541,2.7201,46731,43989,77.8002,reported,48105,45246,80.0233,reported,48010,45296,80.1118,reported,1257,2.8575,2.2232,50,0.1105,0.0884,1307,2.9712,2.3116
2,Antofagasta,22,El Loa,2202,Ollagüe,102,100.0,17,15,14.7059,reported,47,31,30.3922,reported,74,51,50.0,reported,16,106.6667,15.6863,20,64.5161,19.6078,36,240.0,35.2941
2,Antofagasta,22,El Loa,2203,San Pedro de Atacama,3919,37.6882,809,581,14.8252,reported,1149,978,24.9553,reported,1792,1619,41.3116,reported,397,68.3305,10.1301,641,65.5419,16.3562,1038,178.6575,26.4863
2,Antofagasta,23,Tocopilla,2301,Tocopilla,8811,5.0846,6225,5807,65.9063,reported,6498,6060,68.7777,reported,6793,6414,72.7954,reported,253,4.3568,2.8714,354,5.8416,4.0177,607,10.4529,6.8891
2,Antofagasta,23,Tocopilla,2302,María Elena,1649,6.4281,290,232,14.0691,reported,414,349,21.1643,reported,1797,1632,98.9691,reported,117,50.431,7.0952,1283,367.6218,77.8047,1400,603.4483,84.8999
3,Atacama,31,Copiapó,3101,Copiapó,57356,3.9054,43983,41221,71.8687,reported,45755,43177,75.279,reported,46441,44101,76.89,reported,1956,4.7452,3.4103,924,2.14,1.611,2880,6.9867,5.0213
3,Atacama,31,Copiapó,3102,Caldera,6984,12.7721,3757,3566,51.0596,reported,3994,3807,54.5103,reported,5264,5076,72.6804,reported,241,6.7583,3.4507,1269,33.3333,18.1701,1510,42.3444,21.6208
3,Atacama,31,Copiapó,3103,Tierra Amarilla,3889,24.3764,1118,1031,26.5107,reported,1316,1180,30.342,reported,2386,2233,57.4184,reported,149,14.452,3.8313,1053,89.2373,27.0764,1202,116.5858,30.9077
3,Atacama,32,Chañaral,3201,Chañaral,4415,17.4405,762,691,15.6512,reported,2000,1932,43.7599,reported,2534,2455,55.6059,reported,1241,179.5948,28.1087,523,27.0704,11.846,1764,255.2822,39.9547
3,Atacama,32,Chañaral,3202,Diego de Almagro,4168,5.3983,2080,1891,45.3695,reported,2259,2012,48.2726,reported,2514,2253,54.0547,reported,121,6.3987,2.9031,241,11.9781,5.7821,362,19.1433,8.6852
3,Atacama,33,Huasco,3301,Vallenar,18778,17.3181,12984,12065,64.2507,reported,13341,12475,66.4341,reported,14239,13383,71.2696,reported,410,3.3983,2.1834,908,7.2786,4.8354,1318,10.9242,7.0189
3,Atacama,33,Huasco,3302,Alto del Carmen,1922,100.0,90,82,4.2664,reported,171,143,7.4402,reported,248,217,11.2903,reported,61,74.3902,3.1738,74,51.7483,3.8502,135,164.6341,7.0239
3,Atacama,33,Huasco,3303,Freirina,2736,41.0088,183,174,6.3596,reported,250,229,8.3699,reported,402,377,13.7792,reported,55,31.6092,2.0102,148,64.6288,5.4094,203,116.6667,7.4196
3,Atacama,33,Huasco,3304,Huasco,3491,18.5907,1102,1025,29.3612,reported,1400,1300,37.2386,reported,1654,1545,44.2567,reported,275,26.8293,7.8774,245,18.8462,7.018,520,50.7317,14.8954
4,Coquimbo,41,Elqui,4101,La Serena,86795,10.723,75536,70597,81.3376,reported,77330,72556,83.5947,reported,81410,76782,88.4636,reported,1959,2.7749,2.257,4226,5.8245,4.8689,6185,8.761,7.126
4,Coquimbo,41,Elqui,4102,Coquimbo,90296,7.1354,72110,68596,75.9679,reported,73202,70029,77.5549,reported,75055,72138,79.8906,reported,1433,2.089,1.587,2109,3.0116,2.3357,3542,5.1636,3.9227
4,Coquimbo,41,Elqui,4103,Andacollo,4067,19.0312,1366,1331,32.7268,reported,1567,1539,37.8412,reported,1763,1732,42.5867,reported,208,15.6273,5.1143,193,12.5406,4.7455,401,30.1277,9.8598
4,Coquimbo,41,Elqui,4104,La Higuera,1626,77.7368,267,257,15.8057,reported,364,349,21.4637,reported,478,454,27.9213,reported,92,35.7977,5.6581,105,30.086,6.4576,197,76.6537,12.1156
4,Coquimbo,41,Elqui,4105,Paihuano,1870,100.0,105,87,4.6524,reported,153,131,7.0053,reported,209,181,9.6791,reported,44,50.5747,2.3529,50,38.1679,2.6738,94,108.046,5.0267
4,Coquimbo,41,Elqui,4106,Vicuña,9842,42.2678,2841,2708,27.5147,reported,3041,2919,29.6586,reported,3295,3153,32.0362,reported,211,7.7917,2.1439,234,8.0164,2.3776,445,16.4328,4.5214
4,Coquimbo,42,Choapa,4201,Illapel,11593,36.8498,4743,4462,38.4887,reported,5124,4856,41.8873,reported,5407,5148,44.4061,reported,394,8.8301,3.3986,292,6.0132,2.5188,686,15.3743,5.9174
4,Coquimbo,42,Choapa,4202,Canela,3779,79.9418,805,788,20.8521,reported,1004,981,25.9592,reported,1227,1203,31.8338,reported,193,24.4924,5.1072,222,22.63,5.8746,415,52.665,10.9817
4,Coquimbo,42,Choapa,4203,Los Vilos,8543,21.6669,5186,4891,57.2516,reported,5622,5376,62.9287,reported,6007,5741,67.2012,reported,485,9.9162,5.6772,365,6.7894,4.2725,850,17.3789,9.9497
4,Coquimbo,42,Choapa,4204,Salamanca,10058,44.9592,1836,1696,16.8622,reported,2050,1921,19.0992,reported,2361,2185,21.724,reported,225,13.2665,2.237,264,13.7428,2.6248,489,28.8325,4.8618
4,Coquimbo,43,Limarí,4301,Ovalle,42363,20.9947,21055,19507,46.0473,reported,21700,20194,47.669,reported,21590,20176,47.6265,reported,687,3.5218,1.6217,-18,-0.0891,-0.0425,669,3.4295,1.5792
4,Coquimbo,43,Limarí,4302,Combarbalá,5256,60.3311,1200,1151,21.8988,reported,1370,1290,24.5434,reported,1482,1403,26.6933,reported,139,12.0765,2.6446,113,8.7597,2.1499,252,21.894,4.7945
4,Coquimbo,43,Limarí,4303,Monte Patria,11220,56.2656,1617,1585,14.1266,reported,2106,2016,17.9679,reported,2417,2324,20.713,reported,431,27.1924,3.8414,308,15.2778,2.7451,739,46.6246,6.5865
4,Coquimbo,43,Limarí,4304,Punitaqui,4463,55.8817,827,807,18.082,reported,1155,1109,24.8488,reported,1301,1251,28.0305,reported,302,37.4226,6.7667,142,12.8043,3.1817,444,55.0186,9.9485
4,Coquimbo,43,Limarí,4305,Río Hurtado,1882,100.0,46,39,2.0723,reported,100,65,3.4538,reported,186,152,8.0765,reported,26,66.6667,1.3815,87,133.8462,4.6227,113,289.7436,6.0043
5,Valparaíso,51,Valparaíso,5101,Valparaíso,109579,0.5622,86297,81464,74.3427,reported,87777,83185,75.9133,reported,88564,84221,76.8587,reported,1721,2.1126,1.5706,1036,1.2454,0.9454,2757,3.3843,2.516
5,Valparaíso,51,Valparaíso,5102,Casablanca,10603,37.2913,5277,5023,47.3734,reported,5650,5388,50.8158,reported,6291,6001,56.5972,reported,365,7.2666,3.4424,613,11.3771,5.7814,978,19.4704,9.2238
5,Valparaíso,51,Valparaíso,5103,Concón,18259,8.1713,20576,18911,103.5708,reported,20920,19063,104.4033,reported,20623,18873,103.3627,reported,152,0.8038,0.8325,-190,-0.9967,-1.0406,-38,-0.2009,-0.2081
5,Valparaíso,51,Valparaíso,5104,Juan Fernández,376,100.0,149,145,38.5638,reported,182,167,44.4149,reported,241,224,59.5745,reported,22,15.1724,5.8511,57,34.1317,15.1596,79,54.4828,21.0106
5,Valparaíso,51,Valparaíso,5105,Puchuncaví,8504,15.8984,7201,7088,83.349,reported,8160,8042,94.5673,reported,8824,8685,102.1284,reported,954,13.4594,11.2183,643,7.9955,7.5611,1597,22.531,18.7794
5,Valparaíso,51,Valparaíso,5107,Quintero,13113,18.2109,8656,8277,63.1206,reported,9200,8849,67.4827,reported,9370,9044,68.9697,reported,572,6.9107,4.3621,195,2.2036,1.4871,767,9.2666,5.8492
5,Valparaíso,51,Valparaíso,5109,Viña del Mar,132347,0.0929,120549,113056,85.4239,reported,123398,115508,87.2766,reported,126457,118570,89.5902,reported,2452,2.1688,1.8527,3062,2.6509,2.3136,5514,4.8772,4.1663
5,Valparaíso,52,Isla de Pascua,5201,Isla de Pascua,2077,6.0183,1267,1202,57.8719,reported,1912,1829,88.0597,reported,2673,2584,124.4102,reported,627,52.1631,30.1878,755,41.2794,36.3505,1382,114.975,66.5383
5,Valparaíso,53,Los Andes,5301,Los Andes,23192,6.2306,20767,19331,83.352,reported,21243,19895,85.7839,reported,22450,21066,90.833,reported,564,2.9176,2.4319,1171,5.8859,5.0492,1735,8.9752,7.481
5,Valparaíso,53,Los Andes,5302,Calle Larga,5769,26.5384,3073,2961,51.3261,reported,3638,3522,61.0504,reported,4448,4298,74.5016,reported,561,18.9463,9.7244,776,22.0329,13.4512,1337,45.1537,23.1756
5,Valparaíso,53,Los Andes,5303,Rinconada,4046,23.8507,2635,2561,63.2971,reported,2870,2793,69.0311,reported,3044,2957,73.0845,reported,232,9.059,5.7341,164,5.8718,4.0534,396,15.4627,9.7874
5,Valparaíso,53,Los Andes,5304,San Esteban,7132,45.2328,3781,3683,51.6405,reported,3954,3853,54.0241,reported,4196,4062,56.9546,reported,170,4.6158,2.3836,209,5.4243,2.9305,379,10.2905,5.3141
5,Valparaíso,54,Petorca,5401,La Ligua,14322,35.8958,6874,6602,46.0969,reported,7693,7425,51.8433,reported,8068,7796,54.4337,reported,823,12.4659,5.7464,371,4.9966,2.5904,1194,18.0854,8.3368
5,Valparaíso,54,Petorca,5402,Cabildo,6779,41.6581,2385,2301,33.9431,reported,2517,2435,35.9198,reported,2592,2509,37.0114,reported,134,5.8236,1.9767,74,3.039,1.0916,208,9.0395,3.0683
5,Valparaíso,54,Petorca,5403,Papudo,2715,22.0994,1655,1531,56.3904,reported,1924,1792,66.0037,reported,2755,2558,94.2173,reported,261,17.0477,9.6133,766,42.7455,28.2136,1027,67.0803,37.8269
5,Valparaíso,54,Petorca,5404,Petorca,3820,62.6702,296,282,7.3822,reported,332,318,8.3246,reported,375,359,9.3979,reported,36,12.766,0.9424,41,12.8931,1.0733,77,27.305,2.0157
5,Valparaíso,54,Petorca,5405,Zapallar,2815,38.6501,2601,2399,85.222,reported,2997,2796,99.325,reported,3423,3196,113.5346,reported,397,16.5486,14.103,400,14.3062,14.2096,797,33.2222,28.3126
5,Valparaíso,55,Quillota,5501,Quillota,33899,13.6081,26306,24880,73.3945,reported,27246,25891,76.3769,reported,27393,26183,77.2383,reported,1011,4.0635,2.9824,292,1.1278,0.8614,1303,5.2371,3.8438
5,Valparaíso,55,Quillota,5502,Calera,17536,4.5449,13247,12671,72.2571,reported,13415,12859,73.3292,reported,13396,12872,73.4033,reported,188,1.4837,1.0721,13,0.1011,0.0741,201,1.5863,1.1462
5,Valparaíso,55,Quillota,5503,Hijuelas,6682,29.4972,2865,2814,42.1131,reported,3209,3151,47.1565,reported,3906,3838,57.4379,reported,337,11.9758,5.0434,687,21.8026,10.2814,1024,36.3895,15.3248
5,Valparaíso,55,Quillota,5504,La Cruz,8582,13.1904,6935,6581,76.6838,reported,7185,6853,79.8532,reported,7470,7144,83.244,reported,272,4.1331,3.1694,291,4.2463,3.3908,563,8.5549,6.5602
5,Valparaíso,55,Quillota,5506,Nogales,7534,18.5293,4289,4185,55.5482,reported,4500,4408,58.5081,reported,4612,4519,59.9814,reported,223,5.3286,2.9599,111,2.5181,1.4733,334,7.9809,4.4332
5,Valparaíso,56,San Antonio,5601,San Antonio,34941,5.412,23704,22771,65.1699,reported,24455,23558,67.4222,reported,25236,24388,69.7977,reported,787,3.4562,2.2524,830,3.5232,2.3754,1617,7.1011,4.6278
5,Valparaíso,56,San Antonio,5602,Algarrobo,6448,30.3195,7253,6862,106.4206,reported,8297,7910,122.6737,reported,8951,8544,132.5062,reported,1048,15.2725,16.2531,634,8.0152,9.8325,1682,24.5118,26.0856
5,Valparaíso,56,San Antonio,5603,Cartagena,9318,8.5855,6423,6400,68.6843,reported,6860,6837,73.3741,reported,7166,7141,76.6366,reported,437,6.8281,4.6898,304,4.4464,3.2625,741,11.5781,7.9524
5,Valparaíso,56,San Antonio,5604,El Quisco,7727,8.8521,6657,6617,85.6348,reported,7671,7635,98.8094,reported,8708,8638,111.7898,reported,1018,15.3846,13.1746,1003,13.1369,12.9805,2021,30.5425,26.155
5,Valparaíso,56,San Antonio,5605,El Tabo,6787,4.3465,5709,5643,83.1442,reported,6503,6411,94.46,reported,7061,6957,102.5048,reported,768,13.6098,11.3158,546,8.5166,8.0448,1314,23.2855,19.3605
5,Valparaíso,56,San Antonio,5606,Santo Domingo,4663,48.4023,4433,4244,91.0144,reported,4748,4557,97.7268,reported,5173,4928,105.683,reported,313,7.3751,6.7124,371,8.1413,7.9563,684,16.1169,14.6687
5,Valparaíso,57,San Felipe de Aconcagua,5701,San Felipe,29681,12.6209,19150,18235,61.4366,reported,19828,18932,63.7849,reported,21552,20584,69.3508,reported,697,3.8223,2.3483,1652,8.726,5.5659,2349,12.8818,7.9142
5,Valparaíso,57,San Felipe de Aconcagua,5702,Catemu,4928,42.1875,1618,1585,32.1631,reported,1796,1754,35.5925,reported,1958,1909,38.7378,reported,169,10.6625,3.4294,155,8.8369,3.1453,324,20.4416,6.5747
5,Valparaíso,57,San Felipe de Aconcagua,5703,Llaillay,8937,30.245,3907,3866,43.2584,reported,5198,5061,56.6297,reported,5943,5729,64.1043,reported,1195,30.9105,13.3714,668,13.199,7.4745,1863,48.1893,20.8459
5,Valparaíso,57,San Felipe de Aconcagua,5704,Panquehue,2442,64.0459,1167,1112,45.5364,reported,1485,1429,58.5176,reported,1692,1626,66.5848,reported,317,28.5072,12.9812,197,13.7859,8.0672,514,46.223,21.0483
5,Valparaíso,57,San Felipe de Aconcagua,5705,Putaendo,6049,55.3645,2492,2451,40.5191,reported,2679,2628,43.4452,reported,2834,2776,45.8919,reported,177,7.2215,2.9261,148,5.6317,2.4467,325,13.2599,5.3728
5,Valparaíso,57,San Felipe de Aconcagua,5706,Santa María,5362,37.8217,1748,1669,31.1264,reported,2089,2017,37.6166,reported,2826,2719,50.7087,reported,348,20.8508,6.4901,702,34.8042,13.0921,1050,62.9119,19.5822
5,Valparaíso,58,Marga Marga,5801,Quilpué,59724,2.2236,54436,52094,87.2246,reported,55227,52845,88.482,reported,55662,53192,89.063,reported,751,1.4416,1.2575,347,0.6566,0.581,1098,2.1077,1.8385
5,Valparaíso,58,Marga Marga,5802,Limache,19916,19.4517,13669,13164,66.0976,reported,14415,13843,69.5069,reported,14901,14335,71.9773,reported,679,5.158,3.4093,492,3.5541,2.4704,1171,8.8955,5.8797
5,Valparaíso,58,Marga Marga,5803,Olmué,7450,30.2953,3793,3707,49.7584,reported,4191,4104,55.0872,reported,4735,4614,61.9329,reported,397,10.7095,5.3289,510,12.4269,6.8456,907,24.4672,12.1745
5,Valparaíso,58,Marga Marga,5804,Villa Alemana,50084,1.172,42584,40982,81.8265,reported,43017,41316,82.4934,reported,51817,49572,98.9777,reported,334,0.815,0.6669,8256,19.9826,16.4843,8590,20.9604,17.1512
6,Libertador General Bernardo O'Higgins,61,Cachapoal,6101,Rancagua,92917,3.1534,77450,73051,78.6196,reported,77502,73436,79.034,reported,78084,74351,80.0187,reported,385,0.527,0.4143,915,1.246,0.9847,1300,1.7796,1.3991
6,Libertador General Bernardo O'Higgins,61,Cachapoal,6102,Codegua,4660,44.1416,1377,1367,29.3348,reported,1452,1442,30.9442,reported,1806,1793,38.4764,reported,75,5.4865,1.6094,351,24.3412,7.5322,426,31.1631,9.1416
6,Libertador General Bernardo O'Higgins,61,Cachapoal,6103,Coinco,2796,58.5837,1343,1340,47.9256,reported,1461,1450,51.8598,reported,1553,1543,55.186,reported,110,8.209,3.9342,93,6.4138,3.3262,203,15.1493,7.2604
6,Libertador General Bernardo O'Higgins,61,Cachapoal,6104,Coltauco,7553,47.4249,3252,3230,42.7645,reported,3646,3607,47.7559,reported,3793,3755,49.7153,reported,377,11.6718,4.9914,148,4.1031,1.9595,525,16.2539,6.9509
6,Libertador General Bernardo O'Higgins,61,Cachapoal,6105,Doñihue,7708,23.7805,3802,3729,48.3783,reported,4235,4143,53.7494,reported,4443,4358,56.5387,reported,414,11.1022,5.371,215,5.1895,2.7893,629,16.8678,8.1604
6,Libertador General Bernardo O'Higgins,61,Cachapoal,6106,Graneros,12187,11.0856,8730,8547,70.1321,reported,8925,8752,71.8142,reported,9082,8918,73.1763,reported,205,2.3985,1.6821,166,1.8967,1.3621,371,4.3407,3.0442
6,Libertador General Bernardo O'Higgins,61,Cachapoal,6107,Las Cabras,9846,64.808,1797,1759,17.8651,reported,2024,1960,19.9066,reported,2265,2200,22.3441,reported,201,11.4269,2.0414,240,12.2449,2.4375,441,25.0711,4.479
6,Libertador General Bernardo O'Higgins,61,Cachapoal,6108,Machalí,20491,2.3913,17152,16350,79.7911,reported,17679,16906,82.5045,reported,17999,17293,84.3931,reported,556,3.4006,2.7134,387,2.2891,1.8886,943,5.7676,4.602
6,Libertador General Bernardo O'Higgins,61,Cachapoal,6109,Malloa,4937,60.6441,1019,1012,20.4983,reported,1143,1136,23.0099,reported,1304,1277,25.8659,reported,124,12.253,2.5116,141,12.412,2.856,265,26.1858,5.3676
6,Libertador General Bernardo O'Higgins,61,Cachapoal,6110,Mostazal,9140,21.9037,4720,4573,50.0328,reported,4943,4814,52.6696,reported,4793,4672,51.116,reported,241,5.2701,2.6368,-142,-2.9497,-1.5536,99,2.1649,1.0832
6,Libertador General Bernardo O'Higgins,61,Cachapoal,6111,Olivar,4713,32.2724,1762,1712,36.3251,reported,2545,2463,52.2597,reported,2612,2520,53.4691,reported,751,43.8668,15.9346,57,2.3143,1.2094,808,47.1963,17.1441
6,Libertador General Bernardo O'Higgins,61,Cachapoal,6112,Peumo,4867,14.6497,1405,1395,28.6624,reported,1310,1297,26.6489,reported,1525,1512,31.0664,reported,-98,-7.0251,-2.0136,215,16.5767,4.4175,117,8.3871,2.4039
6,Libertador General Bernardo O'Higgins,61,Cachapoal,6113,Pichidegua,7253,63.5599,1609,1581,21.7979,reported,1778,1748,24.1004,reported,1834,1807,24.9138,reported,167,10.5629,2.3025,59,3.3753,0.8135,226,14.2948,3.116
6,Libertador General Bernardo O'Higgins,61,Cachapoal,6114,Quinta de Tilcoco,4856,42.4423,1734,1728,35.5848,reported,2107,2090,43.0395,reported,2355,2332,48.0231,reported,362,20.9491,7.4547,242,11.5789,4.9835,604,34.9537,12.4382
6,Libertador General Bernardo O'Higgins,61,Cachapoal,6115,Rengo,22445,19.8975,14640,13964,62.2143,reported,15287,14675,65.382,reported,15287,14729,65.6226,reported,711,5.0917,3.1677,54,0.368,0.2406,765,5.4784,3.4083
6,Libertador General Bernardo O'Higgins,61,Cachapoal,6116,Requínoa,9858,34.6926,3418,3246,32.9276,reported,4024,3876,39.3183,reported,4411,4260,43.2136,reported,630,19.4085,6.3907,384,9.9071,3.8953,1014,31.2384,10.2861
6,Libertador General Bernardo O'Higgins,61,Cachapoal,6117,San Vicente,17860,45.4367,6636,6428,35.991,reported,6722,6520,36.5062,reported,6561,6352,35.5655,reported,92,1.4312,0.5151,-168,-2.5767,-0.9406,-76,-1.1823,-0.4255
6,Libertador General Bernardo O'Higgins,62,Cardenal Caro,6201,Pichilemu,7752,23.5681,4970,4822,62.2033,reported,5487,5347,68.9757,reported,5979,5841,75.3483,reported,525,10.8876,6.7724,494,9.2388,6.3725,1019,21.1323,13.145
6,Libertador General Bernardo O'Higgins,62,Cardenal Caro,6202,La Estrella,1814,71.7751,330,324,17.8611,reported,481,467,25.7442,reported,616,603,33.2415,reported,143,44.1358,7.8831,136,29.1221,7.4972,279,86.1111,15.3804
6,Libertador General Bernardo O'Higgins,62,Cardenal Caro,6203,Litueche,3410,62.8152,709,689,20.2053,reported,1013,979,28.7097,reported,1299,1268,37.1848,reported,290,42.09,8.5044,289,29.5199,8.4751,579,84.0348,16.9795
6,Libertador General Bernardo O'Higgins,62,Cardenal Caro,6204,Marchihue,3307,72.7245,421,398,12.0351,reported,528,501,15.1497,reported,677,643,19.4436,reported,103,25.8794,3.1146,142,28.3433,4.2939,245,61.5578,7.4085
6,Libertador General Bernardo O'Higgins,62,Cardenal Caro,6205,Navidad,3678,87.6835,1356,1350,36.7047,reported,1797,1775,48.2599,reported,2266,2243,60.9842,reported,425,31.4815,11.5552,468,26.3662,12.7243,893,66.1481,24.2795
6,Libertador General Bernardo O'Higgins,62,Cardenal Caro,6206,Paredones,2857,75.7438,136,127,4.4452,reported,202,177,6.1953,reported,290,264,9.2405,reported,50,39.3701,1.7501,87,49.1525,3.0452,137,107.874,4.7952
6,Libertador General Bernardo O'Higgins,63,Colchagua,6301,San Fernando,27372,12.7685,18790,16903,61.7529,reported,19139,17345,63.3677,reported,18659,17048,62.2826,reported,442,2.6149,1.6148,-297,-1.7123,-1.0851,145,0.8578,0.5297
6,Libertador General Bernardo O'Higgins,63,Colchagua,6302,Chépica,5533,44.0087,1031,1015,18.3445,reported,1092,1067,19.2843,reported,1118,1095,19.7903,reported,52,5.1232,0.9398,28,2.6242,0.5061,80,7.8818,1.4459
6,Libertador General Bernardo O'Higgins,63,Colchagua,6303,Chimbarongo,13280,34.5482,3513,3440,25.9036,reported,3638,3528,26.5663,reported,3667,3546,26.7018,reported,88,2.5581,0.6627,18,0.5102,0.1355,106,3.0814,0.7982
6,Libertador General Bernardo O'Higgins,63,Colchagua,6304,Lolol,2898,69.3927,557,542,18.7026,reported,629,611,21.0835,reported,674,658,22.7053,reported,69,12.7306,2.381,47,7.6923,1.6218,116,21.4022,4.0028
6,Libertador General Bernardo O'Higgins,63,Colchagua,6305,Nancagua,6523,35.4591,2069,2022,30.998,reported,2082,2025,31.044,reported,2480,2422,37.1302,reported,3,0.1484,0.046,397,19.6049,6.0862,400,19.7824,6.1321
6,Libertador General Bernardo O'Higgins,63,Colchagua,6306,Palmilla,4455,74.6577,468,459,10.303,reported,517,507,11.3805,reported,543,532,11.9416,reported,48,10.4575,1.0774,25,4.931,0.5612,73,15.9041,1.6386
6,Libertador General Bernardo O'Higgins,63,Colchagua,6307,Peralillo,4486,47.9269,650,637,14.1997,reported,821,809,18.0339,reported,937,921,20.5305,reported,172,27.0016,3.8342,112,13.8443,2.4967,284,44.584,6.3308
6,Libertador General Bernardo O'Higgins,63,Colchagua,6308,Placilla,3288,75.2433,413,400,12.1655,reported,376,361,10.9793,reported,347,330,10.0365,reported,-39,-9.75,-1.1861,-31,-8.5873,-0.9428,-70,-17.5,-2.129
6,Libertador General Bernardo O'Higgins,63,Colchagua,6309,Pumanque,1777,100.0,223,214,12.0428,reported,177,161,9.0602,reported,157,142,7.991,reported,-53,-24.7664,-2.9826,-19,-11.8012,-1.0692,-72,-33.6449,-4.0518
6,Libertador General Bernardo O'Higgins,63,Colchagua,6310,Santa Cruz,14864,40.2583,7187,6645,44.7053,reported,7100,6613,44.49,reported,7234,6647,44.7188,reported,-32,-0.4816,-0.2153,34,0.5141,0.2287,2,0.0301,0.0135
7,Maule,71,Talca,7101,Talca,85310,4.8212,72687,68060,79.7796,reported,73412,68793,80.6388,reported,68294,64330,75.4073,reported,733,1.077,0.8592,-4463,-6.4876,-5.2315,-3730,-5.4805,-4.3723
7,Maule,71,Talca,7102,Constitución,17599,19.0352,7573,7179,40.7921,reported,7948,7568,43.0024,reported,8172,7818,44.423,reported,389,5.4186,2.2104,250,3.3034,1.4205,639,8.901,3.6309
7,Maule,71,Talca,7103,Curepto,3791,67.3437,324,314,8.2828,reported,381,362,9.5489,reported,403,386,10.182,reported,48,15.2866,1.2662,24,6.6298,0.6331,72,22.9299,1.8992
7,Maule,71,Talca,7104,Empedrado,1464,32.7869,173,169,11.5437,reported,240,231,15.7787,reported,289,281,19.194,reported,62,36.6864,4.235,50,21.645,3.4153,112,66.2722,7.6503
7,Maule,71,Talca,7105,Maule,20409,21.9217,5284,5070,24.842,reported,5705,5468,26.7921,reported,10104,9828,48.1552,reported,398,7.8501,1.9501,4360,79.7366,21.3631,4758,93.8462,23.3132
7,Maule,71,Talca,7106,Pelarco,3247,72.9905,328,324,9.9784,reported,388,371,11.4259,reported,418,395,12.1651,reported,47,14.5062,1.4475,24,6.469,0.7391,71,21.9136,2.1866
7,Maule,71,Talca,7107,Pencahue,3423,69.6173,479,422,12.3284,reported,560,493,14.4026,reported,602,536,15.6588,reported,71,16.8246,2.0742,43,8.7221,1.2562,114,27.0142,3.3304
7,Maule,71,Talca,7108,Río Claro,5132,75.0585,716,707,13.7763,reported,817,805,15.6859,reported,892,882,17.1863,reported,98,13.8614,1.9096,77,9.5652,1.5004,175,24.7525,3.41
7,Maule,71,Talca,7109,San Clemente,16662,46.7411,5225,5110,30.6686,reported,5418,5230,31.3888,reported,5496,5299,31.8029,reported,120,2.3483,0.7202,69,1.3193,0.4141,189,3.6986,1.1343
7,Maule,71,Talca,7110,San Rafael,3925,48.4586,653,648,16.5096,reported,726,706,17.9873,reported,776,761,19.3885,reported,58,8.9506,1.4777,55,7.7904,1.4013,113,17.4383,2.879
7,Maule,72,Cauquenes,7201,Cauquenes,16229,21.5232,8893,8619,53.1086,reported,9142,8844,54.495,reported,9732,9449,58.2229,reported,225,2.6105,1.3864,605,6.8408,3.7279,830,9.6299,5.1143
7,Maule,72,Cauquenes,7202,Chanco,3486,59.3804,329,316,9.0648,reported,374,364,10.4418,reported,432,421,12.0769,reported,48,15.1899,1.3769,57,15.6593,1.6351,105,33.2278,3.012
7,Maule,72,Cauquenes,7203,Pelluhue,3488,52.695,1298,1290,36.9839,reported,1598,1589,45.5562,reported,1812,1800,51.6055,reported,299,23.1783,8.5722,211,13.2788,6.0493,510,39.5349,14.6216
7,Maule,73,Curicó,7301,Curicó,57624,11.91,45228,41793,72.5271,reported,46696,43492,75.4755,reported,47519,44565,77.3376,reported,1699,4.0653,2.9484,1073,2.4671,1.8621,2772,6.6327,4.8105
7,Maule,73,Curicó,7302,Hualañé,4069,54.3623,662,647,15.9007,reported,845,832,20.4473,reported,939,916,22.5117,reported,185,28.5935,4.5466,84,10.0962,2.0644,269,41.5765,6.611
7,Maule,73,Curicó,7303,Licantén,2668,35.5697,1114,1101,41.2669,reported,1315,1311,49.1379,reported,1493,1486,55.6972,reported,210,19.0736,7.8711,175,13.3486,6.5592,385,34.9682,14.4303
7,Maule,73,Curicó,7304,Molina,17351,22.6327,5979,5774,33.2776,reported,6146,5975,34.4361,reported,6141,5949,34.2862,reported,201,3.4811,1.1584,-26,-0.4351,-0.1498,175,3.0308,1.0086
7,Maule,73,Curicó,7305,Rauco,4073,54.3825,1483,1469,36.0668,reported,1344,1335,32.7768,reported,1339,1328,32.605,reported,-134,-9.1219,-3.29,-7,-0.5243,-0.1719,-141,-9.5984,-3.4618
7,Maule,73,Curicó,7306,Romeral,6128,51.8114,1777,1746,28.4922,reported,1908,1868,30.483,reported,3061,2841,46.361,reported,122,6.9874,1.9909,973,52.0878,15.8779,1095,62.7148,17.8688
7,Maule,73,Curicó,7307,Sagrada Familia,6735,53.6451,251,237,3.5189,reported,279,255,3.7862,reported,309,288,4.2762,reported,18,7.5949,0.2673,33,12.9412,0.49,51,21.519,0.7572
7,Maule,73,Curicó,7308,Teno,10737,68.8647,2304,2220,20.6762,reported,2464,2377,22.1384,reported,2557,2460,22.9114,reported,157,7.0721,1.4622,83,3.4918,0.773,240,10.8108,2.2353
7,Maule,73,Curicó,7309,Vichuquén,1894,78.7751,523,521,27.5079,reported,702,683,36.0612,reported,822,799,42.1859,reported,162,31.094,8.5533,116,16.9839,6.1246,278,53.3589,14.6779
7,Maule,74,Linares,7401,Linares,35302,21.1688,19579,18136,51.3739,reported,20275,18912,53.572,reported,20262,19009,53.8468,reported,776,4.2788,2.1982,97,0.5129,0.2748,873,4.8136,2.4729
7,Maule,74,Linares,7402,Colbún,8224,59.7884,1714,1691,20.5618,reported,1625,1600,19.4553,reported,1605,1574,19.1391,reported,-91,-5.3814,-1.1065,-26,-1.625,-0.3161,-117,-6.919,-1.4227
7,Maule,74,Linares,7403,Longaví,12001,73.0272,1667,1617,13.4739,reported,3949,3865,32.2056,reported,4307,4202,35.0137,reported,2248,139.0229,18.7318,337,8.7193,2.8081,2585,159.8639,21.5399
7,Maule,74,Linares,7404,Parral,17047,29.1136,8450,8126,47.6682,reported,10178,9883,57.975,reported,11910,11497,67.443,reported,1757,21.622,10.3068,1614,16.3311,9.4679,3371,41.4841,19.7747
7,Maule,74,Linares,7405,Retiro,8220,67.7616,720,707,8.601,reported,3234,3158,38.4185,reported,3722,3660,44.5255,reported,2451,346.6761,29.8175,502,15.8961,6.1071,2953,417.6803,35.9246
7,Maule,74,Linares,7406,San Javier,18078,28.1558,4536,4323,23.913,reported,5159,4960,27.4367,reported,5663,5459,30.1969,reported,637,14.7351,3.5236,499,10.0605,2.7603,1136,26.278,6.2839
7,Maule,74,Linares,7407,Villa Alegre,6674,40.9799,1229,1216,18.22,reported,1337,1316,19.7183,reported,1452,1433,21.4714,reported,100,8.2237,1.4984,117,8.8906,1.7531,217,17.8454,3.2514
7,Maule,74,Linares,7408,Yerbas Buenas,7105,68.6981,988,964,13.5679,reported,1079,1048,14.7502,reported,1838,1757,24.7291,reported,84,8.7137,1.1823,709,67.6527,9.9789,793,82.2614,11.1612
8,Biobío,81,Concepción,8101,Concepción,92197,2.0283,85097,76955,83.468,reported,85201,77108,83.634,reported,100262,91876,99.6518,reported,153,0.1988,0.1659,14768,19.1524,16.0179,14921,19.3893,16.1838
8,Biobío,81,Concepción,8102,Coronel,41939,3.2929,36728,36084,86.0392,reported,37489,36981,88.1781,reported,38651,38192,91.0656,reported,897,2.4859,2.1388,1211,3.2747,2.8875,2108,5.8419,5.0263
8,Biobío,81,Concepción,8103,Chiguayante,29395,0.0578,26452,25666,87.3142,reported,26912,26089,88.7532,reported,26965,26188,89.09,reported,423,1.6481,1.439,99,0.3795,0.3368,522,2.0338,1.7758
8,Biobío,81,Concepción,8104,Florida,4956,68.6642,991,960,19.3705,reported,1258,1212,24.4552,reported,1582,1531,30.8918,reported,252,26.25,5.0847,319,26.3201,6.4366,571,59.4792,11.5214
8,Biobío,81,Concepción,8105,Hualqui,8824,20.0249,5972,5771,65.4012,reported,6275,6061,68.6877,reported,6704,6478,73.4134,reported,290,5.0251,3.2865,417,6.8801,4.7257,707,12.2509,8.0122
8,Biobío,81,Concepción,8106,Lota,13835,0.5132,11210,11102,80.2458,reported,11565,11516,83.2382,reported,11483,11430,82.6166,reported,414,3.7291,2.9924,-86,-0.7468,-0.6216,328,2.9544,2.3708
8,Biobío,81,Concepción,8107,Penco,16858,1.5838,13254,12972,76.9486,reported,13750,13445,79.7544,reported,13125,12840,76.1656,reported,473,3.6463,2.8058,-605,-4.4998,-3.5888,-132,-1.0176,-0.783
8,Biobío,81,Concepción,8108,San Pedro de La paz,52351,0.0783,47814,46415,88.6612,reported,47839,46354,88.5446,reported,52403,50644,96.7393,reported,-61,-0.1314,-0.1165,4290,9.2549,8.1947,4229,9.1113,8.0782
8,Biobío,81,Concepción,8109,Santa Juana,5603,36.6946,2192,2161,38.5686,reported,2893,2849,50.8478,reported,3413,3379,60.307,reported,688,31.8371,12.2791,530,18.603,9.4592,1218,56.3628,21.7384
8,Biobío,81,Concepción,8110,Talcahuano,51086,0.278,51860,50007,97.8879,reported,53066,51323,100.4639,reported,47611,45863,89.7761,reported,1316,2.6316,2.576,-5460,-10.6385,-10.6879,-4144,-8.2868,-8.1118
8,Biobío,81,Concepción,8111,Tomé,20751,11.2187,15341,15115,72.8399,reported,15885,15664,75.4855,reported,18301,17825,85.8995,reported,549,3.6322,2.6457,2161,13.796,10.414,2710,17.9292,13.0596
8,Biobío,81,Concepción,8112,Hualpén,30684,0.7659,19205,18635,60.732,reported,19272,18614,60.6635,reported,28970,28041,91.3864,reported,-21,-0.1127,-0.0684,9427,50.6447,30.7229,9406,50.4749,30.6544
8,Biobío,82,Arauco,8201,Lebu,8825,11.0935,5914,5855,66.3456,reported,6086,6010,68.102,reported,6552,6493,73.5751,reported,155,2.6473,1.7564,483,8.0366,5.4731,638,10.8967,7.2295
8,Biobío,82,Arauco,8202,Arauco,13212,26.7711,8062,7834,59.2946,reported,8509,8260,62.5189,reported,8672,8441,63.8889,reported,426,5.4378,3.2243,181,2.1913,1.37,607,7.7483,4.5943
8,Biobío,82,Arauco,8203,Cañete,12568,48.7985,5101,4973,39.5687,reported,5275,5135,40.8577,reported,5569,5426,43.1731,reported,162,3.2576,1.289,291,5.667,2.3154,453,9.1092,3.6044
8,Biobío,82,Arauco,8204,Contulmo,2290,60.4803,1009,992,43.3188,reported,1078,1064,46.4629,reported,1116,1103,48.1659,reported,72,7.2581,3.1441,39,3.6654,1.7031,111,11.1895,4.8472
8,Biobío,82,Arauco,8205,Curanilahue,11133,8.6859,7646,7532,67.6547,reported,7822,7731,69.4422,reported,8307,8221,73.8435,reported,199,2.6421,1.7875,490,6.3381,4.4013,689,9.1476,6.1888
8,Biobío,82,Arauco,8206,Los Álamos,7997,16.5437,4867,4842,60.5477,reported,5133,5096,63.7239,reported,4932,4891,61.1604,reported,254,5.2458,3.1762,-205,-4.0228,-2.5635,49,1.012,0.6127
8,Biobío,82,Arauco,8207,Tirúa,3609,74.0371,229,208,5.7634,reported,318,290,8.0355,reported,446,414,11.4713,reported,82,39.4231,2.2721,124,42.7586,3.4359,206,99.0385,5.708
8,Biobío,83,Biobío,8301,Los Ángeles,78739,28.3735,47035,44387,56.3723,reported,47365,44942,57.0772,reported,60498,57768,73.3664,reported,555,1.2504,0.7049,12826,28.539,16.2893,13381,30.1462,16.9941
8,Biobío,83,Biobío,8302,Antuco,1723,53.9756,104,92,5.3395,reported,184,162,9.4022,reported,206,189,10.9692,reported,70,76.087,4.0627,27,16.6667,1.567,97,105.4348,5.6297
8,Biobío,83,Biobío,8303,Cabrero,11393,31.7125,5192,5077,44.5625,reported,5504,5384,47.2571,reported,5743,5615,49.2846,reported,307,6.0469,2.6946,231,4.2905,2.0276,538,10.5968,4.7222
8,Biobío,83,Biobío,8304,Laja,8565,35.6217,4122,3981,46.4799,reported,4115,4039,47.157,reported,4278,4212,49.1769,reported,58,1.4569,0.6772,173,4.2832,2.0198,231,5.8026,2.697
8,Biobío,83,Biobío,8305,Mulchén,10169,23.0898,5024,4930,48.4807,reported,5037,4932,48.5003,reported,5073,4975,48.9232,reported,2,0.0406,0.0197,43,0.8719,0.4229,45,0.9128,0.4425
8,Biobío,83,Biobío,8306,Nacimiento,9234,16.0169,5658,5517,59.7466,reported,5593,5516,59.7358,reported,5767,5689,61.6093,reported,-1,-0.0181,-0.0108,173,3.1363,1.8735,172,3.1176,1.8627
8,Biobío,83,Biobío,8307,Negrete,3762,46.0128,669,646,17.1717,reported,836,817,21.7172,reported,892,875,23.2589,reported,171,26.4706,4.5455,58,7.0991,1.5417,229,35.4489,6.0872
8,Biobío,83,Biobío,8308,Quilaco,1731,55.8059,455,448,25.881,reported,530,516,29.8094,reported,583,567,32.7556,reported,68,15.1786,3.9284,51,9.8837,2.9463,119,26.5625,6.8746
8,Biobío,83,Biobío,8309,Quilleco,3584,44.8661,197,180,5.0223,reported,169,142,3.9621,reported,207,175,4.8828,reported,-38,-21.1111,-1.0603,33,23.2394,0.9208,-5,-2.7778,-0.1395
8,Biobío,83,Biobío,8310,San Rosendo,1323,21.0128,569,563,42.5548,reported,564,561,42.4036,reported,540,536,40.514,reported,-2,-0.3552,-0.1512,-25,-4.4563,-1.8896,-27,-4.7957,-2.0408
8,Biobío,83,Biobío,8311,Santa Bárbara,5218,45.803,1719,1674,32.0813,reported,1867,1816,34.8026,reported,2131,2088,40.0153,reported,142,8.4827,2.7213,272,14.978,5.2127,414,24.7312,7.9341
8,Biobío,83,Biobío,8312,Tucapel,6182,17.9715,2929,2883,46.6354,reported,3085,3044,49.2397,reported,3089,3050,49.3368,reported,161,5.5845,2.6043,6,0.1971,0.0971,167,5.7926,2.7014
8,Biobío,83,Biobío,8313,Yumbel,8894,45.5363,3105,3068,34.4952,reported,3294,3271,36.7776,reported,3659,3628,40.7915,reported,203,6.6167,2.2824,357,10.9141,4.0139,560,18.2529,6.2964
8,Biobío,83,Biobío,8314,Alto Biobío,2030,100.0,206,195,9.6059,reported,177,157,7.734,reported,423,369,18.1773,reported,-38,-19.4872,-1.8719,212,135.0318,10.4433,174,89.2308,8.5714
9,La Araucanía,91,Cautín,9101,Temuco,110729,6.8049,94086,87282,78.8249,reported,93790,87373,78.9071,reported,98763,92426,83.4705,reported,91,0.1043,0.0822,5053,5.7833,4.5634,5144,5.8935,4.6456
9,La Araucanía,91,Cautín,9102,Carahue,9095,51.5558,1715,1666,18.3178,reported,1822,1777,19.5382,reported,1886,1839,20.2199,reported,111,6.6627,1.2205,62,3.489,0.6817,173,10.3842,1.9021
9,La Araucanía,91,Cautín,9103,Cunco,7332,53.3415,2273,2240,30.551,reported,2679,2646,36.0884,reported,3059,3026,41.2711,reported,406,18.125,5.5374,380,14.3613,5.1828,786,35.0893,10.7201
9,La Araucanía,91,Cautín,9104,Curarrehue,2907,75.3354,280,258,8.8751,reported,324,284,9.7695,reported,417,384,13.2095,reported,26,10.0775,0.8944,100,35.2113,3.44,126,48.8372,4.3344
9,La Araucanía,91,Cautín,9105,Freire,9724,77.7252,2240,2194,22.5627,reported,2537,2491,25.617,reported,2810,2762,28.4039,reported,297,13.5369,3.0543,271,10.8792,2.7869,568,25.8888,5.8412
9,La Araucanía,91,Cautín,9106,Galvarino,4516,66.9176,753,716,15.8547,reported,776,747,16.5412,reported,865,832,18.4234,reported,31,4.3296,0.6864,85,11.3788,1.8822,116,16.2011,2.5686
9,La Araucanía,91,Cautín,9107,Gorbea,5587,34.9025,1688,1620,28.9959,reported,1763,1674,29.9624,reported,1924,1818,32.5398,reported,54,3.3333,0.9665,144,8.6022,2.5774,198,12.2222,3.5439
9,La Araucanía,91,Cautín,9108,Lautaro,14825,30.7386,7837,7520,50.7251,reported,7979,7694,51.8988,reported,8187,7926,53.4637,reported,174,2.3138,1.1737,232,3.0153,1.5649,406,5.3989,2.7386
9,La Araucanía,91,Cautín,9109,Loncoche,9576,37.3329,4490,4268,44.5698,reported,4628,4432,46.2824,reported,4920,4737,49.4674,reported,164,3.8425,1.7126,305,6.8818,3.185,469,10.9888,4.8977
9,La Araucanía,91,Cautín,9110,Melipeuco,2632,61.0942,176,166,6.307,reported,213,192,7.2948,reported,303,276,10.4863,reported,26,15.6627,0.9878,84,43.75,3.1915,110,66.2651,4.1793
9,La Araucanía,91,Cautín,9111,Nueva Imperial,12117,51.1843,4246,4150,34.2494,reported,4368,4271,35.248,reported,4812,4702,38.805,reported,121,2.9157,0.9986,431,10.0913,3.557,552,13.3012,4.5556
9,La Araucanía,91,Cautín,9112,Padre Las Casas,27719,42.5809,9105,8849,31.924,reported,11187,10897,39.3124,reported,11763,11473,41.3904,reported,2048,23.1439,7.3884,576,5.2859,2.078,2624,29.6531,9.4664
9,La Araucanía,91,Cautín,9113,Perquenco,2742,51.0576,789,780,28.4464,reported,822,810,29.5405,reported,868,857,31.2546,reported,30,3.8462,1.0941,47,5.8025,1.7141,77,9.8718,2.8082
9,La Araucanía,91,Cautín,9114,Pitrufquén,10272,37.8018,5125,4975,48.4326,reported,5268,5119,49.8345,reported,7994,7549,73.491,reported,144,2.8945,1.4019,2430,47.4702,23.6565,2574,51.7387,25.0584
9,La Araucanía,91,Cautín,9115,Pucón,12565,44.9025,7120,6637,52.8213,reported,7197,6750,53.7207,reported,8008,7588,60.39,reported,113,1.7026,0.8993,838,12.4148,6.6693,951,14.3288,7.5686
9,La Araucanía,91,Cautín,9116,Saavedra,4930,80.1014,484,469,9.5132,reported,558,546,11.0751,reported,630,617,12.5152,reported,77,16.4179,1.5619,71,13.0037,1.4402,148,31.5565,3.002
9,La Araucanía,91,Cautín,9117,Teodoro Schmidt,6051,69.7075,1198,1179,19.4844,reported,1337,1323,21.8642,reported,1411,1399,23.1201,reported,144,12.2137,2.3798,76,5.7445,1.256,220,18.6599,3.6358
9,La Araucanía,91,Cautín,9118,Toltén,3860,75.3368,586,562,14.5596,reported,641,616,15.9585,reported,1320,1248,32.3316,reported,54,9.6085,1.399,632,102.5974,16.3731,686,122.0641,17.772
9,La Araucanía,91,Cautín,9119,Vilcún,11237,48.1712,3216,3122,27.7832,reported,3588,3494,31.0937,reported,4001,3908,34.778,reported,372,11.9154,3.3105,414,11.8489,3.6843,786,25.1762,6.9947
9,La Araucanía,91,Cautín,9120,Villarrica,25214,43.3767,15646,14943,59.2647,reported,16410,15746,62.4494,reported,17725,17088,67.7719,reported,803,5.3738,3.1847,1342,8.5228,5.3224,2145,14.3545,8.5072
9,La Araucanía,91,Cautín,9121,Cholchol,4553,71.2058,635,615,13.5076,reported,708,687,15.089,reported,827,803,17.6367,reported,72,11.7073,1.5814,116,16.885,2.5478,188,30.5691,4.1291
9,La Araucanía,92,Malleco,9201,Angol,19276,8.6325,14041,13478,69.9211,reported,14199,13719,71.1714,reported,14609,14194,73.6356,reported,241,1.7881,1.2503,475,3.4624,2.4642,716,5.3124,3.7145
9,La Araucanía,92,Malleco,9202,Collipulli,8814,25.9474,3923,3859,43.7826,reported,4124,4069,46.1652,reported,4313,4257,48.2982,reported,210,5.4418,2.3826,188,4.6203,2.133,398,10.3136,4.5155
9,La Araucanía,92,Malleco,9203,Curacautín,7109,31.228,3142,3084,43.3816,reported,3574,3531,49.6694,reported,3900,3856,54.2411,reported,447,14.4942,6.2878,325,9.2042,4.5717,772,25.0324,10.8595
9,La Araucanía,92,Malleco,9204,Ercilla,2789,49.4442,848,840,30.1183,reported,947,936,33.5604,reported,1004,990,35.4966,reported,96,11.4286,3.4421,54,5.7692,1.9362,150,17.8571,5.3783
9,La Araucanía,92,Malleco,9205,Lonquimay,3774,63.4075,283,221,5.8559,reported,354,282,7.4722,reported,392,320,8.4791,reported,61,27.6018,1.6163,38,13.4752,1.0069,99,44.7964,2.6232
9,La Araucanía,92,Malleco,9206,Los Sauces,2720,40.6618,1020,1005,36.9485,reported,1105,1084,39.8529,reported,1084,1059,38.9338,reported,79,7.8607,2.9044,-25,-2.3063,-0.9191,54,5.3731,1.9853
9,La Araucanía,92,Malleco,9207,Lumaco,3404,57.5206,220,198,5.8167,reported,302,269,7.9025,reported,417,385,11.3102,reported,71,35.8586,2.0858,116,43.1227,3.4078,187,94.4444,5.4935
9,La Araucanía,92,Malleco,9208,Purén,4518,40.1062,1696,1655,36.6313,reported,1746,1727,38.2249,reported,1767,1747,38.6676,reported,72,4.3505,1.5936,20,1.1581,0.4427,92,5.5589,2.0363
9,La Araucanía,92,Malleco,9209,Renaico,3837,21.4751,1061,1038,27.0524,reported,1254,1235,32.1866,reported,1363,1346,35.0795,reported,197,18.9788,5.1342,111,8.9879,2.8929,308,29.6724,8.0271
9,La Araucanía,92,Malleco,9210,Traiguén,7044,23.1261,3028,2984,42.3623,reported,3173,3144,44.6337,reported,3258,3231,45.8688,reported,160,5.3619,2.2714,87,2.7672,1.2351,247,8.2775,3.5065
9,La Araucanía,92,Malleco,9211,Victoria,12479,29.8662,7723,7431,59.548,reported,8533,8106,64.9571,reported,9447,9133,73.187,reported,675,9.0836,5.4091,1027,12.6696,8.2298,1702,22.9041,13.6389
10,Los Lagos,101,Llanquihue,10101,Puerto Montt,100585,14.3799,68297,64832,64.4549,reported,68308,65036,64.6578,reported,68838,65731,65.3487,reported,204,0.3147,0.2028,695,1.0686,0.691,899,1.3867,0.8938
10,Los Lagos,101,Llanquihue,10102,Calbuco,13417,55.6905,4248,4099,30.5508,reported,4720,4511,33.6215,reported,5408,5175,38.5705,reported,412,10.0512,3.0707,664,14.7196,4.9489,1076,26.2503,8.0197
10,Los Lagos,101,Llanquihue,10103,Cochamó,1891,100.0,288,264,13.9609,reported,406,357,18.8789,reported,563,508,26.8641,reported,93,35.2273,4.918,151,42.2969,7.9852,244,92.4242,12.9032
10,Los Lagos,101,Llanquihue,10104,Fresia,4856,40.1359,841,802,16.5157,reported,1081,1031,21.2315,reported,1341,1296,26.6886,reported,229,28.5536,4.7158,265,25.7032,5.4572,494,61.596,10.173
10,Los Lagos,101,Llanquihue,10105,Frutillar,8164,31.9819,4217,4058,49.706,reported,4511,4354,53.3317,reported,4931,4763,58.3415,reported,296,7.2942,3.6257,409,9.3937,5.0098,705,17.3731,8.6355
10,Los Lagos,101,Llanquihue,10106,Los Muermos,6666,56.0006,1147,1092,16.3816,reported,1368,1312,19.682,reported,1669,1621,24.3174,reported,220,20.1465,3.3003,309,23.5518,4.6355,529,48.4432,7.9358
10,Los Lagos,101,Llanquihue,10107,Llanquihue,6209,21.1628,3609,3515,56.6114,reported,3859,3753,60.4445,reported,4049,3940,63.4563,reported,238,6.771,3.8331,187,4.9827,3.0118,425,12.091,6.8449
10,Los Lagos,101,Llanquihue,10108,Maullín,5965,55.7083,1062,1008,16.8986,reported,1247,1193,20.0,reported,1562,1516,25.4149,reported,185,18.3532,3.1014,323,27.0746,5.4149,508,50.3968,8.5163
10,Los Lagos,101,Llanquihue,10109,Puerto Varas,19137,31.0498,13757,13045,68.1664,reported,14102,13393,69.9848,reported,14722,14018,73.2508,reported,348,2.6677,1.8185,625,4.6666,3.2659,973,7.4588,5.0844
10,Los Lagos,102,Chiloé,10201,Castro,18004,30.0044,9340,8914,49.5112,reported,9641,9207,51.1386,reported,10408,9958,55.3099,reported,293,3.287,1.6274,751,8.1568,4.1713,1044,11.7119,5.7987
10,Los Lagos,102,Chiloé,10202,Ancud,15726,32.7356,5746,5536,35.2028,reported,7103,6720,42.7318,reported,7788,7389,46.9859,reported,1184,21.3873,7.5289,669,9.9554,4.2541,1853,33.4718,11.783
10,Los Lagos,102,Chiloé,10203,Chonchi,6357,66.3521,1324,1266,19.9151,reported,1543,1453,22.8567,reported,1748,1654,26.0186,reported,187,14.7709,2.9416,201,13.8334,3.1619,388,30.6477,6.1035
10,Los Lagos,102,Chiloé,10204,Curaco de Vélez,1423,100.0,182,174,12.2277,reported,228,215,15.1089,reported,256,242,17.0063,reported,41,23.5632,2.8812,27,12.5581,1.8974,68,39.0805,4.7786
10,Los Lagos,102,Chiloé,10205,Dalcahue,5615,60.9973,1424,1343,23.9181,reported,1518,1415,25.2004,reported,1714,1609,28.6554,reported,72,5.3611,1.2823,194,13.7102,3.455,266,19.8064,4.7373
10,Los Lagos,102,Chiloé,10206,Puqueldón,1558,100.0,143,132,8.4724,reported,162,143,9.1784,reported,207,186,11.9384,reported,11,8.3333,0.706,43,30.0699,2.7599,54,40.9091,3.466
10,Los Lagos,102,Chiloé,10207,Queilén,2241,60.4195,463,431,19.2325,reported,475,435,19.411,reported,534,487,21.7314,reported,4,0.9281,0.1785,52,11.954,2.3204,56,12.993,2.4989
10,Los Lagos,102,Chiloé,10208,Quellón,10904,38.4263,3255,3124,28.65,reported,3354,3201,29.3562,reported,3675,3514,32.2267,reported,77,2.4648,0.7062,313,9.7782,2.8705,390,12.484,3.5767
10,Los Lagos,102,Chiloé,10209,Quemchi,3376,71.1197,510,478,14.1588,reported,727,666,19.7275,reported,830,761,22.5415,reported,188,39.3305,5.5687,95,14.2643,2.814,283,59.205,8.3827
10,Los Lagos,102,Chiloé,10210,Quinchao,3016,57.8249,469,430,14.2573,reported,567,476,15.7825,reported,632,532,17.6393,reported,46,10.6977,1.5252,56,11.7647,1.8568,102,23.7209,3.382
10,Los Lagos,103,Osorno,10301,Osorno,62744,9.4798,45706,43482,69.3007,reported,45924,43741,69.7134,reported,46212,44302,70.6075,reported,259,0.5956,0.4128,561,1.2825,0.8941,820,1.8858,1.3069
10,Los Lagos,103,Osorno,10302,Puerto Octay,3354,80.1729,706,682,20.3339,reported,850,816,24.3292,reported,1083,1046,31.1866,reported,134,19.6481,3.9952,230,28.1863,6.8575,364,53.3724,10.8527
10,Los Lagos,103,Osorno,10303,Purranque,7312,29.8414,3116,2997,40.9874,reported,3312,3189,43.6132,reported,3521,3401,46.5126,reported,192,6.4064,2.6258,212,6.6479,2.8993,404,13.4801,5.5252
10,Los Lagos,103,Osorno,10304,Puyehue,4409,57.496,1233,1183,26.8315,reported,1331,1265,28.6913,reported,1604,1536,34.8378,reported,82,6.9315,1.8598,271,21.4229,6.1465,353,29.8394,8.0064
10,Los Lagos,103,Osorno,10305,Río Negro,5277,50.2937,1663,1631,30.9077,reported,1812,1775,33.6365,reported,1996,1955,37.0476,reported,144,8.8289,2.7288,180,10.1408,3.411,324,19.8651,6.1399
10,Los Lagos,103,Osorno,10306,San Juan de la Costa,3343,100.0,83,60,1.7948,reported,169,127,3.799,reported,244,204,6.1023,reported,67,111.6667,2.0042,77,60.6299,2.3033,144,240.0,4.3075
10,Los Lagos,103,Osorno,10307,San Pablo,4195,53.8975,1286,1239,29.5352,reported,1449,1401,33.3969,reported,1606,1558,37.1395,reported,162,13.0751,3.8617,157,11.2063,3.7426,319,25.7466,7.6043
10,Los Lagos,104,Palena,10401,Chaitén,1681,56.9304,649,579,34.4438,reported,736,645,38.37,reported,914,821,48.84,reported,66,11.399,3.9262,176,27.2868,10.47,242,41.7962,14.3962
10,Los Lagos,104,Palena,10402,Futaleufú,1337,34.4054,701,665,49.7382,reported,758,697,52.1316,reported,875,821,61.4061,reported,32,4.812,2.3934,124,17.7905,9.2745,156,23.4586,11.6679
10,Los Lagos,104,Palena,10403,Hualaihué,3713,61.5405,586,536,14.4358,reported,656,579,15.5939,reported,785,702,18.9065,reported,43,8.0224,1.1581,123,21.2435,3.3127,166,30.9701,4.4708
10,Los Lagos,104,Palena,10404,Palena,869,44.4189,384,347,39.931,reported,441,390,44.8792,reported,473,424,48.7917,reported,43,12.3919,4.9482,34,8.7179,3.9125,77,22.1902,8.8608
11,Aysén del General Carlos Ibáñez del Campo,111,Coyhaique,11101,Coyhaique,22543,20.4276,14149,13560,60.1517,reported,14791,14112,62.6004,reported,15785,15088,66.9299,reported,552,4.0708,2.4487,976,6.9161,4.3295,1528,11.2684,6.7782
11,Aysén del General Carlos Ibáñez del Campo,111,Coyhaique,11102,Lago Verde,376,100.0,139,122,32.4468,reported,153,116,30.8511,reported,189,159,42.2872,reported,-6,-4.918,-1.5957,43,37.069,11.4362,37,30.3279,9.8404
11,Aysén del General Carlos Ibáñez del Campo,112,Aysén,11201,Aysén,9126,15.9435,5491,5239,57.4074,reported,5253,4894,53.627,reported,5748,5353,58.6566,reported,-345,-6.5852,-3.7804,459,9.3788,5.0296,114,2.176,1.2492
11,Aysén del General Carlos Ibáñez del Campo,112,Aysén,11202,Cisnes,2183,30.9666,1318,1248,57.169,reported,1554,1369,62.7119,reported,1638,1486,68.0715,reported,121,9.6955,5.5428,117,8.5464,5.3596,238,19.0705,10.9024
11,Aysén del General Carlos Ibáñez del Campo,112,Aysén,11203,Guaitecas,609,8.867,163,137,22.4959,reported,222,175,28.7356,reported,345,270,44.335,reported,38,27.7372,6.2397,95,54.2857,15.5993,133,97.0803,21.8391
11,Aysén del General Carlos Ibáñez del Campo,113,Capitán Prat,11301,Cochrane,1469,23.6896,751,718,48.8768,reported,743,704,47.9238,reported,835,791,53.8462,reported,-14,-1.9499,-0.953,87,12.358,5.9224,73,10.1671,4.9694
11,Aysén del General Carlos Ibáñez del Campo,113,Capitán Prat,11302,O'Higgins,292,100.0,145,140,47.9452,reported,218,200,68.4932,reported,272,249,85.274,reported,60,42.8571,20.5479,49,24.5,16.7808,109,77.8571,37.3288
11,Aysén del General Carlos Ibáñez del Campo,113,Capitán Prat,11303,Tortel,234,100.0,26,19,8.1197,reported,32,22,9.4017,reported,56,43,18.3761,reported,3,15.7895,1.2821,21,95.4545,8.9744,24,126.3158,10.2564
11,Aysén del General Carlos Ibáñez del Campo,114,General Carrera,11401,Chile Chico,2114,39.877,766,725,34.2952,reported,722,675,31.93,reported,845,788,37.2753,reported,-50,-6.8966,-2.3652,113,16.7407,5.3453,63,8.6897,2.9801
11,Aysén del General Carlos Ibáñez del Campo,114,General Carrera,11402,Río Ibáñez,1239,100.0,416,401,32.3648,reported,433,411,33.1719,reported,581,555,44.7942,reported,10,2.4938,0.8071,144,35.0365,11.6223,154,38.404,12.4294
12,Magallanes y de la Antártica Chilena,121,Magallanes,12101,Punta Arenas,49779,5.1206,43816,39936,80.2266,reported,44806,41088,82.5408,reported,44813,41401,83.1696,reported,1152,2.8846,2.3142,313,0.7618,0.6288,1465,3.6684,2.943
12,Magallanes y de la Antártica Chilena,121,Magallanes,12102,Laguna Blanca,101,100.0,26,22,21.7822,reported,50,39,38.6139,reported,44,35,34.6535,reported,17,77.2727,16.8317,-4,-10.2564,-3.9604,13,59.0909,12.8713
12,Magallanes y de la Antártica Chilena,121,Magallanes,12103,Río Verde,63,100.0,2,1,1.5873,reported,,,,source_blank,86,47,74.6032,reported,,,,,,,46,4600.0,73.0159
12,Magallanes y de la Antártica Chilena,121,Magallanes,12104,San Gregorio,113,100.0,52,34,30.0885,reported,95,60,53.0973,reported,129,91,80.531,reported,26,76.4706,23.0088,31,51.6667,27.4336,57,167.6471,50.4425
12,Magallanes y de la Antártica Chilena,122,Antártica Chilena,12201,Cabo de Hornos,622,8.5209,308,261,41.9614,reported,366,295,47.4277,reported,447,391,62.8617,reported,34,13.0268,5.4662,96,32.5424,15.4341,130,49.8084,20.9003
12,Magallanes y de la Antártica Chilena,122,Antártica Chilena,12202,Antártica,4,100.0,17,16,400.0,reported,11,9,225.0,reported,,,,source_blank,-7,-43.75,-175.0,,,,,,
12,Magallanes y de la Antártica Chilena,123,Tierra del Fuego,12301,Porvenir,2781,10.8954,1903,1684,60.5538,reported,2006,1795,64.5451,reported,2167,1976,71.0536,reported,111,6.5914,3.9914,181,10.0836,6.5085,292,17.3397,10.4998
12,Magallanes y de la Antártica Chilena,123,Tierra del Fuego,12302,Primavera,181,100.0,42,32,17.6796,reported,68,49,27.0718,reported,111,87,48.0663,reported,17,53.125,9.3923,38,77.551,20.9945,55,171.875,30.3867
12,Magallanes y de la Antártica Chilena,123,Tierra del Fuego,12303,Timaukel,63,100.0,33,30,47.619,reported,54,48,76.1905,reported,69,62,98.4127,reported,18,60.0,28.5714,14,29.1667,22.2222,32,106.6667,50.7937
12,Magallanes y de la Antártica Chilena,124,Última Esperanza,12401,Natales,9536,11.682,8203,7214,75.6502,reported,8645,7603,79.7294,reported,8988,7959,83.4627,reported,389,5.3923,4.0793,356,4.6824,3.7332,745,10.3271,7.8125
12,Magallanes y de la Antártica Chilena,124,Última Esperanza,12402,Torres del Paine,101,100.0,113,94,93.0693,reported,153,120,118.8119,reported,202,181,179.2079,reported,26,27.6596,25.7426,61,50.8333,60.396,87,92.5532,86.1386
13,Metropolitana de Santiago,131,Santiago,13101,Santiago,208348,0.0,173411,149042,71.5351,reported,170857,148875,71.455,reported,178660,163187,78.3242,reported,-167,-0.112,-0.0802,14312,9.6134,6.8693,14145,9.4906,6.7891
13,Metropolitana de Santiago,131,Santiago,13102,Cerrillos,28279,0.0,22409,21442,75.823,reported,22904,21915,77.4957,reported,23924,23034,81.4527,reported,473,2.206,1.6726,1119,5.1061,3.957,1592,7.4247,5.6296
13,Metropolitana de Santiago,131,Santiago,13103,Cerro Navia,42018,0.0,27788,26603,63.3133,reported,29315,28259,67.2545,reported,28935,28036,66.7238,reported,1656,6.2249,3.9412,-223,-0.7891,-0.5307,1433,5.3866,3.4104
13,Metropolitana de Santiago,131,Santiago,13104,Conchalí,40890,0.0,31132,29738,72.7268,reported,31161,29867,73.0423,reported,30612,29472,72.0763,reported,129,0.4338,0.3155,-395,-1.3225,-0.966,-266,-0.8945,-0.6505
13,Metropolitana de Santiago,131,Santiago,13105,El Bosque,50477,0.0,37528,36836,72.9758,reported,37624,36928,73.1581,reported,38115,37551,74.3923,reported,92,0.2498,0.1823,623,1.6871,1.2342,715,1.941,1.4165
13,Metropolitana de Santiago,131,Santiago,13106,Estación Central,68183,0.0,53544,51209,75.1052,reported,55468,53162,77.9696,reported,54990,52965,77.6807,reported,1953,3.8138,2.8644,-197,-0.3706,-0.2889,1756,3.4291,2.5754
13,Metropolitana de Santiago,131,Santiago,13107,Huechuraba,32057,0.078,26956,24690,77.0191,reported,28213,25825,80.5596,reported,28730,26465,82.5561,reported,1135,4.597,3.5406,640,2.4782,1.9964,1775,7.1891,5.537
13,Metropolitana de Santiago,131,Santiago,13108,Independencia,45569,0.0,34120,32186,70.6314,reported,34527,32659,71.6693,reported,33736,32105,70.4536,reported,473,1.4696,1.038,-554,-1.6963,-1.2157,-81,-0.2517,-0.1778
13,Metropolitana de Santiago,131,Santiago,13109,La Cisterna,38159,0.0,34683,32785,85.9168,reported,35920,33996,89.0904,reported,35862,34156,89.5097,reported,1211,3.6938,3.1736,160,0.4706,0.4193,1371,4.1818,3.5929
13,Metropolitana de Santiago,131,Santiago,13110,La Florida,133971,0.0351,116307,111532,83.2509,reported,120054,115142,85.9455,reported,121607,117258,87.5249,reported,3610,3.2367,2.6946,2116,1.8377,1.5794,5726,5.134,4.2741
13,Metropolitana de Santiago,131,Santiago,13111,La Granja,37274,0.0,25539,24753,66.4082,reported,26336,25602,68.6859,reported,25489,24830,66.6148,reported,849,3.4299,2.2777,-772,-3.0154,-2.0711,77,0.3111,0.2066
13,Metropolitana de Santiago,131,Santiago,13112,La Pintana,54319,0.0,16640,16495,30.3669,reported,16346,16230,29.879,reported,16583,16459,30.3006,reported,-265,-1.6065,-0.4879,229,1.411,0.4216,-36,-0.2182,-0.0663
13,Metropolitana de Santiago,131,Santiago,13113,La Reina,30645,0.0,29437,27136,88.5495,reported,29997,27331,89.1858,reported,29657,27332,89.1891,reported,195,0.7186,0.6363,1,0.0037,0.0033,196,0.7223,0.6396
13,Metropolitana de Santiago,131,Santiago,13114,Las Condes,116322,0.0,125437,110606,95.0861,reported,128250,111691,96.0188,reported,126218,111346,95.7222,reported,1085,0.981,0.9328,-345,-0.3089,-0.2966,740,0.669,0.6362
13,Metropolitana de Santiago,131,Santiago,13115,Lo Barnechea,32513,0.8304,29711,27080,83.2898,reported,31115,28099,86.4239,reported,31399,28510,87.688,reported,1019,3.7629,3.1341,411,1.4627,1.2641,1430,5.2806,4.3982
13,Metropolitana de Santiago,131,Santiago,13116,Lo Espejo,27529,0.0,14859,14530,52.7807,reported,15560,15247,55.3852,reported,15628,15328,55.6795,reported,717,4.9346,2.6045,81,0.5313,0.2942,798,5.4921,2.8988
13,Metropolitana de Santiago,131,Santiago,13117,Lo Prado,31971,0.0,21742,21123,66.0693,reported,22710,22095,69.1095,reported,22468,21938,68.6184,reported,972,4.6016,3.0403,-157,-0.7106,-0.4911,815,3.8584,2.5492
13,Metropolitana de Santiago,131,Santiago,13118,Macul,47638,0.0,42668,40382,84.7685,reported,43972,41646,87.4218,reported,42651,40554,85.1295,reported,1264,3.1301,2.6533,-1092,-2.6221,-2.2923,172,0.4259,0.3611
13,Metropolitana de Santiago,131,Santiago,13119,Maipú,167650,0.51,147252,142385,84.9299,reported,147590,142607,85.0623,reported,149054,144705,86.3137,reported,222,0.1559,0.1324,2098,1.4712,1.2514,2320,1.6294,1.3838
13,Metropolitana de Santiago,131,Santiago,13120,Ñuñoa,108724,0.0,104841,98262,90.3775,reported,109723,102615,94.3812,reported,109235,102785,94.5375,reported,4353,4.43,4.0037,170,0.1657,0.1564,4523,4.603,4.1601
13,Metropolitana de Santiago,131,Santiago,13121,Pedro Aguirre Cerda,32556,0.0,23348,22549,69.2622,reported,23864,23117,71.0069,reported,23278,22636,69.5294,reported,568,2.519,1.7447,-481,-2.0807,-1.4775,87,0.3858,0.2672
13,Metropolitana de Santiago,131,Santiago,13122,Peñalolén,76321,0.0,56464,54352,71.215,reported,57534,55307,72.4663,reported,57580,55481,72.6943,reported,955,1.7571,1.2513,174,0.3146,0.228,1129,2.0772,1.4793
13,Metropolitana de Santiago,131,Santiago,13123,Providencia,69431,0.0,75661,62191,89.5724,reported,77107,62937,90.6468,reported,75627,63116,90.9046,reported,746,1.1995,1.0744,179,0.2844,0.2578,925,1.4874,1.3323
13,Metropolitana de Santiago,131,Santiago,13124,Pudahuel,74288,2.8672,60051,57127,76.8994,reported,60517,57810,77.8188,reported,59738,57296,77.1269,reported,683,1.1956,0.9194,-514,-0.8891,-0.6919,169,0.2958,0.2275
13,Metropolitana de Santiago,131,Santiago,13125,Quilicura,65227,0.256,50468,48044,73.6566,reported,51361,48879,74.9368,reported,51205,48973,75.0809,reported,835,1.738,1.2801,94,0.1923,0.1441,929,1.9336,1.4243
13,Metropolitana de Santiago,131,Santiago,13126,Quinta Normal,45855,0.0,36279,33719,73.534,reported,36480,33953,74.0443,reported,35971,33639,73.3595,reported,234,0.694,0.5103,-314,-0.9248,-0.6848,-80,-0.2373,-0.1745
13,Metropolitana de Santiago,131,Santiago,13127,Recoleta,56276,0.0,39245,36172,64.2761,reported,40011,36940,65.6408,reported,39160,36369,64.6261,reported,768,2.1232,1.3647,-571,-1.5457,-1.0146,197,0.5446,0.3501
13,Metropolitana de Santiago,131,Santiago,13128,Renca,46588,0.0,32900,31362,67.3178,reported,33844,32383,69.5093,reported,34589,33227,71.3209,reported,1021,3.2555,2.1916,844,2.6063,1.8116,1865,5.9467,4.0032
13,Metropolitana de Santiago,131,Santiago,13129,San Joaquín,33568,0.0,25287,23795,70.886,reported,25957,24567,73.1858,reported,26802,25433,75.7656,reported,772,3.2444,2.2998,866,3.5251,2.5798,1638,6.8838,4.8796
13,Metropolitana de Santiago,131,Santiago,13130,San Miguel,60402,0.0,57074,53661,88.8398,reported,57187,53801,89.0716,reported,55879,52944,87.6527,reported,140,0.2609,0.2318,-857,-1.5929,-1.4188,-717,-1.3362,-1.187
13,Metropolitana de Santiago,131,Santiago,13131,San Ramón,25014,0.0,14739,14351,57.3719,reported,15045,14643,58.5392,reported,15052,14709,58.8031,reported,292,2.0347,1.1673,66,0.4507,0.2639,358,2.4946,1.4312
13,Metropolitana de Santiago,131,Santiago,13132,Vitacura,31142,0.0,35902,30870,99.1266,reported,37256,31527,101.2363,reported,37041,31810,102.145,reported,657,2.1283,2.1097,283,0.8976,0.9087,940,3.045,3.0184
13,Metropolitana de Santiago,132,Cordillera,13201,Puente Alto,183615,0.0033,147386,143270,78.0274,reported,146458,142499,77.6075,reported,144125,140600,76.5733,reported,-771,-0.5381,-0.4199,-1899,-1.3326,-1.0342,-2670,-1.8636,-1.4541
13,Metropolitana de Santiago,132,Cordillera,13202,Pirque,9195,57.2159,3094,3044,33.1049,reported,4172,4089,44.4698,reported,4436,4338,47.1778,reported,1045,34.3298,11.3649,249,6.0895,2.708,1294,42.5099,14.0729
13,Metropolitana de Santiago,132,Cordillera,13203,San José de Maipo,6383,33.5422,1392,1317,20.6329,reported,1720,1623,25.4269,reported,2178,2079,32.5709,reported,306,23.2346,4.794,456,28.0961,7.144,762,57.8588,11.938
13,Metropolitana de Santiago,133,Chacabuco,13301,Colina,51045,15.4942,37533,35710,69.9579,reported,38928,37095,72.6712,reported,41205,39273,76.938,reported,1385,3.8785,2.7133,2178,5.8714,4.2668,3563,9.9776,6.9801
13,Metropolitana de Santiago,133,Chacabuco,13302,Lampa,45519,18.4516,24599,23527,51.6861,reported,23547,22409,49.23,reported,23878,22659,49.7792,reported,-1118,-4.752,-2.4561,250,1.1156,0.5492,-868,-3.6894,-1.9069
13,Metropolitana de Santiago,133,Chacabuco,13303,Tiltil,6592,25.9405,3095,3018,45.7828,reported,3581,3498,53.0643,reported,3686,3593,54.5055,reported,480,15.9046,7.2816,95,2.7158,1.4411,575,19.0524,8.7227
13,Metropolitana de Santiago,134,Maipo,13401,San Bernardo,99053,1.4336,67574,65313,65.9374,reported,69339,66570,67.2064,reported,69855,67734,68.3816,reported,1257,1.9246,1.269,1164,1.7485,1.1751,2421,3.7068,2.4441
13,Metropolitana de Santiago,134,Maipo,13402,Buin,37708,10.8889,22436,21695,57.5342,reported,22224,21378,56.6935,reported,21829,21062,55.8555,reported,-317,-1.4612,-0.8407,-316,-1.4782,-0.838,-633,-2.9177,-1.6787
13,Metropolitana de Santiago,134,Maipo,13403,Calera de Tango,7859,58.2517,3492,3410,43.3897,reported,3841,3753,47.7542,reported,4046,3962,50.4135,reported,343,10.0587,4.3644,209,5.5689,2.6594,552,16.1877,7.0238
13,Metropolitana de Santiago,134,Maipo,13404,Paine,25952,33.9704,7915,7648,29.4698,reported,8385,8116,31.2731,reported,8408,8141,31.3695,reported,468,6.1192,1.8033,25,0.308,0.0963,493,6.4461,1.8997
13,Metropolitana de Santiago,135,Melipilla,13501,Melipilla,46619,30.5305,19276,18570,39.8335,reported,19643,18917,40.5779,reported,20068,19353,41.5131,reported,347,1.8686,0.7443,436,2.3048,0.9352,783,4.2165,1.6796
13,Metropolitana de Santiago,135,Melipilla,13502,Alhué,2777,46.1289,2160,2144,77.2056,reported,2738,2700,97.2272,reported,2768,2733,98.4156,reported,556,25.9328,20.0216,33,1.2222,1.1883,589,27.472,21.2099
13,Metropolitana de Santiago,135,Melipilla,13503,Curacaví,12020,42.6789,3566,3489,29.0266,reported,4249,4097,34.0849,reported,4425,4287,35.6656,reported,608,17.4262,5.0582,190,4.6375,1.5807,798,22.8719,6.6389
13,Metropolitana de Santiago,135,Melipilla,13504,María Pinto,5248,57.279,301,296,5.6402,reported,3010,2954,56.2881,reported,3291,3169,60.3849,reported,2658,897.973,50.6479,215,7.2783,4.0968,2873,970.6081,54.7447
13,Metropolitana de Santiago,135,Melipilla,13505,San Pedro,3975,100.0,501,486,12.2264,reported,581,546,13.7358,reported,634,600,15.0943,reported,60,12.3457,1.5094,54,9.8901,1.3585,114,23.4568,2.8679
13,Metropolitana de Santiago,136,Talagante,13601,Talagante,24483,20.0833,15841,15147,61.8674,reported,16068,15387,62.8477,reported,15978,15347,62.6843,reported,240,1.5845,0.9803,-40,-0.26,-0.1634,200,1.3204,0.8169
13,Metropolitana de Santiago,136,Talagante,13602,El Monte,12174,17.1924,6687,6605,54.255,reported,6752,6671,54.7971,reported,6769,6697,55.0107,reported,66,0.9992,0.5421,26,0.3897,0.2136,92,1.3929,0.7557
13,Metropolitana de Santiago,136,Talagante,13603,Isla de Maipo,13043,24.5572,4935,4800,36.8013,reported,6563,6387,48.9688,reported,6569,6414,49.1758,reported,1587,33.0625,12.1674,27,0.4227,0.207,1614,33.625,12.3745
13,Metropolitana de Santiago,136,Talagante,13604,Padre Hurtado,26172,6.484,20768,20311,77.6058,reported,21498,20959,80.0818,reported,23070,22466,85.8398,reported,648,3.1904,2.4759,1507,7.1902,5.7581,2155,10.61,8.234
13,Metropolitana de Santiago,136,Talagante,13605,Peñaflor,30805,7.1157,23182,22460,72.9102,reported,23425,22736,73.8062,reported,24193,23410,75.9942,reported,276,1.2289,0.896,674,2.9645,2.188,950,4.2297,3.0839
14,Los Ríos,141,Valdivia,14101,Valdivia,63322,10.6803,50274,47966,75.7493,reported,49934,47909,75.6593,reported,50119,48262,76.2168,reported,-57,-0.1188,-0.09,353,0.7368,0.5575,296,0.6171,0.4675
14,Los Ríos,141,Valdivia,14102,Corral,2133,48.0544,401,362,16.9714,reported,420,387,18.1435,reported,506,468,21.9409,reported,25,6.9061,1.1721,81,20.9302,3.7975,106,29.2818,4.9695
14,Los Ríos,141,Valdivia,14103,Lanco,6435,35.0272,2516,2461,38.244,reported,2588,2539,39.4561,reported,2776,2727,42.3776,reported,78,3.1694,1.2121,188,7.4045,2.9215,266,10.8086,4.1336
14,Los Ríos,141,Valdivia,14104,Los Lagos,7910,53.1606,2142,2078,26.2705,reported,2319,2245,28.3818,reported,2559,2479,31.3401,reported,167,8.0366,2.1113,234,10.4232,2.9583,401,19.2974,5.0695
14,Los Ríos,141,Valdivia,14105,Máfil,2954,44.719,1135,1110,37.5762,reported,1065,1039,35.1726,reported,1193,1162,39.3365,reported,-71,-6.3964,-2.4035,123,11.8383,4.1638,52,4.6847,1.7603
14,Los Ríos,141,Valdivia,14106,Mariquina,8230,57.3026,3389,3292,40.0,reported,3689,3582,43.5237,reported,3983,3861,46.9137,reported,290,8.8092,3.5237,279,7.7889,3.39,569,17.2843,6.9137
14,Los Ríos,141,Valdivia,14107,Paillaco,7304,44.5783,2672,2595,35.5285,reported,2803,2730,37.3768,reported,3064,2984,40.8543,reported,135,5.2023,1.8483,254,9.304,3.4775,389,14.9904,5.3258
14,Los Ríos,141,Valdivia,14108,Panguipulli,13326,60.7309,4013,3840,28.8158,reported,4550,4354,32.673,reported,5302,5101,38.2786,reported,514,13.3854,3.8571,747,17.1566,5.6056,1261,32.8385,9.4627
14,Los Ríos,142,Ranco,14201,La Unión,14616,34.5512,8298,7998,54.7209,reported,8603,8333,57.0129,reported,9018,8741,59.8043,reported,335,4.1885,2.292,408,4.8962,2.7915,743,9.2898,5.0835
14,Los Ríos,142,Ranco,14202,Futrono,5763,49.2278,1026,994,17.248,reported,1245,1209,20.9787,reported,1703,1665,28.8912,reported,215,21.6298,3.7307,456,37.7171,7.9125,671,67.505,11.6432
14,Los Ríos,142,Ranco,14203,Lago Ranco,4090,81.1247,526,506,12.3716,reported,665,634,15.5012,reported,951,917,22.4205,reported,128,25.2964,3.1296,283,44.6372,6.9193,411,81.2253,10.0489
14,Los Ríos,142,Ranco,14204,Río Bueno,12942,46.3452,5232,5100,39.4066,reported,5336,5200,40.1793,reported,5783,5637,43.5559,reported,100,1.9608,0.7727,437,8.4038,3.3766,537,10.5294,4.1493
15,Arica y Parinacota,151,Arica,15101,Arica,80658,7.7289,58981,55299,68.5598,reported,59419,55887,69.2888,reported,59011,55782,69.1587,reported,588,1.0633,0.729,-105,-0.1879,-0.1302,483,0.8734,0.5988
15,Arica y Parinacota,151,Arica,15102,Camarones,437,100.0,42,32,7.3227,reported,62,41,9.3822,reported,78,57,13.0435,reported,9,28.125,2.0595,16,39.0244,3.6613,25,78.125,5.7208
15,Arica y Parinacota,152,Parinacota,15201,Putre,621,42.351,82,45,7.2464,reported,110,58,9.3398,reported,129,80,12.8824,reported,13,28.8889,2.0934,22,37.931,3.5427,35,77.7778,5.6361
15,Arica y Parinacota,152,Parinacota,15202,General Lagos,227,100.0,37,27,11.8943,reported,123,102,44.9339,reported,1128,1010,444.9339,reported,75,277.7778,33.0396,908,890.1961,400.0,983,3640.7407,433.0396
16,Ñuble,161,Diguillín,16101,Chillán,70266,10.7335,57591,54230,77.1782,reported,60368,57405,81.6967,reported,56979,54343,77.339,reported,3175,5.8547,4.5185,-3062,-5.334,-4.3577,113,0.2084,0.1608
16,Ñuble,161,Diguillín,16102,Bulnes,8775,39.943,3204,3130,35.6695,reported,3490,3414,38.906,reported,3760,3680,41.9373,reported,284,9.0735,3.2365,266,7.7914,3.0313,550,17.5719,6.2678
16,Ñuble,161,Diguillín,16103,Chillán Viejo,11764,17.1285,5307,5087,43.2421,reported,4497,4288,36.4502,reported,10946,10452,88.8473,reported,-799,-15.7067,-6.7919,6164,143.75,52.3971,5365,105.4649,45.6052
16,Ñuble,161,Diguillín,16104,El Carmen,5014,58.0574,484,467,9.3139,reported,587,572,11.4081,reported,674,660,13.1631,reported,105,22.4839,2.0941,88,15.3846,1.7551,193,41.3276,3.8492
16,Ñuble,161,Diguillín,16105,Pemuco,3245,52.5116,724,703,21.6641,reported,820,792,24.4068,reported,914,884,27.2419,reported,89,12.66,2.7427,92,11.6162,2.8351,181,25.7468,5.5778
16,Ñuble,161,Diguillín,16106,Pinto,4783,55.3,1772,1732,36.2116,reported,2204,2185,45.6826,reported,2458,2440,51.014,reported,453,26.1547,9.471,255,11.6705,5.3314,708,40.8776,14.8024
16,Ñuble,161,Diguillín,16107,Quillón,7533,46.1038,2803,2757,36.599,reported,3048,2986,39.6389,reported,3284,3224,42.7984,reported,229,8.3061,3.04,238,7.9705,3.1594,467,16.9387,6.1994
16,Ñuble,161,Diguillín,16108,San Ignacio,6621,66.1985,1018,1009,15.2394,reported,1118,1107,16.7195,reported,1265,1252,18.9095,reported,98,9.7126,1.4801,145,13.0985,2.19,243,24.0833,3.6701
16,Ñuble,161,Diguillín,16109,Yungay,7316,27.5014,2802,2743,37.4932,reported,2841,2806,38.3543,reported,2795,2756,37.6709,reported,63,2.2968,0.8611,-50,-1.7819,-0.6834,13,0.4739,0.1777
16,Ñuble,162,Itata,16201,Quirihue,4650,21.4839,963,928,19.957,reported,991,960,20.6452,reported,990,958,20.6022,reported,32,3.4483,0.6882,-2,-0.2083,-0.043,30,3.2328,0.6452
16,Ñuble,162,Itata,16202,Cobquecura,2312,68.8149,612,604,26.1246,reported,748,726,31.4014,reported,839,817,35.3374,reported,122,20.1987,5.2768,91,12.5344,3.936,213,35.2649,9.2128
16,Ñuble,162,Itata,16203,Coelemu,5642,32.6125,2519,2486,44.0624,reported,2640,2605,46.1716,reported,2827,2798,49.5923,reported,119,4.7868,2.1092,193,7.4088,3.4208,312,12.5503,5.53
16,Ñuble,162,Itata,16204,Ninhue,2309,72.8021,305,300,12.9926,reported,364,350,15.1581,reported,374,361,15.6345,reported,50,16.6667,2.1654,11,3.1429,0.4764,61,20.3333,2.6418
16,Ñuble,162,Itata,16205,Portezuelo,2047,63.3122,236,227,11.0894,reported,285,274,13.3854,reported,330,318,15.5349,reported,47,20.7048,2.296,44,16.0584,2.1495,91,40.0881,4.4455
16,Ñuble,162,Itata,16206,Ránquil,2618,73.9496,497,475,18.1436,reported,616,585,22.3453,reported,686,655,25.0191,reported,110,23.1579,4.2017,70,11.9658,2.6738,180,37.8947,6.8755
16,Ñuble,162,Itata,16207,Trehuaco,2336,63.0137,393,387,16.5668,reported,442,427,18.2791,reported,464,449,19.2209,reported,40,10.3359,1.7123,22,5.1522,0.9418,62,16.0207,2.6541
16,Ñuble,163,Punilla,16301,San Carlos,20691,38.4467,8260,7823,37.8087,reported,8625,8246,39.8531,reported,9959,9517,45.9958,reported,423,5.4071,2.0444,1271,15.4135,6.1428,1694,21.6541,8.1871
16,Ñuble,163,Punilla,16302,Coihueco,10473,69.2256,1311,1284,12.2601,reported,1526,1488,14.208,reported,1568,1527,14.5803,reported,204,15.8879,1.9479,39,2.621,0.3724,243,18.9252,2.3203
16,Ñuble,163,Punilla,16303,Ñiquén,4921,88.7624,350,334,6.7872,reported,292,287,5.8321,reported,370,364,7.3969,reported,-47,-14.0719,-0.9551,77,26.8293,1.5647,30,8.982,0.6096
16,Ñuble,163,Punilla,16304,San Fabián,2023,61.6411,609,602,29.7578,reported,685,674,33.3169,reported,714,703,34.7504,reported,72,11.9601,3.5591,29,4.3027,1.4335,101,16.7774,4.9926
16,Ñuble,163,Punilla,16305,San Nicolás,5445,67.64,531,520,9.55,reported,586,572,10.5051,reported,663,648,11.9008,reported,52,10.0,0.955,76,13.2867,1.3958,128,24.6154,2.3508
