period,year,operator,operator_source_label,connections,connection_share_pct,traffic_tb,traffic_share_pct
2010-06,2010,Movistar,Telefónica,765080,43.732402,,
2010-06,2010,Grupo Claro-VTR,Grupo Claro-VTR,790659,45.194512,,
2010-06,2010,GTD,Grupo GTD,135046,7.719305,,
2010-06,2010,Entel,Grupo ENTEL,21710,1.240956,,
2010-06,2010,Mundo,Mundo,9287,0.53085,,
2010-06,2010,Otros,Otros,27676,1.581976,,
2011-06,2011,Movistar,Telefónica,811828,42.002495,,
2011-06,2011,Grupo Claro-VTR,Grupo Claro-VTR,910182,47.091151,,
2011-06,2011,GTD,Grupo GTD,148280,7.671736,,
2011-06,2011,Entel,Grupo ENTEL,21065,1.089865,,
2011-06,2011,Mundo,Mundo,14321,0.740942,,
2011-06,2011,Otros,Otros,27133,1.403812,,
2012-06,2012,Movistar,Telefónica,872892,41.61692,,
2012-06,2012,Grupo Claro-VTR,Grupo Claro-VTR,992586,47.323577,,
2012-06,2012,GTD,Grupo GTD,163289,7.785139,,
2012-06,2012,Entel,Grupo ENTEL,20133,0.959882,,
2012-06,2012,Mundo,Mundo,19146,0.912825,,
2012-06,2012,Otros,Otros,29399,1.401658,,
2013-06,2013,Movistar,Telefónica,880848,38.967937,,
2013-06,2013,Grupo Claro-VTR,Grupo Claro-VTR,1111084,49.153374,,
2013-06,2013,GTD,Grupo GTD,181262,8.018871,,
2013-06,2013,Entel,Grupo ENTEL,29538,1.306735,,
2013-06,2013,Mundo,Mundo,26763,1.183971,,
2013-06,2013,Otros,Otros,30948,1.369112,,
2014-06,2014,Movistar,Telefónica,932696,38.404804,,
2014-06,2014,Grupo Claro-VTR,Grupo Claro-VTR,1191691,49.069214,,
2014-06,2014,GTD,Grupo GTD,206351,8.496734,,
2014-06,2014,Entel,Grupo ENTEL,30673,1.262995,,
2014-06,2014,Mundo,Mundo,36025,1.48337,,
2014-06,2014,Otros,Otros,31156,1.282883,,
2015-06,2015,Movistar,Telefónica,992907,37.97178,,
2015-06,2015,Grupo Claro-VTR,Grupo Claro-VTR,1284621,49.12781,,
2015-06,2015,GTD,Grupo GTD,223240,8.537376,,
2015-06,2015,Entel,Grupo ENTEL,31549,1.20653,,
2015-06,2015,Mundo,Mundo,48888,1.869626,,
2015-06,2015,Otros,Otros,33650,1.286878,,
2016-06,2016,Movistar,Telefónica,1030385,36.402379,,
2016-06,2016,Grupo Claro-VTR,Grupo Claro-VTR,1410688,49.83807,,
2016-06,2016,GTD,Grupo GTD,248879,8.792624,,
2016-06,2016,Entel,Grupo ENTEL,36534,1.290706,,
2016-06,2016,Mundo,Mundo,70613,2.49468,,
2016-06,2016,Otros,Otros,33444,1.18154,,
2017-06,2017,Movistar,Telefónica,1037560,34.424068,,
2017-06,2017,Grupo Claro-VTR,Grupo Claro-VTR,1555739,51.616162,,
2017-06,2017,GTD,Grupo GTD,258165,8.565374,,
2017-06,2017,Entel,Grupo ENTEL,35394,1.174299,,
2017-06,2017,Mundo,Mundo,98888,3.280897,,
2017-06,2017,Otros,Otros,28308,0.9392,,
2018-06,2018,Movistar,Telefónica,1015000,32.164622,,
2018-06,2018,Grupo Claro-VTR,Grupo Claro-VTR,1671602,52.971868,,
2018-06,2018,GTD,Grupo GTD,262362,8.314064,,
2018-06,2018,Entel,Grupo ENTEL,48442,1.535092,,
2018-06,2018,Mundo,Mundo,135586,4.296623,,
2018-06,2018,Otros,Otros,22649,0.717731,,
2019-06,2019,Movistar,Telefónica,996198,29.298269,212800.614342,27.158071
2019-06,2019,Grupo Claro-VTR,Grupo Claro-VTR,1757042,51.674757,384738.811464,49.101193
2019-06,2019,GTD,Grupo GTD,268245,7.889109,44027.734481,5.618914
2019-06,2019,Entel,Grupo ENTEL,162713,4.785403,87416.210156,11.156244
2019-06,2019,Mundo,Mundo,196988,5.793434,54340.792896,6.935089
2019-06,2019,Otros,Otros,19008,0.559027,,
2020-06,2020,Movistar,Telefónica,909702,25.352169,351346.273226,26.51777
2020-06,2020,Grupo Claro-VTR,Grupo Claro-VTR,1829296,50.980015,580430.251181,43.807824
2020-06,2020,GTD,Grupo GTD,281316,7.839898,93782.293364,7.078194
2020-06,2020,Entel,Grupo ENTEL,231526,6.452318,145918.252031,11.013143
2020-06,2020,Mundo,Mundo,316709,8.826253,153280.055461,11.568773
2020-06,2020,Otros,Otros,19712,0.549347,,
2021-06,2021,Movistar,Telefónica,1143187,27.953516,547076.133353,31.049343
2021-06,2021,Grupo Claro-VTR,Grupo Claro-VTR,1742383,42.605218,615082.449864,34.909046
2021-06,2021,GTD,Grupo GTD,325075,7.948821,126565.967717,7.18326
2021-06,2021,Entel,Grupo ENTEL,277595,6.787828,147658.614797,8.380375
2021-06,2021,Mundo,Mundo,508139,12.425152,303601.607388,17.23093
2021-06,2021,Otros,Otros,93221,2.279465,,
2022-06,2022,Movistar,Telefónica,1318531,29.813312,684905.104655,32.175415
2022-06,2022,Grupo Claro-VTR,Grupo Claro-VTR,1623921,36.718487,625812.178607,29.399352
2022-06,2022,GTD,Grupo GTD,336076,7.599016,132981.272686,6.247183
2022-06,2022,Entel,Grupo ENTEL,298151,6.741494,210226.322354,9.875995
2022-06,2022,Mundo,Mundo,671319,15.179198,403410.305131,18.951376
2022-06,2022,Otros,Otros,174627,3.948492,,
2023-06,2023,Movistar,Telefónica,1415813,31.745811,769152.843856,30.125376
2023-06,2023,Grupo Claro-VTR,Grupo Claro-VTR,1356678,30.419867,743660.635256,29.126924
2023-06,2023,GTD,Grupo GTD,324741,7.281446,147006.249044,5.757787
2023-06,2023,Entel,Grupo ENTEL,318772,7.147607,264751.927248,10.369527
2023-06,2023,Mundo,Mundo,795541,17.837874,509295.319008,19.947548
2023-06,2023,Otros,Otros,248297,5.567395,,
2024-06,2024,Movistar,Telefónica,1357856,29.449211,808455.364583,27.835347
2024-06,2024,Grupo Claro-VTR,Grupo Claro-VTR,1394105,30.23538,828648.14067,28.53059
2024-06,2024,GTD,Grupo GTD,308732,6.695786,170089.221315,5.85622
2024-06,2024,Entel,Grupo ENTEL,374785,8.128345,345585.298507,11.8986
2024-06,2024,Mundo,Mundo,871090,18.892219,621557.942248,21.400416
2024-06,2024,Otros,Otros,304272,6.599058,,
2025-06,2025,Movistar,Telefónica,1332856,28.094573,821617.934461,28.179113
2025-06,2025,Grupo Claro-VTR,Grupo Claro-VTR,1309492,27.602096,739604.021367,25.366273
2025-06,2025,GTD,Grupo GTD,295890,6.23691,182268.177168,6.25127
2025-06,2025,Entel,Grupo ENTEL,466389,9.830769,387306.33391,13.283484
2025-06,2025,Mundo,Mundo,971024,20.467706,652182.503297,22.367969
2025-06,2025,Otros,Otros,368525,7.767945,,
2026-06,2026,Movistar,Telefónica,1299891,26.52639,812821.691219,23.71616
2026-06,2026,Grupo Claro-VTR,Grupo Claro-VTR,1274737,26.013082,880963.870984,25.704383
2026-06,2026,GTD,Grupo GTD,302599,6.175025,217626.327135,6.349807
2026-06,2026,Entel,Grupo ENTEL,536613,10.950461,437315.339782,12.759798
2026-06,2026,Mundo,Mundo,1037607,21.174059,934366.639748,27.262546
2026-06,2026,Otros,Otros,448922,9.160984,,
