dataset,sheet,row,values
fixed_connections,7.1.CO_TOT_FIJAS,2, ||  || SERVICIO ACCESO A INTERNET: ||  ||  ||  ||  ||  ||  ||  ||  ||  ||  ||  ||  ||  ||  ||  ||  ||  ||  ||  ||  ||  || 
fixed_connections,7.1.CO_TOT_FIJAS,3, ||  || NÚMERO DE CONEXIONES TOTALES FIJAS ||  ||  ||  ||  ||  ||  ||  ||  ||  ||  ||  ||  ||  ||  ||  ||  ||  ||  ||  ||  ||  || 
fixed_connections,7.1.CO_TOT_FIJAS,6, ||  || << VOLVER ||  ||  ||  ||  ||  ||  ||  ||  ||  ||  ||  ||  ||  ||  ||  ||  ||  ||  ||  ||  ||  || 
fixed_connections,7.1.CO_TOT_FIJAS,7, ||  || SERVICIO ACCESO A INTERNET: NÚMERO DE CONEXIONES TOTALES FIJAS ||  ||  ||  ||  ||  ||  ||  ||  ||  ||  ||  ||  ||  ||  ||  ||  ||  ||  ||  ||  ||  || 
fixed_connections,7.1.CO_TOT_FIJAS,8, ||  || Año || Mes || Total de Conexiones || Crecimiento Anual || Penetración cada 100 hab. || Crecimiento Anual P.B. ||  ||  ||  ||  ||  ||  ||  ||  ||  ||  ||  ||  ||  ||  ||  ||  || 
fixed_connections,7.1.CO_TOT_FIJAS,9, ||  || 2000 || Dic || 585489 ||  || 3.788110776403903 ||  ||  ||  ||  ||  ||  ||  ||  ||  ||  ||  ||  ||  ||  ||  ||  ||  || 
fixed_connections,7.1.CO_TOT_FIJAS,10, ||  || 2001 || Dic || 698127 || 0.192382777473189 || 4.466250596164778 || 0.6781398197608746 ||  ||  ||  ||  ||  ||  ||  ||  ||  ||  ||  ||  ||  ||  ||  ||  || 
fixed_connections,7.1.CO_TOT_FIJAS,11, ||  || 2002 || Dic || 757760 || 0.08541855564961676 || 4.795742057479414 || 0.32949146131463625 ||  ||  ||  ||  ||  ||  ||  ||  ||  ||  ||  ||  ||  ||  ||  ||  || 
fixed_connections,7.1.CO_TOT_FIJAS,12, ||  || 2003 || Dic || 836007 || 0.1032609269425675 || 5.236985385926259 || 0.4412433284468449 ||  ||  ||  ||  ||  ||  ||  ||  ||  ||  ||  ||  ||  ||  ||  ||  || 
fixed_connections,7.1.CO_TOT_FIJAS,13, ||  || 2004 || Dic || 805315 || -0.03671261125803971 || 4.99584390502577 || -0.24114148090048904 ||  ||  ||  ||  ||  ||  ||  ||  ||  ||  ||  ||  ||  ||  ||  ||  || 
fixed_connections,7.1.CO_TOT_FIJAS,14, ||  || 2005 || Dic || 906079 || 0.12512370935596628 || 5.566621613319408 || 0.5707777082936385 ||  ||  ||  ||  ||  ||  ||  ||  ||  ||  ||  ||  ||  ||  ||  ||  || 
fixed_connections,7.1.CO_TOT_FIJAS,15, ||  || 2006 || Dic || 1087738 || 0.2004891405716278 || 6.617826134967421 || 1.051204521648013 ||  ||  ||  ||  ||  ||  ||  ||  ||  ||  ||  ||  ||  ||  ||  ||  || 
fixed_connections,7.1.CO_TOT_FIJAS,16, ||  || 2007 || Dic || 1331919 || 0.22448512417512312 || 8.024943184827308 || 1.4071170498598864 ||  ||  ||  ||  ||  ||  ||  ||  ||  ||  ||  ||  ||  ||  ||  ||  || 
fixed_connections,7.1.CO_TOT_FIJAS,17, ||  || 2008 || Dic || 1439009 || 0.08040278725658245 || 8.582281046296972 || 0.557337861469664 ||  ||  ||  ||  ||  ||  ||  ||  ||  ||  ||  ||  ||  ||  ||  ||  || 
fixed_connections,7.1.CO_TOT_FIJAS,18, ||  || 2009 || Dic || 1695034 || 0.17791758077955033 || 10.003888749309406 || 1.4216077030124339 ||  ||  ||  ||  ||  ||  ||  ||  ||  ||  ||  ||  ||  ||  ||  ||  || 
fixed_connections,7.1.CO_TOT_FIJAS,19, ||  || 2010 || Dic || 1819564 || 0.07346755286324647 || 10.630151702073203 || 0.6262629527637973 ||  ||  ||  ||  ||  ||  ||  ||  ||  ||  ||  ||  ||  ||  ||  ||  || 
fixed_connections,7.1.CO_TOT_FIJAS,20, ||  || 2011 || Dic || 2025042 || 0.11292705285442017 || 11.710807794906717 || 1.0806560928335145 ||  ||  ||  ||  ||  ||  ||  ||  ||  ||  ||  ||  ||  ||  ||  ||  || 
fixed_connections,7.1.CO_TOT_FIJAS,21, ||  || 2012 || Dic || 2186173 || 0.07956921387309501 || 12.514524945067244 || 0.8037171501605265 ||  ||  ||  ||  ||  ||  ||  ||  ||  ||  ||  ||  ||  ||  ||  ||  || 
fixed_connections,7.1.CO_TOT_FIJAS,22, ||  || 2013 || Dic || 2309572 || 0.05644521270732006 || 13.085444923269105 || 0.5709199782018608 ||  ||  ||  ||  ||  ||  ||  ||  ||  ||  ||  ||  ||  ||  ||  ||  || 
fixed_connections,7.1.CO_TOT_FIJAS,23, ||  || 2014 || Dic || 2501356 || 0.08303876216026174 || 14.014145717632239 || 0.9287007943631345 ||  ||  ||  ||  ||  ||  ||  ||  ||  ||  ||  ||  ||  ||  ||  ||  || 
fixed_connections,7.1.CO_TOT_FIJAS,24, ||  || 2015 || Dic || 2729251 || 0.09110858270474087 || 15.111342746610738 || 1.0971970289784991 ||  ||  ||  ||  ||  ||  ||  ||  ||  ||  ||  ||  ||  ||  ||  ||  || 
fixed_connections,7.1.CO_TOT_FIJAS,25, ||  || 2016 || Dic || 2912133 || 0.06700812787097998 || 15.895064398543113 || 0.7837216519323746 ||  ||  ||  ||  ||  ||  ||  ||  ||  ||  ||  ||  ||  ||  ||  ||  || 
fixed_connections,7.1.CO_TOT_FIJAS,26, ||  || 2017 || Dic || 3068528 || 0.05370462132052345 || 16.497399391647484 || 0.6023349931043711 ||  ||  ||  ||  ||  ||  ||  ||  ||  ||  ||  ||  ||  ||  ||  ||  || 
fixed_connections,7.1.CO_TOT_FIJAS,27, ||  || 2018 || Dic || 3256097 || 0.061126703096729074 || 17.219898480722406 || 0.7224990890749226 ||  ||  ||  ||  ||  ||  ||  ||  ||  ||  ||  ||  ||  ||  ||  ||  || 
fixed_connections,7.1.CO_TOT_FIJAS,28, ||  || 2019 || Dic || 3434767 || 0.054872443910608304 || 17.916328876185545 || 0.696430395463139 ||  ||  ||  ||  ||  ||  ||  ||  ||  ||  ||  ||  ||  ||  ||  ||  || 
fixed_connections,7.7.CO_TEC_FIJAS,2, || SERVICIO ACCESO A INTERNET: CONEXIONES FIJAS POR TIPO DE TECNOLOGÍA ||  ||  ||  ||  ||  ||  ||  ||  ||  ||  ||  ||  ||  ||  ||  ||  ||  ||  ||  ||  ||  ||  || 
fixed_connections,7.7.CO_TEC_FIJAS,5, || << VOLVER ||  ||  ||  ||  ||  ||  ||  ||  ||  ||  ||  ||  ||  ||  ||  ||  ||  ||  ||  ||  ||  ||  || 
fixed_connections,7.7.CO_TEC_FIJAS,6, || Año || Mes || Total de Conexiones Fijas || Conexiones ADSL || Conexiones por HFC (Cable Modem) || Conexiones FTTX (Fibra Optica) || Conexiones Otras Tecnologías ||  ||  ||  ||  ||  ||  ||  ||  ||  ||  ||  ||  ||  ||  ||  ||  || 
fixed_connections,7.7.CO_TEC_FIJAS,7, || 2000 || Dic || 585489 || --- || --- ||  || 585489 ||  ||  ||  ||  ||  ||  ||  ||  ||  ||  ||  ||  ||  ||  ||  ||  || 
fixed_connections,7.7.CO_TEC_FIJAS,8, || 2001 || Dic || 698127 || 25351 || 36669 ||  || 636107 ||  ||  ||  ||  ||  ||  ||  ||  ||  ||  ||  ||  ||  ||  ||  ||  || 
fixed_connections,7.7.CO_TEC_FIJAS,9, || 2002 || Dic || 757760 || 72909 || 93475 ||  || 591376 ||  ||  ||  ||  ||  ||  ||  ||  ||  ||  ||  ||  ||  ||  ||  ||  || 
fixed_connections,7.7.CO_TEC_FIJAS,10, || 2003 || Dic || 836007 || 160448 || 161623 ||  || 513936 ||  ||  ||  ||  ||  ||  ||  ||  ||  ||  ||  ||  ||  ||  ||  ||  || 
fixed_connections,7.7.CO_TEC_FIJAS,11, || 2004 || Dic || 805315 || 239999 || 210250 ||  || 355066 ||  ||  ||  ||  ||  ||  ||  ||  ||  ||  ||  ||  ||  ||  ||  ||  || 
fixed_connections,7.7.CO_TEC_FIJAS,12, || 2005 || Dic || 906079 || 379918 || 303428 ||  || 222733 ||  ||  ||  ||  ||  ||  ||  ||  ||  ||  ||  ||  ||  ||  ||  ||  || 
fixed_connections,7.7.CO_TEC_FIJAS,13, || 2006 || Dic || 1087738 || 584098 || 424224 ||  || 79416 ||  ||  ||  ||  ||  ||  ||  ||  ||  ||  ||  ||  ||  ||  ||  ||  || 
fixed_connections,7.7.CO_TEC_FIJAS,14, || 2007 || Dic || 1331919 || 760482 || 537603 ||  || 33834 ||  ||  ||  ||  ||  ||  ||  ||  ||  ||  ||  ||  ||  ||  ||  ||  || 
fixed_connections,7.7.CO_TEC_FIJAS,15, || 2008 || Dic || 1439009 || 816702 || 605889 ||  || 16418 ||  ||  ||  ||  ||  ||  ||  ||  ||  ||  ||  ||  ||  ||  ||  ||  || 
fixed_connections,7.7.CO_TEC_FIJAS,16, || 2009 || Dic || 1695034 || 905787 || 758943 ||  || 30304 ||  ||  ||  ||  ||  ||  ||  ||  ||  ||  ||  ||  ||  ||  ||  ||  || 
fixed_connections,7.7.CO_TEC_FIJAS,17, || 2010 || Dic || 1819564 || 947781 || 847117 || 1631 || 23035 ||  ||  ||  ||  ||  ||  ||  ||  ||  ||  ||  ||  ||  ||  ||  ||  || 
fixed_connections,7.7.CO_TEC_FIJAS,18, || 2011 || Dic || 2025042 || 1012603 || 977194 || 11656 || 23589 ||  ||  ||  ||  ||  ||  ||  ||  ||  ||  ||  ||  ||  ||  ||  ||  || 
fixed_connections,7.7.CO_TEC_FIJAS,19, || 2012 || Dic || 2186173 || 1000444 || 1075407 || 40003 || 70319 ||  ||  ||  ||  ||  ||  ||  ||  ||  ||  ||  ||  ||  ||  ||  ||  || 
fixed_connections,7.7.CO_TEC_FIJAS,20, || 2013 || Dic || 2309572 || 983055 || 1163502 || 67059 || 95956 ||  ||  ||  ||  ||  ||  ||  ||  ||  ||  ||  ||  ||  ||  ||  ||  || 
fixed_connections,7.7.CO_TEC_FIJAS,21, || 2014 || Dic || 2501356 || 956428 || 1257752 || 154604 || 132572 ||  ||  ||  ||  ||  ||  ||  ||  ||  ||  ||  ||  ||  ||  ||  ||  || 
fixed_connections,7.7.CO_TEC_FIJAS,22, || 2015 || Dic || 2729251 || 928851 || 1394489 || 224317 || 181594 ||  ||  ||  ||  ||  ||  ||  ||  ||  ||  ||  ||  ||  ||  ||  ||  || 
fixed_connections,7.7.CO_TEC_FIJAS,23, || 2016 || Dic || 2912133 || 837735 || 1567991 || 293504 || 212903 ||  ||  ||  ||  ||  ||  ||  ||  ||  ||  ||  ||  ||  ||  ||  ||  || 
fixed_connections,7.7.CO_TEC_FIJAS,24, || 2017 || Dic || 3068528 || 773832 || 1683121 || 402488 || 209087 ||  ||  ||  ||  ||  ||  ||  ||  ||  ||  ||  ||  ||  ||  ||  ||  || 
fixed_connections,7.7.CO_TEC_FIJAS,25, || 2018 || Dic || 3256097 || 589162 || 1782881 || 703413 || 180641 ||  ||  ||  ||  ||  ||  ||  ||  ||  ||  ||  ||  ||  ||  ||  ||  || 
fixed_connections,7.7.CO_TEC_FIJAS,26, || 2019 || Dic || 3434767 || 405533 || 1827499 || 957916 || 243819 ||  ||  ||  ||  ||  ||  ||  ||  ||  ||  ||  ||  ||  ||  ||  ||  || 
fixed_connections,7.7.CO_TEC_FIJAS,27, || 2020 || Dic || 3802033 || 240540 || 1785647 || 1553758 || 222088 ||  ||  ||  ||  ||  ||  ||  ||  ||  ||  ||  ||  ||  ||  ||  ||  || 
fixed_connections,7.7.CO_TEC_FIJAS,28, || 2021 || Dic || 4287491 || 139133 || 1553197 || 2430254 || 164907 ||  ||  ||  ||  ||  ||  ||  ||  ||  ||  ||  ||  ||  ||  ||  ||  || 
mobile_connections,8.1.CO_TEC_MOVIL,2, || SERVICIO ACCESO A INTERNET: TOTAL DE CONEXIONES MÓVILES ||  ||  ||  ||  ||  ||  ||  ||  ||  ||  ||  ||  ||  ||  ||  || 
mobile_connections,8.1.CO_TEC_MOVIL,3, || CONEXIONES MÓVILES POR TIPO DE TECNOLOGÍA ||  ||  ||  ||  ||  ||  ||  ||  ||  ||  ||  ||  ||  ||  ||  || 
mobile_connections,8.1.CO_TEC_MOVIL,6, || << VOLVER ||  ||  ||  ||  ||  ||  ||  ||  ||  ||  ||  ||  ||  ||  ||  || 
mobile_connections,8.1.CO_TEC_MOVIL,7, || Año || Mes || Total de conexiones 2G || Total de conexiones 3G || Total de conexiones 4G || Total de conexiones 5G || Total de Conexiones Móviles || Total de Conexiones 3G+4G+5G || Penetración 2G por cada 100 habitantes || Penetración 3G por cada 100 habitantes || Penetración 4G por cada 100 habitantes || Penetración 5G por cada 100 habitantes || Penetración 3G+4G+5G por cada 100 habitantes || Penetración Total por cada 100 habitantes ||  ||  || 
mobile_connections,8.1.CO_TEC_MOVIL,8, || 2009 || Dic || 3052045 || 638787 ||  ||  || 3690832 || 638787 || 18.012806019163055 || 3.7700447793407728 ||  ||  || 3.7700447793407728 || 21.782850798503826 ||  ||  || 
mobile_connections,8.1.CO_TEC_MOVIL,9, || 2010 || Ene || 3025950 || 729958 ||  ||  || 3755908 || 729958 || 17.843589566835284 || 4.304456766644508 ||  ||  || 4.304456766644508 || 22.14804633347979 ||  ||  || 
mobile_connections,8.1.CO_TEC_MOVIL,10, ||  || Feb || 2976434 || 780957 ||  ||  || 3757391 || 780957 || 17.53666726527742 || 4.601272212818849 ||  ||  || 4.601272212818849 || 22.137939478096268 ||  ||  || 
mobile_connections,8.1.CO_TEC_MOVIL,11, ||  || Mar || 3032765 || 860017 ||  ||  || 3892782 || 860017 || 17.853371081255204 || 5.06277361984455 ||  ||  || 5.06277361984455 || 22.916144701099753 ||  ||  || 
mobile_connections,8.1.CO_TEC_MOVIL,12, ||  || Abr || 3024333 || 964118 ||  ||  || 3988451 || 964118 || 17.788611977569996 || 5.670777987275485 ||  ||  || 5.670777987275485 || 23.459389964845478 ||  ||  || 
mobile_connections,8.1.CO_TEC_MOVIL,13, ||  || May || 3212406 || 1015940 ||  ||  || 4228346 || 1015940 || 18.878789803897554 || 5.970514845686281 ||  ||  || 5.970514845686281 || 24.849304649583836 ||  ||  || 
mobile_connections,8.1.CO_TEC_MOVIL,14, ||  || Jun || 3284863 || 1053617 ||  ||  || 4338480 || 1053617 || 19.288239560883884 || 6.186686355388275 ||  ||  || 6.186686355388275 || 25.474925916272163 ||  ||  || 
mobile_connections,8.1.CO_TEC_MOVIL,15, ||  || Jul || 3445085 || 1091122 ||  ||  || 4536207 || 1091122 || 20.211901154332157 || 6.401482114756882 ||  ||  || 6.401482114756882 || 26.613383269089038 ||  ||  || 
mobile_connections,8.1.CO_TEC_MOVIL,16, ||  || Ago || 3361212 || 1133410 ||  ||  || 4494622 || 1133410 || 19.703136253043358 || 6.64395214005004 ||  ||  || 6.64395214005004 || 26.347088393093397 ||  ||  || 
mobile_connections,8.1.CO_TEC_MOVIL,17, ||  || Sep || 3367676 || 1184896 ||  ||  || 4552572 || 1184896 || 19.724330645088077 || 6.939883909272235 ||  ||  || 6.939883909272235 || 26.664214554360314 ||  ||  || 
mobile_connections,8.1.CO_TEC_MOVIL,18, ||  || Oct || 3527081 || 1265877 ||  ||  || 4792958 || 1265877 || 20.640500941119686 || 7.407920433310651 ||  ||  || 7.407920433310651 || 28.048421374430337 ||  ||  || 
mobile_connections,8.1.CO_TEC_MOVIL,19, ||  || Nov || 3617632 || 1331159 ||  ||  || 4948791 || 1331159 || 21.15253146364447 || 7.783373939254602 ||  ||  || 7.783373939254602 || 28.935905402899067 ||  ||  || 
mobile_connections,8.1.CO_TEC_MOVIL,20, ||  || Dic || 3809777 || 1445675 ||  ||  || 5255452 || 1445675 || 22.257222438673235 || 8.445825057222228 ||  ||  || 8.445825057222228 || 30.703047495895465 ||  ||  || 
mobile_connections,8.1.CO_TEC_MOVIL,21, || 2011 || Ene || 3540683 || 1780975 ||  ||  || 5321658 || 1780975 || 20.667525701735826 || 10.395832269268093 ||  ||  || 10.395832269268093 || 31.063357971003917 ||  ||  || 
mobile_connections,8.1.CO_TEC_MOVIL,22, ||  || Feb || 3482404 || 1780671 ||  ||  || 5263075 || 1780671 || 20.310046287769417 || 10.385213902031085 ||  ||  || 10.385213902031085 || 30.6952601898005 ||  ||  || 
mobile_connections,8.1.CO_TEC_MOVIL,23, ||  || Mar || 3509356 || 1918215 ||  ||  || 5427571 || 1918215 || 20.44983678501739 || 11.177886674527215 ||  ||  || 11.177886674527215 || 31.627723459544605 ||  ||  || 
mobile_connections,8.1.CO_TEC_MOVIL,24, ||  || Abr || 3507393 || 2019619 ||  ||  || 5527012 || 2019619 || 20.42103847423552 || 11.758795579023243 ||  ||  || 11.758795579023243 || 32.17983405325876 ||  ||  || 
mobile_connections,8.1.CO_TEC_MOVIL,25, ||  || May || 3533497 || 2111901 ||  ||  || 5645398 || 2111901 || 20.555563215056864 || 12.285652006904721 ||  ||  || 12.285652006904721 || 32.84121522196158 ||  ||  || 
mobile_connections,8.1.CO_TEC_MOVIL,26, ||  || Jun || 3750297 || 2241188 ||  ||  || 5991485 || 2241188 || 21.79826437945227 || 13.026703897866188 ||  ||  || 13.026703897866188 || 34.82496827731846 ||  ||  || 
mobile_connections,8.1.CO_TEC_MOVIL,27, ||  || Jul || 3949617 || 2444064 ||  ||  || 6393681 || 2444064 || 22.937341070916474 || 14.193864763886829 ||  ||  || 14.193864763886829 || 37.1312058348033 ||  ||  || 
mobile_connections,8.1.CO_TEC_MOVIL,28, ||  || Ago || 4201075 || 2596941 ||  ||  || 6798016 || 2596941 || 24.377023246653994 || 15.068926674051015 ||  ||  || 15.068926674051015 || 39.445949920705004 ||  ||  || 
mobile_traffic,9.1.TRAF_SENT,2, || SERVICIO DE INTERNET MÓVIL: ||  ||  ||  ||  ||  ||  ||  ||  ||  ||  ||  ||  ||  || 
mobile_traffic,9.1.TRAF_SENT,3, || TRÁFICO DE DATOS MÓVILES (TB) POR SENTIDO DEL TRÁFICO (SUBIDA Y BAJADA). ||  ||  ||  ||  ||  ||  ||  ||  ||  ||  ||  ||  ||  || 
mobile_traffic,9.1.TRAF_SENT,9, || Año || Mes || TRÁFICO EN TERA BYTES (TB) ||  ||  ||  ||  ||  ||  ||  ||  ||  ||  ||  || 
mobile_traffic,9.1.TRAF_SENT,10, ||  ||  || Bajada (Downlink) || Subida (Uplink) || Total || % Variación 12 meses ||  ||  ||  ||  ||  ||  ||  ||  || 
mobile_traffic,9.1.TRAF_SENT,11, || 2017 || Jun || 49031.05024258005 || 4110.08291705999 || 53141.13315964004 ||  ||  ||  ||  ||  ||  ||  ||  ||  || 
mobile_traffic,9.1.TRAF_SENT,12, ||  || Jul || 54144.662105049996 || 4576.3360823400035 || 58720.998187389996 ||  ||  ||  ||  ||  ||  ||  ||  ||  || 
mobile_traffic,9.1.TRAF_SENT,13, ||  || Ago || 59053.884418420064 || 4926.590468279995 || 63980.47488670006 ||  ||  ||  ||  ||  ||  ||  ||  ||  || 
mobile_traffic,9.1.TRAF_SENT,14, ||  || Sep || 60615.60342505002 || 5073.856214519995 || 65689.45963957002 ||  ||  ||  ||  ||  ||  ||  ||  ||  || 
mobile_traffic,9.1.TRAF_SENT,15, ||  || Oct || 62912.282246690076 || 5241.949387530001 || 68154.23163422008 ||  ||  ||  ||  ||  ||  ||  ||  ||  || 
mobile_traffic,9.1.TRAF_SENT,16, ||  || Nov || 65116.65234938989 || 5430.773665819999 || 70547.42601520989 ||  ||  ||  ||  ||  ||  ||  ||  ||  || 
mobile_traffic,9.1.TRAF_SENT,17, ||  || Dic || 73085.59325743986 || 5979.614936169995 || 79065.20819360985 ||  ||  ||  ||  ||  ||  ||  ||  ||  || 
mobile_traffic,9.1.TRAF_SENT,18, || 2018 || Ene || 82305.17591393007 || 6615.8464045499995 || 88921.02231848007 ||  ||  ||  ||  ||  ||  ||  ||  ||  || 
mobile_traffic,9.1.TRAF_SENT,19, ||  || Feb || 80168.92333622999 || 6368.904282209991 || 86537.82761843997 ||  ||  ||  ||  ||  ||  ||  ||  ||  || 
mobile_traffic,9.1.TRAF_SENT,20, ||  || Mar || 90017.00115212006 || 6987.156485459988 || 97004.15763758005 ||  ||  ||  ||  ||  ||  ||  ||  ||  || 
mobile_traffic,9.1.TRAF_SENT,21, ||  || Abr || 88889.97106270005 || 6928.309461020002 || 95818.28052372005 ||  ||  ||  ||  ||  ||  ||  ||  ||  || 
mobile_traffic,9.1.TRAF_SENT,22, ||  || May || 97402.04014155995 || 7732.527878080004 || 105134.56801963995 ||  ||  ||  ||  ||  ||  ||  ||  ||  || 
mobile_traffic,9.1.TRAF_SENT,23, ||  || Jun || 98551.02110283995 || 7120.622126709995 || 105671.64322954994 || 0.9885094078085279 ||  ||  ||  ||  ||  ||  ||  ||  || 
mobile_traffic,9.1.TRAF_SENT,24, ||  || Jul || 107733.1778129898 || 7900.362840399998 || 115633.5406533898 || 0.9692025718701331 ||  ||  ||  ||  ||  ||  ||  ||  || 
mobile_traffic,9.1.TRAF_SENT,25, ||  || Ago || 109511.38217124999 || 8593.74437106001 || 118105.12654231 || 0.8459557662155006 ||  ||  ||  ||  ||  ||  ||  ||  || 
mobile_traffic,9.1.TRAF_SENT,26, ||  || Sep || 114524.11853606995 || 8898.102066499987 || 123422.22060256993 || 0.8788740428034034 ||  ||  ||  ||  ||  ||  ||  ||  || 
mobile_traffic,9.1.TRAF_SENT,27, ||  || Oct || 122756.47880075006 || 9706.982832059997 || 132463.46163281007 || 0.9435838165373795 ||  ||  ||  ||  ||  ||  ||  ||  || 
mobile_traffic,9.1.TRAF_SENT,28, ||  || Nov || 122842.40727964994 || 9785.472786099992 || 132627.88006574992 || 0.8799818442299456 ||  ||  ||  ||  ||  ||  ||  ||  || 
mobile_traffic,9.1.TRAF_SENT,29, ||  || Dic || 134504.78112262994 || 10675.628139800008 || 145180.40926242995 || 0.8362110538799998 ||  ||  ||  ||  ||  ||  ||  ||  || 
mobile_traffic,9.1.TRAF_SENT,30, || 2019 || Ene || 135546.44545225002 || 10559.493052579986 || 146105.93850483 || 0.643097826535733 ||  ||  ||  ||  ||  ||  ||  ||  || 
mobile_traffic,9.1.TRAF_SENT,31, ||  || Feb || 143259.10808628998 || 11096.647179680003 || 154355.75526597 || 0.7836795712800975 ||  ||  ||  ||  ||  ||  ||  ||  || 
fixed_traffic,10.1.TRAF_SENT,2, || SERVICIO DE INTERNET FIJO: ||  ||  ||  ||  ||  ||  ||  ||  ||  ||  ||  ||  ||  ||  || 
fixed_traffic,10.1.TRAF_SENT,3, || TRÁFICO DE DATOS FIJOS (TB) POR SENTIDO DEL TRÁFICO (SUBIDA Y BAJADA). ||  ||  ||  ||  ||  ||  ||  ||  ||  ||  ||  ||  ||  ||  || 
fixed_traffic,10.1.TRAF_SENT,9, || Año || Mes || TRÁFICO EN TERA BYTES (TB) ||  ||  || % Variación 12 meses ||  ||  ||  ||  ||  ||  ||  ||  ||  || 
fixed_traffic,10.1.TRAF_SENT,10, ||  ||  || Bajada (Downlink) || Subida (Uplink) || Total ||  ||  ||  ||  ||  ||  ||  ||  ||  ||  || 
fixed_traffic,10.1.TRAF_SENT,11, || 2019 || Ene || 650839.3432258896 || 73755.2461126188 || 724594.5893385084 ||  ||  ||  ||  ||  ||  ||  ||  ||  ||  || 
fixed_traffic,10.1.TRAF_SENT,12, ||  || Feb || 600407.0420753796 || 67387.81138499075 || 667794.8534603703 ||  ||  ||  ||  ||  ||  ||  ||  ||  ||  || 
fixed_traffic,10.1.TRAF_SENT,13, ||  || Mar || 596281.4122981945 || 67735.1754583002 || 664016.5877564946 ||  ||  ||  ||  ||  ||  ||  ||  ||  ||  || 
fixed_traffic,10.1.TRAF_SENT,14, ||  || Abr || 633956.4620869079 || 73855.5815118403 || 707812.0435987483 ||  ||  ||  ||  ||  ||  ||  ||  ||  ||  || 
fixed_traffic,10.1.TRAF_SENT,15, ||  || May || 677524.6521964004 || 77729.33812950071 || 755253.9903259012 ||  ||  ||  ||  ||  ||  ||  ||  ||  ||  || 
fixed_traffic,10.1.TRAF_SENT,16, ||  || Jun || 705840.1379407601 || 77722.92189895012 || 783563.0598397102 ||  ||  ||  ||  ||  ||  ||  ||  ||  ||  || 
fixed_traffic,10.1.TRAF_SENT,17, ||  || Jul || 792408.468141747 || 85836.06987791901 || 878244.5380196661 ||  ||  ||  ||  ||  ||  ||  ||  ||  ||  || 
fixed_traffic,10.1.TRAF_SENT,18, ||  || Ago || 757813.5571184271 || 83371.69226383074 || 841185.2493822579 ||  ||  ||  ||  ||  ||  ||  ||  ||  ||  || 
fixed_traffic,10.1.TRAF_SENT,19, ||  || Sep || 752092.6149694745 || 85013.0610784591 || 837105.6760479336 ||  ||  ||  ||  ||  ||  ||  ||  ||  ||  || 
fixed_traffic,10.1.TRAF_SENT,20, ||  || Oct || 829827.8821280221 || 96080.91263834022 || 925908.7947663624 ||  ||  ||  ||  ||  ||  ||  ||  ||  ||  || 
fixed_traffic,10.1.TRAF_SENT,21, ||  || Nov || 783264.3191779734 || 94286.13327054956 || 877550.452448523 ||  ||  ||  ||  ||  ||  ||  ||  ||  ||  || 
fixed_traffic,10.1.TRAF_SENT,22, ||  || Dic || 815728.1347881831 || 100929.82267685968 || 916657.9574650428 ||  ||  ||  ||  ||  ||  ||  ||  ||  ||  || 
fixed_traffic,10.1.TRAF_SENT,23, || 2020 || Ene || 819368.954425308 || 99906.71768812905 || 919275.6721134371 || 0.2686758715003039 ||  ||  ||  ||  ||  ||  ||  ||  ||  || 
fixed_traffic,10.1.TRAF_SENT,24, ||  || Feb || 766527.3540550107 || 97787.78225686058 || 864315.1363118712 || 0.2942824159742692 ||  ||  ||  ||  ||  ||  ||  ||  ||  || 
fixed_traffic,10.1.TRAF_SENT,25, ||  || Mar || 1007699.2185066739 || 126279.89339509133 || 1133979.1119017652 || 0.7077572048811727 ||  ||  ||  ||  ||  ||  ||  ||  ||  || 
fixed_traffic,10.1.TRAF_SENT,26, ||  || Abr || 1087482.799918859 || 143490.19444421006 || 1230972.994363069 || 0.7391241156400774 ||  ||  ||  ||  ||  ||  ||  ||  ||  || 
fixed_traffic,10.1.TRAF_SENT,27, ||  || May || 1148509.1541617613 || 154249.7562623501 || 1302758.9104241114 || 0.7249282057575825 ||  ||  ||  ||  ||  ||  ||  ||  ||  || 
fixed_traffic,10.1.TRAF_SENT,28, ||  || Jun || 1160916.234315696 || 164030.31176676962 || 1324946.5460824654 || 0.6909252286006227 ||  ||  ||  ||  ||  ||  ||  ||  ||  || 
fixed_traffic,10.1.TRAF_SENT,29, ||  || Jul || 1217945.4306173692 || 162581.75239970873 || 1380527.1830170779 || 0.57191661690262 ||  ||  ||  ||  ||  ||  ||  ||  ||  || 
fixed_traffic,10.1.TRAF_SENT,30, ||  || Ago || 1263013.5059820814 || 164425.85894417972 || 1427439.3649262611 || 0.6969381785695021 ||  ||  ||  ||  ||  ||  ||  ||  ||  || 
fixed_traffic,10.1.TRAF_SENT,31, ||  || Sep || 1196346.7962365665 || 155378.9146400069 || 1351725.7108765733 || 0.614761134171514 ||  ||  ||  ||  ||  ||  ||  ||  ||  || 
