period,year,month,fixed_connections_total,annual_growth_pct,penetration_per_100_inhabitants,penetration_annual_change_pp,source_sheet,source_row
2000-12,2000,12,585489,,3.788111,,7.1.CO_TOT_FIJAS,9
2001-12,2001,12,698127,19.238278,4.466251,0.67814,7.1.CO_TOT_FIJAS,10
2002-12,2002,12,757760,8.541856,4.795742,0.329491,7.1.CO_TOT_FIJAS,11
2003-12,2003,12,836007,10.326093,5.236985,0.441243,7.1.CO_TOT_FIJAS,12
2004-12,2004,12,805315,-3.671261,4.995844,-0.241141,7.1.CO_TOT_FIJAS,13
2005-12,2005,12,906079,12.512371,5.566622,0.570778,7.1.CO_TOT_FIJAS,14
2006-12,2006,12,1087738,20.048914,6.617826,1.051205,7.1.CO_TOT_FIJAS,15
2007-12,2007,12,1331919,22.448512,8.024943,1.407117,7.1.CO_TOT_FIJAS,16
2008-12,2008,12,1439009,8.040279,8.582281,0.557338,7.1.CO_TOT_FIJAS,17
2009-12,2009,12,1695034,17.791758,10.003889,1.421608,7.1.CO_TOT_FIJAS,18
2010-12,2010,12,1819564,7.346755,10.630152,0.626263,7.1.CO_TOT_FIJAS,19
2011-12,2011,12,2025042,11.292705,11.710808,1.080656,7.1.CO_TOT_FIJAS,20
2012-12,2012,12,2186173,7.956921,12.514525,0.803717,7.1.CO_TOT_FIJAS,21
2013-12,2013,12,2309572,5.644521,13.085445,0.57092,7.1.CO_TOT_FIJAS,22
2014-12,2014,12,2501356,8.303876,14.014146,0.928701,7.1.CO_TOT_FIJAS,23
2015-12,2015,12,2729251,9.110858,15.111343,1.097197,7.1.CO_TOT_FIJAS,24
2016-12,2016,12,2912133,6.700813,15.895064,0.783722,7.1.CO_TOT_FIJAS,25
2017-12,2017,12,3068528,5.370462,16.497399,0.602335,7.1.CO_TOT_FIJAS,26
2018-12,2018,12,3256097,6.11267,17.219898,0.722499,7.1.CO_TOT_FIJAS,27
2019-12,2019,12,3434767,5.487244,17.916329,0.69643,7.1.CO_TOT_FIJAS,28
2020-12,2020,12,3802033,10.692603,19.699722,1.783393,7.1.CO_TOT_FIJAS,29
2021-12,2021,12,4287491,12.768379,22.00599,2.306267,7.1.CO_TOT_FIJAS,30
2022-12,2022,12,4460212,4.028487,22.663835,0.657846,7.1.CO_TOT_FIJAS,31
2023-12,2023,12,4524579,1.443138,22.81354,0.149704,7.1.CO_TOT_FIJAS,32
2024-12,2024,12,4690891,3.675745,23.482895,0.669355,7.1.CO_TOT_FIJAS,33
2025-12,2025,12,4796680,2.255201,23.866975,0.384079,7.1.CO_TOT_FIJAS,34
2010-01,2010,1,1698908,0.22855,10.018215,0.014326,7.1.CO_TOT_FIJAS,36
2010-02,2010,2,1697983,-0.054447,10.004241,-0.013974,7.1.CO_TOT_FIJAS,37
2010-03,2010,3,1708303,0.60778,10.056489,0.052248,7.1.CO_TOT_FIJAS,38
2010-04,2010,4,1731518,1.358951,10.184494,0.128005,7.1.CO_TOT_FIJAS,39
2010-05,2010,5,1752810,1.229672,10.300945,0.116451,7.1.CO_TOT_FIJAS,40
2010-06,2010,6,1749458,-0.191236,10.272517,-0.028428,7.1.CO_TOT_FIJAS,41
2010-07,2010,7,1770485,1.201915,10.387165,0.114648,7.1.CO_TOT_FIJAS,42
2010-08,2010,8,1793594,1.305236,10.513835,0.126671,7.1.CO_TOT_FIJAS,43
2010-09,2010,9,1808189,0.813729,10.590425,0.07659,7.1.CO_TOT_FIJAS,44
2010-10,2010,10,1803662,-0.250361,10.555042,-0.035383,7.1.CO_TOT_FIJAS,45
2010-11,2010,11,1816980,0.738387,10.624001,0.068959,7.1.CO_TOT_FIJAS,46
2010-12,2010,12,1819564,0.142214,10.630152,0.006151,7.1.CO_TOT_FIJAS,47
2011-01,2011,1,1819146,-0.022973,10.618526,-0.011626,7.1.CO_TOT_FIJAS,48
2011-02,2011,2,1823656,0.247919,10.635911,0.017385,7.1.CO_TOT_FIJAS,49
2011-03,2011,3,1855054,1.721706,10.809833,0.173922,7.1.CO_TOT_FIJAS,50
2011-04,2011,4,1879451,1.315164,10.942698,0.132865,7.1.CO_TOT_FIJAS,51
2011-05,2011,5,1910017,1.626326,11.111224,0.168526,7.1.CO_TOT_FIJAS,52
2011-06,2011,6,1932809,1.193288,11.234279,0.123055,7.1.CO_TOT_FIJAS,53
2011-07,2011,7,1953417,1.06622,11.34444,0.110161,7.1.CO_TOT_FIJAS,54
2011-08,2011,8,1977708,1.243513,11.475785,0.131345,7.1.CO_TOT_FIJAS,55
2011-09,2011,9,1992753,0.760729,11.552758,0.076973,7.1.CO_TOT_FIJAS,56
2011-10,2011,10,2005472,0.638263,11.622042,0.069284,7.1.CO_TOT_FIJAS,57
2011-11,2011,11,2021209,0.784703,11.698495,0.076453,7.1.CO_TOT_FIJAS,58
2011-12,2011,12,2025042,0.189639,11.710808,0.012312,7.1.CO_TOT_FIJAS,59
2012-01,2012,1,2022882,-0.106664,11.688331,-0.022477,7.1.CO_TOT_FIJAS,60
2012-02,2012,2,2029256,0.315095,11.715235,0.026905,7.1.CO_TOT_FIJAS,61
2012-03,2012,3,2031572,0.11413,11.718721,0.003485,7.1.CO_TOT_FIJAS,62
2012-04,2012,4,2070145,1.898677,11.930931,0.21221,7.1.CO_TOT_FIJAS,63
2012-05,2012,5,2095838,1.241121,12.071952,0.141021,7.1.CO_TOT_FIJAS,64
2012-06,2012,6,2097445,0.076676,12.06775,-0.004202,7.1.CO_TOT_FIJAS,65
2012-07,2012,7,2123653,1.24952,12.208197,0.140447,7.1.CO_TOT_FIJAS,66
2012-08,2012,8,2152841,1.374424,12.365482,0.157285,7.1.CO_TOT_FIJAS,67
2012-09,2012,9,2158206,0.249206,12.385806,0.020324,7.1.CO_TOT_FIJAS,68
2012-10,2012,10,2177284,0.883975,12.484721,0.098915,7.1.CO_TOT_FIJAS,69
2012-11,2012,11,2187644,0.475822,12.533532,0.048812,7.1.CO_TOT_FIJAS,70
2012-12,2012,12,2186173,-0.067241,12.514525,-0.019008,7.1.CO_TOT_FIJAS,71
2013-01,2013,1,2189991,0.174643,12.525581,0.011056,7.1.CO_TOT_FIJAS,72
2013-02,2013,2,2194942,0.226074,12.543092,0.017511,7.1.CO_TOT_FIJAS,73
2013-03,2013,3,2235805,1.861689,12.7656,0.222508,7.1.CO_TOT_FIJAS,74
2013-04,2013,4,2225137,-0.477144,12.693768,-0.071832,7.1.CO_TOT_FIJAS,75
2013-05,2013,5,2244527,0.871407,12.793383,0.099615,7.1.CO_TOT_FIJAS,76
2013-06,2013,6,2260443,0.709103,12.873044,0.079661,7.1.CO_TOT_FIJAS,77
2013-07,2013,7,2283719,1.02971,12.994446,0.121402,7.1.CO_TOT_FIJAS,78
2013-08,2013,8,2285037,0.057713,12.990806,-0.00364,7.1.CO_TOT_FIJAS,79
2013-09,2013,9,2288676,0.159253,13.000355,0.009549,7.1.CO_TOT_FIJAS,80
2013-10,2013,10,2314409,1.124362,13.135281,0.134926,7.1.CO_TOT_FIJAS,81
2013-11,2013,11,2313618,-0.034177,13.119571,-0.01571,7.1.CO_TOT_FIJAS,82
2013-12,2013,12,2309572,-0.174878,13.085445,-0.034126,7.1.CO_TOT_FIJAS,83
2014-01,2014,1,2308352,-0.052824,13.066264,-0.01918,7.1.CO_TOT_FIJAS,84
2014-02,2014,2,2287815,-0.889682,12.937881,-0.128384,7.1.CO_TOT_FIJAS,85
2014-03,2014,3,2352875,2.843761,13.293345,0.355464,7.1.CO_TOT_FIJAS,86
2014-04,2014,4,2375672,0.9689,13.40959,0.116245,7.1.CO_TOT_FIJAS,87
2014-05,2014,5,2391033,0.646596,13.483683,0.074093,7.1.CO_TOT_FIJAS,88
2014-06,2014,6,2428592,1.570827,13.682702,0.199019,7.1.CO_TOT_FIJAS,89
2014-07,2014,7,2447933,0.796387,13.778804,0.096102,7.1.CO_TOT_FIJAS,90
2014-08,2014,8,2469314,0.873431,13.886199,0.107395,7.1.CO_TOT_FIJAS,91
2014-09,2014,9,2482996,0.554081,13.950139,0.06394,7.1.CO_TOT_FIJAS,92
2014-10,2014,10,2496297,0.535684,14.011822,0.061683,7.1.CO_TOT_FIJAS,93
2014-11,2014,11,2503762,0.299043,14.040662,0.02884,7.1.CO_TOT_FIJAS,94
2014-12,2014,12,2501356,-0.096095,14.014146,-0.026516,7.1.CO_TOT_FIJAS,95
2015-01,2015,1,2509751,0.335618,14.047265,0.03312,7.1.CO_TOT_FIJAS,96
2015-02,2015,2,2509990,0.009523,14.034715,-0.012551,7.1.CO_TOT_FIJAS,97
2015-03,2015,3,2556914,1.86949,14.282972,0.248257,7.1.CO_TOT_FIJAS,98
2015-04,2015,4,2589176,1.261755,14.448918,0.165946,7.1.CO_TOT_FIJAS,99
2015-05,2015,5,2612968,0.918902,14.567317,0.118399,7.1.CO_TOT_FIJAS,100
2015-06,2015,6,2614855,0.072217,14.563482,-0.003835,7.1.CO_TOT_FIJAS,101
2015-07,2015,7,2657179,1.618598,14.78465,0.221168,7.1.CO_TOT_FIJAS,102
2015-08,2015,8,2679495,0.839838,14.894167,0.109517,7.1.CO_TOT_FIJAS,103
2015-09,2015,9,2698253,0.700057,14.983711,0.089544,7.1.CO_TOT_FIJAS,104
2015-10,2015,10,2717125,0.699416,15.073712,0.090001,7.1.CO_TOT_FIJAS,105
2015-11,2015,11,2727811,0.393283,15.118167,0.044456,7.1.CO_TOT_FIJAS,106
2015-12,2015,12,2729251,0.05279,15.111343,-0.006825,7.1.CO_TOT_FIJAS,107
2016-01,2016,1,2733597,0.159238,15.117268,0.005925,7.1.CO_TOT_FIJAS,108
2016-02,2016,2,2736564,0.108538,15.115561,-0.001706,7.1.CO_TOT_FIJAS,109
2016-03,2016,3,2742987,0.23471,15.132925,0.017364,7.1.CO_TOT_FIJAS,110
2016-04,2016,4,2771112,1.025342,15.269834,0.136909,7.1.CO_TOT_FIJAS,111
2016-05,2016,5,2817799,1.684775,15.508577,0.238744,7.1.CO_TOT_FIJAS,112
2016-06,2016,6,2830543,0.452268,15.560159,0.051582,7.1.CO_TOT_FIJAS,113
2016-07,2016,7,2860355,1.053225,15.705333,0.145174,7.1.CO_TOT_FIJAS,114
2016-08,2016,8,2860850,0.017306,15.689382,-0.015951,7.1.CO_TOT_FIJAS,115
2016-09,2016,9,2889096,0.987329,15.82548,0.136098,7.1.CO_TOT_FIJAS,116
2016-10,2016,10,2903487,0.498114,15.885453,0.059973,7.1.CO_TOT_FIJAS,117
2016-11,2016,11,2913091,0.330775,15.919123,0.03367,7.1.CO_TOT_FIJAS,118
2016-12,2016,12,2912133,-0.032886,15.895064,-0.024059,7.1.CO_TOT_FIJAS,119
2017-01,2017,1,2911642,-0.01686,15.872236,-0.022828,7.1.CO_TOT_FIJAS,120
2017-02,2017,2,2929146,0.601173,15.947438,0.075202,7.1.CO_TOT_FIJAS,121
2017-03,2017,3,2950873,0.741752,16.045412,0.097974,7.1.CO_TOT_FIJAS,122
2017-04,2017,4,2974123,0.787902,16.151409,0.105997,7.1.CO_TOT_FIJAS,123
2017-05,2017,5,3005028,1.03913,16.298659,0.14725,7.1.CO_TOT_FIJAS,124
2017-06,2017,6,3014054,0.300363,16.327019,0.02836,7.1.CO_TOT_FIJAS,125
2017-07,2017,7,3029340,0.507157,16.389175,0.062156,7.1.CO_TOT_FIJAS,126
2017-08,2017,8,3049046,0.650505,16.475058,0.085883,7.1.CO_TOT_FIJAS,127
2017-09,2017,9,3064994,0.523049,16.540445,0.065387,7.1.CO_TOT_FIJAS,128
2017-10,2017,10,3070402,0.176444,16.548859,0.008414,7.1.CO_TOT_FIJAS,129
2017-11,2017,11,3067472,-0.095427,16.512369,-0.03649,7.1.CO_TOT_FIJAS,130
2017-12,2017,12,3068528,0.034426,16.497399,-0.014969,7.1.CO_TOT_FIJAS,131
2018-01,2018,1,3072250,0.121296,16.494586,-0.002813,7.1.CO_TOT_FIJAS,132
2018-02,2018,2,3065382,-0.22355,16.435003,-0.059583,7.1.CO_TOT_FIJAS,133
2018-03,2018,3,3098143,1.068741,16.587761,0.152758,7.1.CO_TOT_FIJAS,134
2018-04,2018,4,3120296,0.715041,16.683381,0.09562,7.1.CO_TOT_FIJAS,135
2018-05,2018,5,3136157,0.508317,16.745142,0.061762,7.1.CO_TOT_FIJAS,136
2018-06,2018,6,3155641,0.62127,16.826052,0.08091,7.1.CO_TOT_FIJAS,137
2018-07,2018,7,3170346,0.465991,16.881293,0.055241,7.1.CO_TOT_FIJAS,138
2018-08,2018,8,3197387,0.852935,17.001979,0.120686,7.1.CO_TOT_FIJAS,139
2018-09,2018,9,3203818,0.201133,17.012891,0.010913,7.1.CO_TOT_FIJAS,140
2018-10,2018,10,3226880,0.719829,17.111968,0.099077,7.1.CO_TOT_FIJAS,141
2018-11,2018,11,3233919,0.218136,17.125921,0.013953,7.1.CO_TOT_FIJAS,142
2018-12,2018,12,3256097,0.685793,17.219898,0.093977,7.1.CO_TOT_FIJAS,143
2019-01,2019,1,3325652,2.136146,17.567438,0.34754,7.1.CO_TOT_FIJAS,144
2019-02,2019,2,3331466,0.174823,17.57786,0.010422,7.1.CO_TOT_FIJAS,145
2019-03,2019,3,3362188,0.922177,17.719527,0.141668,7.1.CO_TOT_FIJAS,146
2019-04,2019,4,3369577,0.219768,17.73804,0.018513,7.1.CO_TOT_FIJAS,147
2019-05,2019,5,3376138,0.194713,17.752158,0.014117,7.1.CO_TOT_FIJAS,148
2019-06,2019,6,3400194,0.71253,17.858127,0.105969,7.1.CO_TOT_FIJAS,149
2019-07,2019,7,3415766,0.457974,17.919346,0.061219,7.1.CO_TOT_FIJAS,150
2019-08,2019,8,3430922,0.443707,17.978245,0.058899,7.1.CO_TOT_FIJAS,151
2019-09,2019,9,3431956,0.030138,17.963093,-0.015152,7.1.CO_TOT_FIJAS,152
2019-10,2019,10,3434149,0.063899,17.954037,-0.009057,7.1.CO_TOT_FIJAS,153
2019-11,2019,11,3436431,0.06645,17.945464,-0.008572,7.1.CO_TOT_FIJAS,154
2019-12,2019,12,3434767,-0.048422,17.916329,-0.029136,7.1.CO_TOT_FIJAS,155
2020-01,2020,1,3433006,-0.05127,17.897125,-0.019204,7.1.CO_TOT_FIJAS,156
2020-02,2020,2,3443368,0.301835,17.941108,0.043983,7.1.CO_TOT_FIJAS,157
2020-03,2020,3,3489047,1.326579,18.168953,0.227844,7.1.CO_TOT_FIJAS,158
2020-04,2020,4,3532510,1.245698,18.385009,0.216057,7.1.CO_TOT_FIJAS,159
2020-05,2020,5,3560720,0.798582,18.521484,0.136475,7.1.CO_TOT_FIJAS,160
2020-06,2020,6,3588261,0.773467,18.654329,0.132845,7.1.CO_TOT_FIJAS,161
2020-07,2020,7,3621266,0.919805,18.815415,0.161086,7.1.CO_TOT_FIJAS,162
2020-08,2020,8,3653873,0.900431,18.974255,0.15884,7.1.CO_TOT_FIJAS,163
2020-09,2020,9,3701448,1.302043,19.210602,0.236347,7.1.CO_TOT_FIJAS,164
2020-10,2020,10,3748396,1.268368,19.443433,0.232831,7.1.CO_TOT_FIJAS,165
2020-11,2020,11,3780650,0.860475,19.599828,0.156395,7.1.CO_TOT_FIJAS,166
2020-12,2020,12,3802033,0.565591,19.699722,0.099894,7.1.CO_TOT_FIJAS,167
2021-01,2021,1,3825784,0.624692,19.807103,0.107381,7.1.CO_TOT_FIJAS,168
2021-02,2021,2,3870939,1.180281,20.025041,0.217938,7.1.CO_TOT_FIJAS,169
2021-03,2021,3,3937603,1.722166,20.353816,0.328775,7.1.CO_TOT_FIJAS,170
2021-04,2021,4,4005642,1.727929,20.689174,0.335359,7.1.CO_TOT_FIJAS,171
2021-05,2021,5,4049237,1.08834,20.89785,0.208676,7.1.CO_TOT_FIJAS,172
2021-06,2021,6,4089600,0.996805,21.08953,0.19168,7.1.CO_TOT_FIJAS,173
2021-07,2021,7,4124393,0.850768,21.252207,0.162677,7.1.CO_TOT_FIJAS,174
2021-08,2021,8,4145814,0.519373,21.345779,0.093573,7.1.CO_TOT_FIJAS,175
2021-09,2021,9,4198448,1.26957,21.599786,0.254006,7.1.CO_TOT_FIJAS,176
2021-10,2021,10,4236061,0.895879,21.776175,0.176389,7.1.CO_TOT_FIJAS,177
2021-11,2021,11,4255772,0.465314,21.860333,0.084158,7.1.CO_TOT_FIJAS,178
2021-12,2021,12,4287491,0.745317,22.00599,0.145657,7.1.CO_TOT_FIJAS,179
2022-01,2022,1,4296164,0.202286,22.031981,0.025991,7.1.CO_TOT_FIJAS,180
2022-02,2022,2,4287018,-0.212888,21.966625,-0.065356,7.1.CO_TOT_FIJAS,181
2022-03,2022,3,4356296,1.615995,22.302885,0.336259,7.1.CO_TOT_FIJAS,182
2022-04,2022,4,4371861,0.357299,22.363817,0.060932,7.1.CO_TOT_FIJAS,183
2022-05,2022,5,4381149,0.21245,22.392566,0.028749,7.1.CO_TOT_FIJAS,184
2022-06,2022,6,4422625,0.946692,22.585645,0.193079,7.1.CO_TOT_FIJAS,185
2022-07,2022,7,4447097,0.553337,22.691636,0.105991,7.1.CO_TOT_FIJAS,186
2022-08,2022,8,4475886,0.647366,22.81946,0.127824,7.1.CO_TOT_FIJAS,187
2022-09,2022,9,4481174,0.118144,22.827354,0.007894,7.1.CO_TOT_FIJAS,188
2022-10,2022,10,4503877,0.506631,22.923876,0.096521,7.1.CO_TOT_FIJAS,189
2022-11,2022,11,4524032,0.447503,23.007277,0.083401,7.1.CO_TOT_FIJAS,190
2022-12,2022,12,4460212,-1.410689,22.663835,-0.343442,7.1.CO_TOT_FIJAS,191
2023-01,2023,1,4427977,-0.722723,22.485471,-0.178365,7.1.CO_TOT_FIJAS,192
2023-02,2023,2,4427833,-0.003252,22.470191,-0.01528,7.1.CO_TOT_FIJAS,193
2023-03,2023,3,4473646,1.03466,22.688,0.217809,7.1.CO_TOT_FIJAS,194
2023-04,2023,4,4472943,-0.015714,22.669777,-0.018224,7.1.CO_TOT_FIJAS,195
2023-05,2023,5,4462838,-0.225914,22.603956,-0.065821,7.1.CO_TOT_FIJAS,196
2023-06,2023,6,4459842,-0.067132,22.574203,-0.029752,7.1.CO_TOT_FIJAS,197
2023-07,2023,7,4461831,0.044598,22.569705,-0.004498,7.1.CO_TOT_FIJAS,198
2023-08,2023,8,4503701,0.938404,22.766816,0.197111,7.1.CO_TOT_FIJAS,199
2023-09,2023,9,4507269,0.079224,22.770176,0.003361,7.1.CO_TOT_FIJAS,200
2023-10,2023,10,4520961,0.303776,22.824645,0.054469,7.1.CO_TOT_FIJAS,201
2023-11,2023,11,4523527,0.056758,22.822908,-0.001737,7.1.CO_TOT_FIJAS,202
2023-12,2023,12,4524579,0.023256,22.81354,-0.009368,7.1.CO_TOT_FIJAS,203
2024-01,2024,1,4528321,0.082704,22.818704,0.005165,7.1.CO_TOT_FIJAS,204
2024-02,2024,2,4522722,-0.123644,22.776821,-0.041884,7.1.CO_TOT_FIJAS,205
2024-03,2024,3,4548059,0.560216,22.890689,0.113868,7.1.CO_TOT_FIJAS,206
2024-04,2024,4,4577737,0.652542,23.026258,0.135569,7.1.CO_TOT_FIJAS,207
2024-05,2024,5,4596289,0.405266,23.105733,0.079475,7.1.CO_TOT_FIJAS,208
2024-06,2024,6,4610840,0.316581,23.165012,0.059279,7.1.CO_TOT_FIJAS,209
2024-07,2024,7,4620060,0.199964,23.197456,0.032443,7.1.CO_TOT_FIJAS,210
2024-08,2024,8,4645779,0.556681,23.312652,0.115196,7.1.CO_TOT_FIJAS,211
2024-09,2024,9,4650991,0.112188,23.324868,0.012216,7.1.CO_TOT_FIJAS,212
2024-10,2024,10,4666122,0.325329,23.386784,0.061916,7.1.CO_TOT_FIJAS,213
2024-11,2024,11,4664951,-0.025096,23.366967,-0.019816,7.1.CO_TOT_FIJAS,214
2024-12,2024,12,4690891,0.556062,23.482895,0.115928,7.1.CO_TOT_FIJAS,215
2025-01,2025,1,4675968,-0.318127,23.396303,-0.086592,7.1.CO_TOT_FIJAS,216
2025-02,2025,2,4710455,0.737537,23.556898,0.160595,7.1.CO_TOT_FIJAS,217
2025-03,2025,3,4721217,0.22847,23.598741,0.041843,7.1.CO_TOT_FIJAS,218
2025-04,2025,4,4731649,0.22096,23.638894,0.040153,7.1.CO_TOT_FIJAS,219
2025-05,2025,5,4745897,0.301121,23.69806,0.059166,7.1.CO_TOT_FIJAS,220
2025-06,2025,6,4744176,-0.036263,23.677469,-0.020592,7.1.CO_TOT_FIJAS,221
2025-07,2025,7,4742729,-0.030501,23.658263,-0.019205,7.1.CO_TOT_FIJAS,222
2025-08,2025,8,4768968,0.553247,23.777114,0.118851,7.1.CO_TOT_FIJAS,223
2025-09,2025,9,4773941,0.104278,23.789871,0.012756,7.1.CO_TOT_FIJAS,224
2025-10,2025,10,4789605,0.328115,23.855865,0.065994,7.1.CO_TOT_FIJAS,225
2025-11,2025,11,4787099,-0.052322,23.831337,-0.024528,7.1.CO_TOT_FIJAS,226
2025-12,2025,12,4796680,0.200142,23.866975,0.035638,7.1.CO_TOT_FIJAS,227
2026-01,2026,1,4814416,0.369756,23.944623,0.077648,7.1.CO_TOT_FIJAS,228
2026-02,2026,2,4836515,0.459017,24.043893,0.099271,7.1.CO_TOT_FIJAS,229
2026-03,2026,3,4859679,0.47894,24.148367,0.104474,7.1.CO_TOT_FIJAS,230
