period,year,month,postpaid_connections,prepaid_connections,total_connections,postpaid_share_pct,prepaid_share_pct,source_sheet,source_row
2009-12,2009,12,1653170,41864,1695034,97.530197,2.469803,7.8.CO_PL_FIJAS,7
2010-01,2010,1,1656548,42360,1698908,97.506634,2.493366,7.8.CO_PL_FIJAS,8
2010-02,2010,2,1654425,43558,1697983,97.434721,2.565279,7.8.CO_PL_FIJAS,9
2010-03,2010,3,1670210,38093,1708303,97.770126,2.229874,7.8.CO_PL_FIJAS,10
2010-04,2010,4,1695620,35898,1731518,97.92679,2.07321,7.8.CO_PL_FIJAS,11
2010-05,2010,5,1718439,34371,1752810,98.039092,1.960908,7.8.CO_PL_FIJAS,12
2010-06,2010,6,1716167,33291,1749458,98.097068,1.902932,7.8.CO_PL_FIJAS,13
2010-07,2010,7,1738495,31990,1770485,98.19315,1.80685,7.8.CO_PL_FIJAS,14
2010-08,2010,8,1763207,30387,1793594,98.305804,1.694196,7.8.CO_PL_FIJAS,15
2010-09,2010,9,1778503,29686,1808189,98.358247,1.641753,7.8.CO_PL_FIJAS,16
2010-10,2010,10,1775112,28550,1803662,98.417109,1.582891,7.8.CO_PL_FIJAS,17
2010-11,2010,11,1789560,27420,1816980,98.490902,1.509098,7.8.CO_PL_FIJAS,18
2010-12,2010,12,1793420,26144,1819564,98.563172,1.436828,7.8.CO_PL_FIJAS,19
2011-01,2011,1,1793966,25180,1819146,98.615834,1.384166,7.8.CO_PL_FIJAS,20
2011-02,2011,2,1799569,24087,1823656,98.679192,1.320808,7.8.CO_PL_FIJAS,21
2011-03,2011,3,1830548,24506,1855054,98.67896,1.32104,7.8.CO_PL_FIJAS,22
2011-04,2011,4,1855765,23686,1879451,98.739738,1.260262,7.8.CO_PL_FIJAS,23
2011-05,2011,5,1886710,23307,1910017,98.779749,1.220251,7.8.CO_PL_FIJAS,24
2011-06,2011,6,1909848,22961,1932809,98.81204,1.18796,7.8.CO_PL_FIJAS,25
2011-07,2011,7,1930986,22431,1953417,98.851704,1.148296,7.8.CO_PL_FIJAS,26
2011-08,2011,8,1955909,21799,1977708,98.897764,1.102236,7.8.CO_PL_FIJAS,27
2011-09,2011,9,1971820,20933,1992753,98.949544,1.050456,7.8.CO_PL_FIJAS,28
2011-10,2011,10,1985000,20472,2005472,98.979193,1.020807,7.8.CO_PL_FIJAS,29
2011-11,2011,11,2001190,20019,2021209,99.009553,0.990447,7.8.CO_PL_FIJAS,30
2011-12,2011,12,2005569,19473,2025042,99.03839,0.96161,7.8.CO_PL_FIJAS,31
2012-01,2012,1,2009219,13663,2022882,99.324578,0.675422,7.8.CO_PL_FIJAS,32
2012-02,2012,2,2015574,13682,2029256,99.325763,0.674237,7.8.CO_PL_FIJAS,33
2012-03,2012,3,2017901,13671,2031572,99.327073,0.672927,7.8.CO_PL_FIJAS,34
2012-04,2012,4,2056448,13697,2070145,99.338356,0.661644,7.8.CO_PL_FIJAS,35
2012-05,2012,5,2082194,13644,2095838,99.348995,0.651005,7.8.CO_PL_FIJAS,36
2012-06,2012,6,2083867,13578,2097445,99.352641,0.647359,7.8.CO_PL_FIJAS,37
2012-07,2012,7,2110010,13643,2123653,99.357569,0.642431,7.8.CO_PL_FIJAS,38
2012-08,2012,8,2139199,13642,2152841,99.366326,0.633674,7.8.CO_PL_FIJAS,39
2012-09,2012,9,2144604,13602,2158206,99.369754,0.630246,7.8.CO_PL_FIJAS,40
2012-10,2012,10,2164083,13201,2177284,99.393694,0.606306,7.8.CO_PL_FIJAS,41
2012-11,2012,11,2174400,13244,2187644,99.3946,0.6054,7.8.CO_PL_FIJAS,42
2012-12,2012,12,2173009,13164,2186173,99.397852,0.602148,7.8.CO_PL_FIJAS,43
2013-01,2013,1,2176976,13015,2189991,99.405705,0.594295,7.8.CO_PL_FIJAS,44
2013-02,2013,2,2181848,13094,2194942,99.403447,0.596553,7.8.CO_PL_FIJAS,45
2013-03,2013,3,2233561,2244,2235805,99.899633,0.100367,7.8.CO_PL_FIJAS,46
2013-04,2013,4,2222817,2320,2225137,99.895737,0.104263,7.8.CO_PL_FIJAS,47
2013-05,2013,5,2242295,2232,2244527,99.900558,0.099442,7.8.CO_PL_FIJAS,48
2013-06,2013,6,2258009,2434,2260443,99.892322,0.107678,7.8.CO_PL_FIJAS,49
2013-07,2013,7,2281348,2371,2283719,99.896178,0.103822,7.8.CO_PL_FIJAS,50
2013-08,2013,8,2282685,2352,2285037,99.89707,0.10293,7.8.CO_PL_FIJAS,51
2013-09,2013,9,2286583,2093,2288676,99.90855,0.09145,7.8.CO_PL_FIJAS,52
2013-10,2013,10,2312340,2069,2314409,99.910604,0.089396,7.8.CO_PL_FIJAS,53
2013-11,2013,11,2311694,1924,2313618,99.91684,0.08316,7.8.CO_PL_FIJAS,54
2013-12,2013,12,2307830,1742,2309572,99.924575,0.075425,7.8.CO_PL_FIJAS,55
2014-01,2014,1,2306627,1725,2308352,99.925271,0.074729,7.8.CO_PL_FIJAS,56
2014-02,2014,2,2286022,1793,2287815,99.921628,0.078372,7.8.CO_PL_FIJAS,57
2014-03,2014,3,2351225,1650,2352875,99.929873,0.070127,7.8.CO_PL_FIJAS,58
2014-04,2014,4,2374149,1523,2375672,99.935892,0.064108,7.8.CO_PL_FIJAS,59
2014-05,2014,5,2390046,987,2391033,99.958721,0.041279,7.8.CO_PL_FIJAS,60
2014-06,2014,6,2427096,1496,2428592,99.938401,0.061599,7.8.CO_PL_FIJAS,61
2014-07,2014,7,2446518,1415,2447933,99.942196,0.057804,7.8.CO_PL_FIJAS,62
2014-08,2014,8,2467948,1366,2469314,99.944681,0.055319,7.8.CO_PL_FIJAS,63
2014-09,2014,9,2481624,1372,2482996,99.944744,0.055256,7.8.CO_PL_FIJAS,64
2014-10,2014,10,2494945,1352,2496297,99.94584,0.05416,7.8.CO_PL_FIJAS,65
2014-11,2014,11,2502497,1265,2503762,99.949476,0.050524,7.8.CO_PL_FIJAS,66
2014-12,2014,12,2500098,1258,2501356,99.949707,0.050293,7.8.CO_PL_FIJAS,67
2015-01,2015,1,2508515,1236,2509751,99.950752,0.049248,7.8.CO_PL_FIJAS,68
2015-02,2015,2,2508800,1190,2509990,99.952589,0.047411,7.8.CO_PL_FIJAS,69
2015-03,2015,3,2555794,1120,2556914,99.956197,0.043803,7.8.CO_PL_FIJAS,70
2015-04,2015,4,2588091,1085,2589176,99.958095,0.041905,7.8.CO_PL_FIJAS,71
2015-05,2015,5,2611914,1054,2612968,99.959663,0.040337,7.8.CO_PL_FIJAS,72
2015-06,2015,6,2613813,1042,2614855,99.960151,0.039849,7.8.CO_PL_FIJAS,73
2015-07,2015,7,2656144,1035,2657179,99.961049,0.038951,7.8.CO_PL_FIJAS,74
2015-08,2015,8,2678501,994,2679495,99.962903,0.037097,7.8.CO_PL_FIJAS,75
2015-09,2015,9,2697299,954,2698253,99.964644,0.035356,7.8.CO_PL_FIJAS,76
2015-10,2015,10,2716203,922,2717125,99.966067,0.033933,7.8.CO_PL_FIJAS,77
2015-11,2015,11,2726867,944,2727811,99.965393,0.034607,7.8.CO_PL_FIJAS,78
2015-12,2015,12,2728359,892,2729251,99.967317,0.032683,7.8.CO_PL_FIJAS,79
2016-01,2016,1,2732912,685,2733597,99.974941,0.025059,7.8.CO_PL_FIJAS,80
2016-02,2016,2,2735689,875,2736564,99.968026,0.031974,7.8.CO_PL_FIJAS,81
2016-03,2016,3,2742161,826,2742987,99.969887,0.030113,7.8.CO_PL_FIJAS,82
2016-04,2016,4,2770243,869,2771112,99.968641,0.031359,7.8.CO_PL_FIJAS,83
2016-05,2016,5,2816949,850,2817799,99.969835,0.030165,7.8.CO_PL_FIJAS,84
2016-06,2016,6,2829767,776,2830543,99.972585,0.027415,7.8.CO_PL_FIJAS,85
2016-07,2016,7,2859792,563,2860355,99.980317,0.019683,7.8.CO_PL_FIJAS,86
2016-08,2016,8,2860323,527,2860850,99.981579,0.018421,7.8.CO_PL_FIJAS,87
2016-09,2016,9,2888321,775,2889096,99.973175,0.026825,7.8.CO_PL_FIJAS,88
2016-10,2016,10,2902722,765,2903487,99.973652,0.026348,7.8.CO_PL_FIJAS,89
2016-11,2016,11,2912323,768,2913091,99.973636,0.026364,7.8.CO_PL_FIJAS,90
2016-12,2016,12,2911351,782,2912133,99.973147,0.026853,7.8.CO_PL_FIJAS,91
2017-01,2017,1,2910882,760,2911642,99.973898,0.026102,7.8.CO_PL_FIJAS,92
2017-02,2017,2,2928390,756,2929146,99.97419,0.02581,7.8.CO_PL_FIJAS,93
2017-03,2017,3,2950130,743,2950873,99.974821,0.025179,7.8.CO_PL_FIJAS,94
2017-04,2017,4,2973388,735,2974123,99.975287,0.024713,7.8.CO_PL_FIJAS,95
2017-05,2017,5,3004220,808,3005028,99.973112,0.026888,7.8.CO_PL_FIJAS,96
2017-06,2017,6,3013312,742,3014054,99.975382,0.024618,7.8.CO_PL_FIJAS,97
2017-07,2017,7,3028609,731,3029340,99.975869,0.024131,7.8.CO_PL_FIJAS,98
2017-08,2017,8,3048348,698,3049046,99.977108,0.022892,7.8.CO_PL_FIJAS,99
2017-09,2017,9,3064287,707,3064994,99.976933,0.023067,7.8.CO_PL_FIJAS,100
2017-10,2017,10,3069373,1029,3070402,99.966486,0.033514,7.8.CO_PL_FIJAS,101
2017-11,2017,11,3066581,891,3067472,99.970953,0.029047,7.8.CO_PL_FIJAS,102
2017-12,2017,12,3067982,546,3068528,99.982206,0.017794,7.8.CO_PL_FIJAS,103
2018-01,2018,1,3071737,513,3072250,99.983302,0.016698,7.8.CO_PL_FIJAS,104
2018-02,2018,2,3064884,498,3065382,99.983754,0.016246,7.8.CO_PL_FIJAS,105
2018-03,2018,3,3097643,500,3098143,99.983861,0.016139,7.8.CO_PL_FIJAS,106
2018-04,2018,4,3119809,487,3120296,99.984393,0.015607,7.8.CO_PL_FIJAS,107
2018-05,2018,5,3135689,468,3136157,99.985077,0.014923,7.8.CO_PL_FIJAS,108
2018-06,2018,6,3155187,454,3155641,99.985613,0.014387,7.8.CO_PL_FIJAS,109
2018-07,2018,7,3169916,430,3170346,99.986437,0.013563,7.8.CO_PL_FIJAS,110
2018-08,2018,8,3196959,428,3197387,99.986614,0.013386,7.8.CO_PL_FIJAS,111
2018-09,2018,9,3200227,3591,3203818,99.887915,0.112085,7.8.CO_PL_FIJAS,112
2018-10,2018,10,3221685,5195,3226880,99.839009,0.160991,7.8.CO_PL_FIJAS,113
2018-11,2018,11,3230149,3770,3233919,99.883423,0.116577,7.8.CO_PL_FIJAS,114
2018-12,2018,12,3252875,3222,3256097,99.901047,0.098953,7.8.CO_PL_FIJAS,115
2019-01,2019,1,3322613,3039,3325652,99.908619,0.091381,7.8.CO_PL_FIJAS,116
2019-02,2019,2,3328398,3068,3331466,99.907908,0.092092,7.8.CO_PL_FIJAS,117
2019-03,2019,3,3359108,3080,3362188,99.908393,0.091607,7.8.CO_PL_FIJAS,118
2019-04,2019,4,3366625,2952,3369577,99.912393,0.087607,7.8.CO_PL_FIJAS,119
2019-05,2019,5,3373179,2959,3376138,99.912355,0.087645,7.8.CO_PL_FIJAS,120
2019-06,2019,6,3397266,2928,3400194,99.913887,0.086113,7.8.CO_PL_FIJAS,121
2019-07,2019,7,3412790,2976,3415766,99.912875,0.087125,7.8.CO_PL_FIJAS,122
2019-08,2019,8,3427868,3054,3430922,99.910986,0.089014,7.8.CO_PL_FIJAS,123
2019-09,2019,9,3428781,3175,3431956,99.907487,0.092513,7.8.CO_PL_FIJAS,124
2019-10,2019,10,3430965,3184,3434149,99.907284,0.092716,7.8.CO_PL_FIJAS,125
2019-11,2019,11,3433249,3182,3436431,99.907404,0.092596,7.8.CO_PL_FIJAS,126
2019-12,2019,12,3431427,3340,3434767,99.902759,0.097241,7.8.CO_PL_FIJAS,127
2020-01,2020,1,3429705,3301,3433006,99.903845,0.096155,7.8.CO_PL_FIJAS,128
2020-02,2020,2,3439659,3709,3443368,99.892286,0.107714,7.8.CO_PL_FIJAS,129
2020-03,2020,3,3485258,3789,3489047,99.891403,0.108597,7.8.CO_PL_FIJAS,130
2020-04,2020,4,3528227,4283,3532510,99.878755,0.121245,7.8.CO_PL_FIJAS,131
2020-05,2020,5,3555985,4735,3560720,99.867021,0.132979,7.8.CO_PL_FIJAS,132
2020-06,2020,6,3583036,5225,3588261,99.854386,0.145614,7.8.CO_PL_FIJAS,133
2020-07,2020,7,3615793,5473,3621266,99.848865,0.151135,7.8.CO_PL_FIJAS,134
2020-08,2020,8,3648101,5772,3653873,99.842031,0.157969,7.8.CO_PL_FIJAS,135
2020-09,2020,9,3695364,6084,3701448,99.835632,0.164368,7.8.CO_PL_FIJAS,136
2020-10,2020,10,3742180,6216,3748396,99.834169,0.165831,7.8.CO_PL_FIJAS,137
2020-11,2020,11,3774312,6338,3780650,99.832357,0.167643,7.8.CO_PL_FIJAS,138
2020-12,2020,12,3795801,6232,3802033,99.836088,0.163912,7.8.CO_PL_FIJAS,139
2021-01,2021,1,3819762,6022,3825784,99.842594,0.157406,7.8.CO_PL_FIJAS,140
2021-02,2021,2,3864976,5963,3870939,99.845955,0.154045,7.8.CO_PL_FIJAS,141
2021-03,2021,3,3931636,5967,3937603,99.848461,0.151539,7.8.CO_PL_FIJAS,142
2021-04,2021,4,3999507,6135,4005642,99.846841,0.153159,7.8.CO_PL_FIJAS,143
2021-05,2021,5,4043058,6179,4049237,99.847403,0.152597,7.8.CO_PL_FIJAS,144
2021-06,2021,6,4083414,6186,4089600,99.848738,0.151262,7.8.CO_PL_FIJAS,145
2021-07,2021,7,4118338,6055,4124393,99.853191,0.146809,7.8.CO_PL_FIJAS,146
2021-08,2021,8,4139924,5890,4145814,99.857929,0.142071,7.8.CO_PL_FIJAS,147
2021-09,2021,9,4192841,5607,4198448,99.866451,0.133549,7.8.CO_PL_FIJAS,148
2021-10,2021,10,4230839,5222,4236061,99.876725,0.123275,7.8.CO_PL_FIJAS,149
2021-11,2021,11,4250971,4801,4255772,99.887189,0.112811,7.8.CO_PL_FIJAS,150
2021-12,2021,12,4283158,4333,4287491,99.898939,0.101061,7.8.CO_PL_FIJAS,151
2022-01,2022,1,4296140,24,4296164,99.999441,0.000559,7.8.CO_PL_FIJAS,152
2022-02,2022,2,4283457,3561,4287018,99.916935,0.083065,7.8.CO_PL_FIJAS,153
2022-03,2022,3,4353108,3188,4356296,99.926819,0.073181,7.8.CO_PL_FIJAS,154
2022-04,2022,4,4369004,2857,4371861,99.93465,0.06535,7.8.CO_PL_FIJAS,155
2022-05,2022,5,4378513,2636,4381149,99.939833,0.060167,7.8.CO_PL_FIJAS,156
2022-06,2022,6,4420125,2500,4422625,99.943472,0.056528,7.8.CO_PL_FIJAS,157
2022-07,2022,7,4444777,2320,4447097,99.947831,0.052169,7.8.CO_PL_FIJAS,158
2022-08,2022,8,4473713,2173,4475886,99.951451,0.048549,7.8.CO_PL_FIJAS,159
2022-09,2022,9,4479114,2060,4481174,99.95403,0.04597,7.8.CO_PL_FIJAS,160
2022-10,2022,10,4501911,1966,4503877,99.956349,0.043651,7.8.CO_PL_FIJAS,161
2022-11,2022,11,4522171,1861,4524032,99.958864,0.041136,7.8.CO_PL_FIJAS,162
2022-12,2022,12,4458427,1785,4460212,99.959979,0.040021,7.8.CO_PL_FIJAS,163
2023-01,2023,1,4426278,1699,4427977,99.96163,0.03837,7.8.CO_PL_FIJAS,164
2023-02,2023,2,4426229,1604,4427833,99.963775,0.036225,7.8.CO_PL_FIJAS,165
2023-03,2023,3,4472132,1514,4473646,99.966157,0.033843,7.8.CO_PL_FIJAS,166
2023-04,2023,4,4471523,1420,4472943,99.968254,0.031746,7.8.CO_PL_FIJAS,167
2023-05,2023,5,4461525,1313,4462838,99.970579,0.029421,7.8.CO_PL_FIJAS,168
2023-06,2023,6,4458627,1215,4459842,99.972757,0.027243,7.8.CO_PL_FIJAS,169
2023-07,2023,7,4460654,1177,4461831,99.973621,0.026379,7.8.CO_PL_FIJAS,170
2023-08,2023,8,4502573,1128,4503701,99.974954,0.025046,7.8.CO_PL_FIJAS,171
2023-09,2023,9,4506194,1075,4507269,99.97615,0.02385,7.8.CO_PL_FIJAS,172
2023-10,2023,10,4519946,1015,4520961,99.977549,0.022451,7.8.CO_PL_FIJAS,173
2023-11,2023,11,4522583,944,4523527,99.979131,0.020869,7.8.CO_PL_FIJAS,174
2023-12,2023,12,4523759,820,4524579,99.981877,0.018123,7.8.CO_PL_FIJAS,175
2024-01,2024,1,4527378,943,4528321,99.979176,0.020824,7.8.CO_PL_FIJAS,176
2024-02,2024,2,4521895,827,4522722,99.981715,0.018285,7.8.CO_PL_FIJAS,177
2024-03,2024,3,4547262,797,4548059,99.982476,0.017524,7.8.CO_PL_FIJAS,178
2024-04,2024,4,4576997,740,4577737,99.983835,0.016165,7.8.CO_PL_FIJAS,179
2024-05,2024,5,4595591,698,4596289,99.984814,0.015186,7.8.CO_PL_FIJAS,180
2024-06,2024,6,4610190,650,4610840,99.985903,0.014097,7.8.CO_PL_FIJAS,181
2024-07,2024,7,4620051,9,4620060,99.999805,0.000195,7.8.CO_PL_FIJAS,182
2024-08,2024,8,4645770,9,4645779,99.999806,0.000194,7.8.CO_PL_FIJAS,183
2024-09,2024,9,4650895,96,4650991,99.997936,0.002064,7.8.CO_PL_FIJAS,184
2024-10,2024,10,4665523,599,4666122,99.987163,0.012837,7.8.CO_PL_FIJAS,185
2024-11,2024,11,4664372,579,4664951,99.987588,0.012412,7.8.CO_PL_FIJAS,186
2024-12,2024,12,4690365,526,4690891,99.988787,0.011213,7.8.CO_PL_FIJAS,187
2025-01,2025,1,4675522,446,4675968,99.990462,0.009538,7.8.CO_PL_FIJAS,188
2025-02,2025,2,4710324,131,4710455,99.997219,0.002781,7.8.CO_PL_FIJAS,189
2025-03,2025,3,4721061,156,4721217,99.996696,0.003304,7.8.CO_PL_FIJAS,190
2025-04,2025,4,4731535,114,4731649,99.997591,0.002409,7.8.CO_PL_FIJAS,191
2025-05,2025,5,4745785,112,4745897,99.99764,0.00236,7.8.CO_PL_FIJAS,192
2025-06,2025,6,4744051,125,4744176,99.997365,0.002635,7.8.CO_PL_FIJAS,193
2025-07,2025,7,4742602,127,4742729,99.997322,0.002678,7.8.CO_PL_FIJAS,194
2025-08,2025,8,4768868,100,4768968,99.997903,0.002097,7.8.CO_PL_FIJAS,195
2025-09,2025,9,4773832,109,4773941,99.997717,0.002283,7.8.CO_PL_FIJAS,196
2025-10,2025,10,4789502,103,4789605,99.99785,0.00215,7.8.CO_PL_FIJAS,197
2025-11,2025,11,4786939,160,4787099,99.996658,0.003342,7.8.CO_PL_FIJAS,198
2025-12,2025,12,4796478,202,4796680,99.995789,0.004211,7.8.CO_PL_FIJAS,199
2026-01,2026,1,4817296,10,4817306,99.999792,0.000208,7.8.CO_PL_FIJAS,200
2026-02,2026,2,4839424,9,4839433,99.999814,0.000186,7.8.CO_PL_FIJAS,201
2026-03,2026,3,4862690,9,4862699,99.999815,0.000185,7.8.CO_PL_FIJAS,202
2026-04,2026,4,4878102,9,4878111,99.999816,0.000184,7.8.CO_PL_FIJAS,203
2026-05,2026,5,4882396,9,4882405,99.999816,0.000184,7.8.CO_PL_FIJAS,204
2026-06,2026,6,4900359,10,4900369,99.999796,0.000204,7.8.CO_PL_FIJAS,205
