period,year,month,operator,operator_source_label,traffic_tb,total_market_tb,share_pct,source_sheet,source_row
2019-01,2019,1,Entel,Entel S.A.,57000.484729,724594.589339,7.866535,10.4.TRAF_EMP,11
2019-01,2019,1,Telsur,Telsur,20118.991589,724594.589339,2.776586,10.4.TRAF_EMP,11
2019-01,2019,1,Grupo Claro-VTR,Grupo Claro-VTR,360465.460015,724594.589339,49.747192,10.4.TRAF_EMP,11
2019-01,2019,1,Movistar,Movistar,206460.601989,724594.589339,28.493257,10.4.TRAF_EMP,11
2019-01,2019,1,Entelphone,Entelphone,18327.54749,724594.589339,2.529352,10.4.TRAF_EMP,11
2019-01,2019,1,GTD Manquehue,GTD Manquehue,18757.659823,724594.589339,2.588711,10.4.TRAF_EMP,11
2019-01,2019,1,Fullcom,Fullcom,235.66745,724594.589339,0.032524,10.4.TRAF_EMP,11
2019-01,2019,1,Netline,Netline,200.489882,724594.589339,0.027669,10.4.TRAF_EMP,11
2019-01,2019,1,Austro Internet,Austro Internet,45.498987,724594.589339,0.006279,10.4.TRAF_EMP,11
2019-01,2019,1,Mundo Pacífico,Mundo Pacífico,42982.187385,724594.589339,5.931895,10.4.TRAF_EMP,11
2019-02,2019,2,Entel,Entel S.A.,56057.134994,667794.85346,8.394365,10.4.TRAF_EMP,12
2019-02,2019,2,Telsur,Telsur,18417.539677,667794.85346,2.757964,10.4.TRAF_EMP,12
2019-02,2019,2,Grupo Claro-VTR,Grupo Claro-VTR,330158.658963,667794.85346,49.440132,10.4.TRAF_EMP,12
2019-02,2019,2,Movistar,Movistar,184188.068319,667794.85346,27.581535,10.4.TRAF_EMP,12
2019-02,2019,2,Entelphone,Entelphone,19460.410092,667794.85346,2.91413,10.4.TRAF_EMP,12
2019-02,2019,2,GTD Manquehue,GTD Manquehue,16198.291584,667794.85346,2.425639,10.4.TRAF_EMP,12
2019-02,2019,2,Fullcom,Fullcom,212.100712,667794.85346,0.031761,10.4.TRAF_EMP,12
2019-02,2019,2,Netline,Netline,201.091348,667794.85346,0.030113,10.4.TRAF_EMP,12
2019-02,2019,2,Austro Internet,Austro Internet,44.300872,667794.85346,0.006634,10.4.TRAF_EMP,12
2019-02,2019,2,Mundo Pacífico,Mundo Pacífico,42857.256899,667794.85346,6.417728,10.4.TRAF_EMP,12
2019-03,2019,3,Entel,Entel S.A.,58002.150541,664016.587757,8.735045,10.4.TRAF_EMP,13
2019-03,2019,3,Telsur,Telsur,20187.972055,664016.587757,3.040281,10.4.TRAF_EMP,13
2019-03,2019,3,Grupo Claro-VTR,Grupo Claro-VTR,305693.317289,664016.587757,46.037,10.4.TRAF_EMP,13
2019-03,2019,3,Movistar,Movistar,193916.190374,664016.587757,29.203516,10.4.TRAF_EMP,13
2019-03,2019,3,Entelphone,Entelphone,21797.586758,664016.587757,3.282687,10.4.TRAF_EMP,13
2019-03,2019,3,GTD Manquehue,GTD Manquehue,20079.602899,664016.587757,3.023961,10.4.TRAF_EMP,13
2019-03,2019,3,Fullcom,Fullcom,24.942477,664016.587757,0.003756,10.4.TRAF_EMP,13
2019-03,2019,3,Netline,Netline,224.482292,664016.587757,0.033807,10.4.TRAF_EMP,13
2019-03,2019,3,Austro Internet,Austro Internet,42.551968,664016.587757,0.006408,10.4.TRAF_EMP,13
2019-03,2019,3,Mundo Pacífico,Mundo Pacífico,44047.791103,664016.587757,6.633538,10.4.TRAF_EMP,13
2019-04,2019,4,Entel,Entel S.A.,58122.520742,707812.043599,8.211576,10.4.TRAF_EMP,14
2019-04,2019,4,Telsur,Telsur,20232.331023,707812.043599,2.858433,10.4.TRAF_EMP,14
2019-04,2019,4,Grupo Claro-VTR,Grupo Claro-VTR,347041.160364,707812.043599,49.030129,10.4.TRAF_EMP,14
2019-04,2019,4,Movistar,Movistar,193440.088622,707812.043599,27.329302,10.4.TRAF_EMP,14
2019-04,2019,4,Entelphone,Entelphone,26303.599256,707812.043599,3.716184,10.4.TRAF_EMP,14
2019-04,2019,4,GTD Manquehue,GTD Manquehue,18864.253706,707812.043599,2.66515,10.4.TRAF_EMP,14
2019-04,2019,4,Fullcom,Fullcom,25.142017,707812.043599,0.003552,10.4.TRAF_EMP,14
2019-04,2019,4,Netline,Netline,226.278151,707812.043599,0.031969,10.4.TRAF_EMP,14
2019-04,2019,4,Austro Internet,Austro Internet,40.17352,707812.043599,0.005676,10.4.TRAF_EMP,14
2019-04,2019,4,Mundo Pacífico,Mundo Pacífico,43516.496198,707812.043599,6.14803,10.4.TRAF_EMP,14
2019-05,2019,5,Entel,Entel S.A.,58999.095238,755253.990326,7.811822,10.4.TRAF_EMP,15
2019-05,2019,5,Telsur,Telsur,21957.173557,755253.990326,2.907257,10.4.TRAF_EMP,15
2019-05,2019,5,Grupo Claro-VTR,Grupo Claro-VTR,369361.027008,755253.990326,48.905538,10.4.TRAF_EMP,15
2019-05,2019,5,Movistar,Movistar,207663.559065,755253.990326,27.495857,10.4.TRAF_EMP,15
2019-05,2019,5,Entelphone,Entelphone,27752.724143,755253.990326,3.674621,10.4.TRAF_EMP,15
2019-05,2019,5,GTD Manquehue,GTD Manquehue,20648.525173,755253.990326,2.733984,10.4.TRAF_EMP,15
2019-05,2019,5,Fullcom,Fullcom,22.941794,755253.990326,0.003038,10.4.TRAF_EMP,15
2019-05,2019,5,Netline,Netline,206.476146,755253.990326,0.027339,10.4.TRAF_EMP,15
2019-05,2019,5,Austro Internet,Austro Internet,18.390019,755253.990326,0.002435,10.4.TRAF_EMP,15
2019-05,2019,5,Mundo Pacífico,Mundo Pacífico,48624.078184,755253.990326,6.438109,10.4.TRAF_EMP,15
2019-06,2019,6,Entel,Entel S.A.,59908.905032,783563.05984,7.645703,10.4.TRAF_EMP,16
2019-06,2019,6,Telsur,Telsur,22604.215014,783563.05984,2.884798,10.4.TRAF_EMP,16
2019-06,2019,6,Grupo Claro-VTR,Grupo Claro-VTR,384738.811464,783563.05984,49.101193,10.4.TRAF_EMP,16
2019-06,2019,6,Movistar,Movistar,212800.614342,783563.05984,27.158071,10.4.TRAF_EMP,16
2019-06,2019,6,Entelphone,Entelphone,27507.305124,783563.05984,3.510541,10.4.TRAF_EMP,16
2019-06,2019,6,GTD Manquehue,GTD Manquehue,21423.519467,783563.05984,2.734116,10.4.TRAF_EMP,16
2019-06,2019,6,Fullcom,Fullcom,22.758259,783563.05984,0.002904,10.4.TRAF_EMP,16
2019-06,2019,6,Netline,Netline,204.824342,783563.05984,0.02614,10.4.TRAF_EMP,16
2019-06,2019,6,Austro Internet,Austro Internet,11.3139,783563.05984,0.001444,10.4.TRAF_EMP,16
2019-06,2019,6,Mundo Pacífico,Mundo Pacífico,54340.792896,783563.05984,6.935089,10.4.TRAF_EMP,16
2019-07,2019,7,Entel,Entel S.A.,60036.404139,878244.53802,6.835955,10.4.TRAF_EMP,17
2019-07,2019,7,Telsur,Telsur,26119.283427,878244.53802,2.974033,10.4.TRAF_EMP,17
2019-07,2019,7,Grupo Claro-VTR,Grupo Claro-VTR,427979.724617,878244.53802,48.731271,10.4.TRAF_EMP,17
2019-07,2019,7,Movistar,Movistar,249571.628846,878244.53802,28.4171,10.4.TRAF_EMP,17
2019-07,2019,7,Entelphone,Entelphone,31776.156533,878244.53802,3.618145,10.4.TRAF_EMP,17
2019-07,2019,7,GTD Manquehue,GTD Manquehue,23244.960218,878244.53802,2.646753,10.4.TRAF_EMP,17
2019-07,2019,7,Fullcom,Fullcom,22.705864,878244.53802,0.002585,10.4.TRAF_EMP,17
2019-07,2019,7,Netline,Netline,204.352779,878244.53802,0.023268,10.4.TRAF_EMP,17
2019-07,2019,7,Austro Internet,Austro Internet,13.480157,878244.53802,0.001535,10.4.TRAF_EMP,17
2019-07,2019,7,Mundo Pacífico,Mundo Pacífico,59275.841441,878244.53802,6.749355,10.4.TRAF_EMP,17
2019-08,2019,8,Entel,Entel S.A.,60801.602766,841185.249382,7.228087,10.4.TRAF_EMP,18
2019-08,2019,8,Telsur,Telsur,26787.767192,841185.249382,3.184527,10.4.TRAF_EMP,18
2019-08,2019,8,Grupo Claro-VTR,Grupo Claro-VTR,418210.670417,841185.249382,49.716834,10.4.TRAF_EMP,18
2019-08,2019,8,Movistar,Movistar,237151.051451,841185.249382,28.192488,10.4.TRAF_EMP,18
2019-08,2019,8,Entelphone,Entelphone,32412.248513,841185.249382,3.853164,10.4.TRAF_EMP,18
2019-08,2019,8,GTD Manquehue,GTD Manquehue,13907.404833,841185.249382,1.653311,10.4.TRAF_EMP,18
2019-08,2019,8,Fullcom,Fullcom,23.773315,841185.249382,0.002826,10.4.TRAF_EMP,18
2019-08,2019,8,Netline,Netline,213.959844,841185.249382,0.025436,10.4.TRAF_EMP,18
2019-08,2019,8,Austro Internet,Austro Internet,18.610524,841185.249382,0.002212,10.4.TRAF_EMP,18
2019-08,2019,8,Mundo Pacífico,Mundo Pacífico,51658.160526,841185.249382,6.141116,10.4.TRAF_EMP,18
2019-09,2019,9,Entel,Entel S.A.,60004.092882,837105.676048,7.168043,10.4.TRAF_EMP,19
2019-09,2019,9,Telsur,Telsur,25436.255915,837105.676048,3.038596,10.4.TRAF_EMP,19
2019-09,2019,9,Grupo Claro-VTR,Grupo Claro-VTR,412916.819982,837105.676048,49.326726,10.4.TRAF_EMP,19
2019-09,2019,9,Movistar,Movistar,230158.007543,837105.676048,27.494498,10.4.TRAF_EMP,19
2019-09,2019,9,Entelphone,Entelphone,34734.272575,837105.676048,4.149329,10.4.TRAF_EMP,19
2019-09,2019,9,GTD Manquehue,GTD Manquehue,21926.8952,837105.676048,2.61937,10.4.TRAF_EMP,19
2019-09,2019,9,Fullcom,Fullcom,23.559356,837105.676048,0.002814,10.4.TRAF_EMP,19
2019-09,2019,9,Netline,Netline,212.034201,837105.676048,0.025329,10.4.TRAF_EMP,19
2019-09,2019,9,Austro Internet,Austro Internet,35.825259,837105.676048,0.00428,10.4.TRAF_EMP,19
2019-09,2019,9,Mundo Pacífico,Mundo Pacífico,51657.913135,837105.676048,6.171015,10.4.TRAF_EMP,19
2019-10,2019,10,Entel,Entel S.A.,64077.604252,925908.794766,6.920509,10.4.TRAF_EMP,20
2019-10,2019,10,Telsur,Telsur,28162.710312,925908.794766,3.041629,10.4.TRAF_EMP,20
2019-10,2019,10,Grupo Claro-VTR,Grupo Claro-VTR,459425.990426,925908.794766,49.618925,10.4.TRAF_EMP,20
2019-10,2019,10,Movistar,Movistar,260362.872379,925908.794766,28.11971,10.4.TRAF_EMP,20
2019-10,2019,10,Entelphone,Entelphone,40494.916247,925908.794766,4.373532,10.4.TRAF_EMP,20
2019-10,2019,10,GTD Manquehue,GTD Manquehue,25665.871937,925908.794766,2.771965,10.4.TRAF_EMP,20
2019-10,2019,10,Fullcom,Fullcom,26.131564,925908.794766,0.002822,10.4.TRAF_EMP,20
2019-10,2019,10,Netline,Netline,235.184065,925908.794766,0.0254,10.4.TRAF_EMP,20
2019-10,2019,10,Austro Internet,Austro Internet,53.294984,925908.794766,0.005756,10.4.TRAF_EMP,20
2019-10,2019,10,Mundo Pacífico,Mundo Pacífico,47404.218602,925908.794766,5.11975,10.4.TRAF_EMP,20
2019-11,2019,11,Entel,Entel S.A.,61110.574047,877550.452449,6.963768,10.4.TRAF_EMP,21
2019-11,2019,11,Telsur,Telsur,27945.70429,877550.452449,3.184513,10.4.TRAF_EMP,21
2019-11,2019,11,Grupo Claro-VTR,Grupo Claro-VTR,432089.122447,877550.452449,49.238095,10.4.TRAF_EMP,21
2019-11,2019,11,Movistar,Movistar,245385.941191,877550.452449,27.962602,10.4.TRAF_EMP,21
2019-11,2019,11,Entelphone,Entelphone,41481.567414,877550.452449,4.726972,10.4.TRAF_EMP,21
2019-11,2019,11,GTD Manquehue,GTD Manquehue,23703.697558,877550.452449,2.701121,10.4.TRAF_EMP,21
2019-11,2019,11,Fullcom,Fullcom,26.340616,877550.452449,0.003002,10.4.TRAF_EMP,21
2019-11,2019,11,Netline,Netline,235.889622,877550.452449,0.02688,10.4.TRAF_EMP,21
2019-11,2019,11,Austro Internet,Austro Internet,42.250732,877550.452449,0.004815,10.4.TRAF_EMP,21
2019-11,2019,11,Mundo Pacífico,Mundo Pacífico,45529.364532,877550.452449,5.188233,10.4.TRAF_EMP,21
2019-12,2019,12,Entel,Entel S.A.,61053.772079,916657.957465,6.660475,10.4.TRAF_EMP,22
2019-12,2019,12,Telsur,Telsur,30307.246753,916657.957465,3.306277,10.4.TRAF_EMP,22
2019-12,2019,12,Grupo Claro-VTR,Grupo Claro-VTR,446355.543747,916657.957465,48.693795,10.4.TRAF_EMP,22
2019-12,2019,12,Movistar,Movistar,246616.037074,916657.957465,26.903823,10.4.TRAF_EMP,22
2019-12,2019,12,Entelphone,Entelphone,43693.565113,916657.957465,4.766616,10.4.TRAF_EMP,22
2019-12,2019,12,GTD Manquehue,GTD Manquehue,25716.244364,916657.957465,2.805435,10.4.TRAF_EMP,22
2019-12,2019,12,Fullcom,Fullcom,26.55134,916657.957465,0.002897,10.4.TRAF_EMP,22
2019-12,2019,12,Netline,Netline,237.065526,916657.957465,0.025862,10.4.TRAF_EMP,22
2019-12,2019,12,Austro Internet,Austro Internet,47.320585,916657.957465,0.005162,10.4.TRAF_EMP,22
2019-12,2019,12,Mundo Pacífico,Mundo Pacífico,62604.610884,916657.957465,6.829659,10.4.TRAF_EMP,22
2020-01,2020,1,Entel,Entel S.A.,60632.145457,919275.672113,6.595643,10.4.TRAF_EMP,23
2020-01,2020,1,Telsur,Telsur,29619.567207,919275.672113,3.222055,10.4.TRAF_EMP,23
2020-01,2020,1,Grupo Claro-VTR,Grupo Claro-VTR,447016.118923,919275.672113,48.626993,10.4.TRAF_EMP,23
2020-01,2020,1,Movistar,Movistar,247229.668125,919275.672113,26.893964,10.4.TRAF_EMP,23
2020-01,2020,1,Entelphone,Entelphone,43335.282776,919275.672113,4.714068,10.4.TRAF_EMP,23
2020-01,2020,1,GTD Manquehue,GTD Manquehue,23549.131065,919275.672113,2.561705,10.4.TRAF_EMP,23
2020-01,2020,1,Fullcom,Fullcom,26.735543,919275.672113,0.002908,10.4.TRAF_EMP,23
2020-01,2020,1,Netline,Netline,240.619884,919275.672113,0.026175,10.4.TRAF_EMP,23
2020-01,2020,1,Austro Internet,Austro Internet,45.488282,919275.672113,0.004948,10.4.TRAF_EMP,23
2020-01,2020,1,Mundo Pacífico,Mundo Pacífico,67580.914853,919275.672113,7.35154,10.4.TRAF_EMP,23
2020-02,2020,2,Entel,Entel S.A.,59021.582025,864315.136312,6.828711,10.4.TRAF_EMP,24
2020-02,2020,2,Telsur,Telsur,29513.534527,864315.136312,3.414673,10.4.TRAF_EMP,24
2020-02,2020,2,Grupo Claro-VTR,Grupo Claro-VTR,421980.365446,864315.136312,48.822512,10.4.TRAF_EMP,24
2020-02,2020,2,Movistar,Movistar,227501.569066,864315.136312,26.3216,10.4.TRAF_EMP,24
2020-02,2020,2,Entelphone,Entelphone,46655.748029,864315.136312,5.398002,10.4.TRAF_EMP,24
2020-02,2020,2,GTD Manquehue,GTD Manquehue,21157.581769,864315.136312,2.447901,10.4.TRAF_EMP,24
2020-02,2020,2,Fullcom,Fullcom,24.061988,864315.136312,0.002784,10.4.TRAF_EMP,24
2020-02,2020,2,Netline,Netline,238.694927,864315.136312,0.027617,10.4.TRAF_EMP,24
2020-02,2020,2,Austro Internet,Austro Internet,44.249382,864315.136312,0.00512,10.4.TRAF_EMP,24
2020-02,2020,2,Mundo Pacífico,Mundo Pacífico,58177.749152,864315.136312,6.731081,10.4.TRAF_EMP,24
2020-03,2020,3,Entel,Entel S.A.,66694.387441,1133979.111902,5.881448,10.4.TRAF_EMP,25
2020-03,2020,3,Telsur,Telsur,39277.138876,1133979.111902,3.463656,10.4.TRAF_EMP,25
2020-03,2020,3,Grupo Claro-VTR,Grupo Claro-VTR,541634.665174,1133979.111902,47.764078,10.4.TRAF_EMP,25
2020-03,2020,3,Movistar,Movistar,301887.497442,1133979.111902,26.621963,10.4.TRAF_EMP,25
2020-03,2020,3,Entelphone,Entelphone,54650.278646,1133979.111902,4.819337,10.4.TRAF_EMP,25
2020-03,2020,3,GTD Manquehue,GTD Manquehue,33419.399993,1133979.111902,2.947091,10.4.TRAF_EMP,25
2020-03,2020,3,Fullcom,Fullcom,26.814186,1133979.111902,0.002365,10.4.TRAF_EMP,25
2020-03,2020,3,Netline,Netline,241.327663,1133979.111902,0.021281,10.4.TRAF_EMP,25
2020-03,2020,3,Austro Internet,Austro Internet,35.449314,1133979.111902,0.003126,10.4.TRAF_EMP,25
2020-03,2020,3,Mundo Pacífico,Mundo Pacífico,96112.153167,1133979.111902,8.475655,10.4.TRAF_EMP,25
2020-04,2020,4,Entel,Entel S.A.,67294.63712,1230972.994363,5.466784,10.4.TRAF_EMP,26
2020-04,2020,4,Telsur,Telsur,44208.96287,1230972.994363,3.591384,10.4.TRAF_EMP,26
2020-04,2020,4,Grupo Claro-VTR,Grupo Claro-VTR,566262.151456,1230972.994363,46.001184,10.4.TRAF_EMP,26
2020-04,2020,4,Movistar,Movistar,333473.626489,1230972.994363,27.090247,10.4.TRAF_EMP,26
2020-04,2020,4,Entelphone,Entelphone,61560.194605,1230972.994363,5.000938,10.4.TRAF_EMP,26
2020-04,2020,4,GTD Manquehue,GTD Manquehue,36258.938982,1230972.994363,2.945551,10.4.TRAF_EMP,26
2020-04,2020,4,Fullcom,Fullcom,20.110638,1230972.994363,0.001634,10.4.TRAF_EMP,26
2020-04,2020,4,Netline,Netline,193.062134,1230972.994363,0.015684,10.4.TRAF_EMP,26
2020-04,2020,4,Austro Internet,Austro Internet,14.037701,1230972.994363,0.00114,10.4.TRAF_EMP,26
2020-04,2020,4,Mundo Pacífico,Mundo Pacífico,121687.272367,1230972.994363,9.885454,10.4.TRAF_EMP,26
2020-05,2020,5,Entel,Entel S.A.,68505.940973,1302758.910424,5.258528,10.4.TRAF_EMP,27
2020-05,2020,5,Telsur,Telsur,47201.907648,1302758.910424,3.623227,10.4.TRAF_EMP,27
2020-05,2020,5,Grupo Claro-VTR,Grupo Claro-VTR,585612.787084,1302758.910424,44.951739,10.4.TRAF_EMP,27
2020-05,2020,5,Movistar,Movistar,342776.398138,1302758.910424,26.311576,10.4.TRAF_EMP,27
2020-05,2020,5,Entelphone,Entelphone,67584.702919,1302758.910424,5.187814,10.4.TRAF_EMP,27
2020-05,2020,5,GTD Manquehue,GTD Manquehue,44755.963074,1302758.910424,3.435475,10.4.TRAF_EMP,27
2020-05,2020,5,Fullcom,Fullcom,15.082978,1302758.910424,0.001158,10.4.TRAF_EMP,27
2020-05,2020,5,Netline,Netline,179.547789,1302758.910424,0.013782,10.4.TRAF_EMP,27
2020-05,2020,5,Austro Internet,Austro Internet,12.088639,1302758.910424,0.000928,10.4.TRAF_EMP,27
2020-05,2020,5,Mundo Pacífico,Mundo Pacífico,146114.491182,1302758.910424,11.215774,10.4.TRAF_EMP,27
2020-06,2020,6,Entel,Entel S.A.,69714.727928,1324946.546082,5.261701,10.4.TRAF_EMP,28
2020-06,2020,6,Telsur,Telsur,48160.671421,1324946.546082,3.634914,10.4.TRAF_EMP,28
2020-06,2020,6,Grupo Claro-VTR,Grupo Claro-VTR,580430.251181,1324946.546082,43.807824,10.4.TRAF_EMP,28
2020-06,2020,6,Movistar,Movistar,351346.273226,1324946.546082,26.51777,10.4.TRAF_EMP,28
2020-06,2020,6,Entelphone,Entelphone,76203.524103,1324946.546082,5.751441,10.4.TRAF_EMP,28
2020-06,2020,6,GTD Manquehue,GTD Manquehue,45621.621943,1324946.546082,3.44328,10.4.TRAF_EMP,28
2020-06,2020,6,Fullcom,Fullcom,14.32883,1324946.546082,0.001081,10.4.TRAF_EMP,28
2020-06,2020,6,Netline,Netline,161.593009,1324946.546082,0.012196,10.4.TRAF_EMP,28
2020-06,2020,6,Austro Internet,Austro Internet,13.49898,1324946.546082,0.001019,10.4.TRAF_EMP,28
2020-06,2020,6,Mundo Pacífico,Mundo Pacífico,153280.055461,1324946.546082,11.568773,10.4.TRAF_EMP,28
2020-07,2020,7,Entel,Entel S.A.,72503.317277,1380527.183017,5.251857,10.4.TRAF_EMP,29
2020-07,2020,7,Telsur,Telsur,51788.972734,1380527.183017,3.751391,10.4.TRAF_EMP,29
2020-07,2020,7,Grupo Claro-VTR,Grupo Claro-VTR,605084.451341,1380527.183017,43.829956,10.4.TRAF_EMP,29
2020-07,2020,7,Movistar,Movistar,370957.679358,1380527.183017,26.870726,10.4.TRAF_EMP,29
2020-07,2020,7,Entelphone,Entelphone,74758.336121,1380527.183017,5.415202,10.4.TRAF_EMP,29
2020-07,2020,7,GTD Manquehue,GTD Manquehue,41806.299688,1380527.183017,3.028285,10.4.TRAF_EMP,29
2020-07,2020,7,Fullcom,Fullcom,13.612388,1380527.183017,0.000986,10.4.TRAF_EMP,29
2020-07,2020,7,Netline,Netline,143.81778,1380527.183017,0.010418,10.4.TRAF_EMP,29
2020-07,2020,7,Austro Internet,Austro Internet,13.49117,1380527.183017,0.000977,10.4.TRAF_EMP,29
2020-07,2020,7,Mundo Pacífico,Mundo Pacífico,162396.242111,1380527.183017,11.76335,10.4.TRAF_EMP,29
2020-07,2020,7,WOM,WOM,1060.963049,1380527.183017,0.076852,10.4.TRAF_EMP,29
2020-08,2020,8,Entel,Entel S.A.,73953.38354,1427439.364926,5.180842,10.4.TRAF_EMP,30
2020-08,2020,8,Telsur,Telsur,55468.915656,1427439.364926,3.885903,10.4.TRAF_EMP,30
2020-08,2020,8,Grupo Claro-VTR,Grupo Claro-VTR,618194.435628,1427439.364926,43.30793,10.4.TRAF_EMP,30
2020-08,2020,8,Movistar,Movistar,374340.564688,1427439.364926,26.224621,10.4.TRAF_EMP,30
2020-08,2020,8,Entelphone,Entelphone,78978.27241,1427439.364926,5.532864,10.4.TRAF_EMP,30
2020-08,2020,8,GTD Manquehue,GTD Manquehue,43041.306571,1427439.364926,3.015281,10.4.TRAF_EMP,30
2020-08,2020,8,Fullcom,Fullcom,30.940331,1427439.364926,0.002168,10.4.TRAF_EMP,30
2020-08,2020,8,Netline,Netline,148.13231,1427439.364926,0.010377,10.4.TRAF_EMP,30
2020-08,2020,8,Austro Internet,Austro Internet,14.401188,1427439.364926,0.001009,10.4.TRAF_EMP,30
2020-08,2020,8,Mundo Pacífico,Mundo Pacífico,181687.128147,1427439.364926,12.728185,10.4.TRAF_EMP,30
2020-08,2020,8,WOM,WOM,1581.884458,1427439.364926,0.11082,10.4.TRAF_EMP,30
2020-09,2020,9,Entel,Entel S.A.,71734.781731,1351725.710877,5.306904,10.4.TRAF_EMP,31
2020-09,2020,9,Telsur,Telsur,52568.104725,1351725.710877,3.888962,10.4.TRAF_EMP,31
2020-09,2020,9,Grupo Claro-VTR,Grupo Claro-VTR,562026.780762,1351725.710877,41.578463,10.4.TRAF_EMP,31
2020-09,2020,9,Movistar,Movistar,374692.547067,1351725.710877,27.719569,10.4.TRAF_EMP,31
2020-09,2020,9,Entelphone,Entelphone,72217.366099,1351725.710877,5.342605,10.4.TRAF_EMP,31
2020-09,2020,9,GTD Manquehue,GTD Manquehue,39577.798539,1351725.710877,2.927946,10.4.TRAF_EMP,31
2020-09,2020,9,Fullcom,Fullcom,26.299282,1351725.710877,0.001946,10.4.TRAF_EMP,31
2020-09,2020,9,Netline,Netline,145.169665,1351725.710877,0.01074,10.4.TRAF_EMP,31
2020-09,2020,9,Austro Internet,Austro Internet,10.356993,1351725.710877,0.000766,10.4.TRAF_EMP,31
2020-09,2020,9,Mundo Pacífico,Mundo Pacífico,176740.719551,1351725.710877,13.075191,10.4.TRAF_EMP,31
2020-09,2020,9,WOM,WOM,1985.786462,1351725.710877,0.146908,10.4.TRAF_EMP,31
2020-10,2020,10,Entel,Entel S.A.,73886.825482,1385806.027202,5.331686,10.4.TRAF_EMP,32
2020-10,2020,10,Telsur,Telsur,56678.575349,1385806.027202,4.089936,10.4.TRAF_EMP,32
2020-10,2020,10,Grupo Claro-VTR,Grupo Claro-VTR,562019.976355,1385806.027202,40.555458,10.4.TRAF_EMP,32
2020-10,2020,10,Movistar,Movistar,389557.511563,1385806.027202,28.110537,10.4.TRAF_EMP,32
2020-10,2020,10,Entelphone,Entelphone,73598.705116,1385806.027202,5.310895,10.4.TRAF_EMP,32
2020-10,2020,10,GTD Manquehue,GTD Manquehue,39941.342774,1385806.027202,2.882174,10.4.TRAF_EMP,32
2020-10,2020,10,Fullcom,Fullcom,33.530314,1385806.027202,0.00242,10.4.TRAF_EMP,32
2020-10,2020,10,Netline,Netline,301.772832,1385806.027202,0.021776,10.4.TRAF_EMP,32
2020-10,2020,10,Austro Internet,Austro Internet,13.484712,1385806.027202,0.000973,10.4.TRAF_EMP,32
2020-10,2020,10,Mundo Pacífico,Mundo Pacífico,187782.058298,1385806.027202,13.550385,10.4.TRAF_EMP,32
2020-10,2020,10,WOM,WOM,1992.244407,1385806.027202,0.143761,10.4.TRAF_EMP,32
2020-11,2020,11,Entel,Entel S.A.,72022.39353,1392408.128931,5.172506,10.4.TRAF_EMP,33
2020-11,2020,11,Telsur,Telsur,58829.223224,1392408.128931,4.224999,10.4.TRAF_EMP,33
2020-11,2020,11,Grupo Claro-VTR,Grupo Claro-VTR,549380.389387,1392408.128931,39.455414,10.4.TRAF_EMP,33
2020-11,2020,11,Movistar,Movistar,399100.035814,1392408.128931,28.662576,10.4.TRAF_EMP,33
2020-11,2020,11,Entelphone,Entelphone,69540.818876,1392408.128931,4.994284,10.4.TRAF_EMP,33
2020-11,2020,11,GTD Manquehue,GTD Manquehue,40459.203974,1392408.128931,2.9057,10.4.TRAF_EMP,33
2020-11,2020,11,Fullcom,Fullcom,32.868664,1392408.128931,0.002361,10.4.TRAF_EMP,33
2020-11,2020,11,Netline,Netline,295.817965,1392408.128931,0.021245,10.4.TRAF_EMP,33
2020-11,2020,11,Austro Internet,Austro Internet,12.531721,1392408.128931,0.0009,10.4.TRAF_EMP,33
2020-11,2020,11,Mundo Pacífico,Mundo Pacífico,198960.174984,1392408.128931,14.288927,10.4.TRAF_EMP,33
2020-11,2020,11,WOM,WOM,3774.670792,1392408.128931,0.271089,10.4.TRAF_EMP,33
2020-12,2020,12,Entel,Entel S.A.,65556.81045,1478307.328318,4.434586,10.4.TRAF_EMP,34
2020-12,2020,12,Telsur,Telsur,61156.105141,1478307.328318,4.136901,10.4.TRAF_EMP,34
2020-12,2020,12,Grupo Claro-VTR,Grupo Claro-VTR,576811.318549,1478307.328318,39.018363,10.4.TRAF_EMP,34
2020-12,2020,12,Movistar,Movistar,428882.998165,1478307.328318,29.011762,10.4.TRAF_EMP,34
2020-12,2020,12,Entelphone,Entelphone,73596.440846,1478307.328318,4.978426,10.4.TRAF_EMP,34
2020-12,2020,12,GTD Manquehue,GTD Manquehue,43825.28062,1478307.328318,2.964558,10.4.TRAF_EMP,34
2020-12,2020,12,Fullcom,Fullcom,33.854722,1478307.328318,0.00229,10.4.TRAF_EMP,34
2020-12,2020,12,Netline,Netline,335.161762,1478307.328318,0.022672,10.4.TRAF_EMP,34
2020-12,2020,12,Austro Internet,Austro Internet,18.381243,1478307.328318,0.001243,10.4.TRAF_EMP,34
2020-12,2020,12,Mundo Pacífico,Mundo Pacífico,222224.999189,1478307.328318,15.032395,10.4.TRAF_EMP,34
2020-12,2020,12,WOM,WOM,5865.977631,1478307.328318,0.396804,10.4.TRAF_EMP,34
2021-01,2021,1,Entel,Entel S.A.,60549.530603,1493912.114688,4.053085,10.4.TRAF_EMP,35
2021-01,2021,1,Telsur,Telsur,61102.32131,1493912.114688,4.090088,10.4.TRAF_EMP,35
2021-01,2021,1,Grupo Claro-VTR,Grupo Claro-VTR,578697.926253,1493912.114688,38.73708,10.4.TRAF_EMP,35
2021-01,2021,1,Movistar,Movistar,437097.833914,1493912.114688,29.258604,10.4.TRAF_EMP,35
2021-01,2021,1,Entelphone,Entelphone,73126.308411,1493912.114688,4.894954,10.4.TRAF_EMP,35
2021-01,2021,1,GTD Manquehue,GTD Manquehue,40711.992067,1493912.114688,2.725193,10.4.TRAF_EMP,35
2021-01,2021,1,Fullcom,Fullcom,31.419532,1493912.114688,0.002103,10.4.TRAF_EMP,35
2021-01,2021,1,Netline,Netline,282.775785,1493912.114688,0.018929,10.4.TRAF_EMP,35
2021-01,2021,1,Austro Internet,Austro Internet,18.190116,1493912.114688,0.001218,10.4.TRAF_EMP,35
2021-01,2021,1,Mundo Pacífico,Mundo Pacífico,232844.698475,1493912.114688,15.586238,10.4.TRAF_EMP,35
2021-01,2021,1,WOM,WOM,9449.118221,1493912.114688,0.632508,10.4.TRAF_EMP,35
2021-02,2021,2,Entel,Entel S.A.,56319.847262,1341477.347376,4.198345,10.4.TRAF_EMP,36
2021-02,2021,2,Telsur,Telsur,55376.305146,1341477.347376,4.128009,10.4.TRAF_EMP,36
2021-02,2021,2,Grupo Claro-VTR,Grupo Claro-VTR,515795.879583,1341477.347376,38.449839,10.4.TRAF_EMP,36
2021-02,2021,2,Movistar,Movistar,390139.908323,1341477.347376,29.082855,10.4.TRAF_EMP,36
2021-02,2021,2,Entelphone,Entelphone,61925.50351,1341477.347376,4.616217,10.4.TRAF_EMP,36
2021-02,2021,2,GTD Manquehue,GTD Manquehue,34333.696875,1341477.347376,2.559394,10.4.TRAF_EMP,36
2021-02,2021,2,Fullcom,Fullcom,25.732596,1341477.347376,0.001918,10.4.TRAF_EMP,36
2021-02,2021,2,Netline,Netline,257.325963,1341477.347376,0.019182,10.4.TRAF_EMP,36
2021-02,2021,2,Austro Internet,Austro Internet,18.294971,1341477.347376,0.001364,10.4.TRAF_EMP,36
2021-02,2021,2,Mundo Pacífico,Mundo Pacífico,215956.095535,1341477.347376,16.098378,10.4.TRAF_EMP,36
2021-02,2021,2,WOM,WOM,11328.757612,1341477.347376,0.844499,10.4.TRAF_EMP,36
2021-03,2021,3,Entel,Entel S.A.,77204.220668,1650772.326651,4.676855,10.4.TRAF_EMP,37
2021-03,2021,3,Telsur,Telsur,69912.888757,1650772.326651,4.235162,10.4.TRAF_EMP,37
2021-03,2021,3,Grupo Claro-VTR,Grupo Claro-VTR,614049.875678,1650772.326651,37.197733,10.4.TRAF_EMP,37
2021-03,2021,3,Movistar,Movistar,496852.51792,1650772.326651,30.098186,10.4.TRAF_EMP,37
2021-03,2021,3,Entelphone,Entelphone,77417.039731,1650772.326651,4.689747,10.4.TRAF_EMP,37
2021-03,2021,3,GTD Manquehue,GTD Manquehue,47447.175737,1650772.326651,2.874241,10.4.TRAF_EMP,37
2021-03,2021,3,Fullcom,Fullcom,31.384929,1650772.326651,0.001901,10.4.TRAF_EMP,37
2021-03,2021,3,Netline,Netline,282.464359,1650772.326651,0.017111,10.4.TRAF_EMP,37
2021-03,2021,3,Austro Internet,Austro Internet,19.068428,1650772.326651,0.001155,10.4.TRAF_EMP,37
2021-03,2021,3,Mundo Pacífico,Mundo Pacífico,255766.764961,1650772.326651,15.493764,10.4.TRAF_EMP,37
2021-03,2021,3,WOM,WOM,11788.925483,1650772.326651,0.714146,10.4.TRAF_EMP,37
2021-04,2021,4,Entel,Entel S.A.,70882.746002,1722864.812303,4.114237,10.4.TRAF_EMP,38
2021-04,2021,4,Telsur,Telsur,74621.083296,1722864.812303,4.331221,10.4.TRAF_EMP,38
2021-04,2021,4,Grupo Claro-VTR,Grupo Claro-VTR,640018.800932,1722864.812303,37.148521,10.4.TRAF_EMP,38
2021-04,2021,4,Movistar,Movistar,509185.939913,1722864.812303,29.554608,10.4.TRAF_EMP,38
2021-04,2021,4,Entelphone,Entelphone,82241.833308,1722864.812303,4.773551,10.4.TRAF_EMP,38
2021-04,2021,4,GTD Manquehue,GTD Manquehue,52291.116474,1722864.812303,3.035126,10.4.TRAF_EMP,38
2021-04,2021,4,Fullcom,Fullcom,29.77117,1722864.812303,0.001728,10.4.TRAF_EMP,38
2021-04,2021,4,Netline,Netline,267.940523,1722864.812303,0.015552,10.4.TRAF_EMP,38
2021-04,2021,4,Austro Internet,Austro Internet,14.066498,1722864.812303,0.000816,10.4.TRAF_EMP,38
2021-04,2021,4,Mundo Pacífico,Mundo Pacífico,276639.159279,1722864.812303,16.056928,10.4.TRAF_EMP,38
2021-04,2021,4,WOM,WOM,16672.354908,1722864.812303,0.967711,10.4.TRAF_EMP,38
2021-05,2021,5,Entel,Entel S.A.,67864.421426,1724027.643792,3.936388,10.4.TRAF_EMP,39
2021-05,2021,5,Telsur,Telsur,75627.90005,1724027.643792,4.386699,10.4.TRAF_EMP,39
2021-05,2021,5,Grupo Claro-VTR,Grupo Claro-VTR,622757.746747,1724027.643792,36.12226,10.4.TRAF_EMP,39
2021-05,2021,5,Movistar,Movistar,522927.311292,1724027.643792,30.331724,10.4.TRAF_EMP,39
2021-05,2021,5,Entelphone,Entelphone,81156.843846,1724027.643792,4.707398,10.4.TRAF_EMP,39
2021-05,2021,5,GTD Manquehue,GTD Manquehue,49690.513755,1724027.643792,2.882234,10.4.TRAF_EMP,39
2021-05,2021,5,Fullcom,Fullcom,30.922507,1724027.643792,0.001794,10.4.TRAF_EMP,39
2021-05,2021,5,Netline,Netline,278.302567,1724027.643792,0.016143,10.4.TRAF_EMP,39
2021-05,2021,5,Austro Internet,Austro Internet,11.864527,1724027.643792,0.000688,10.4.TRAF_EMP,39
2021-05,2021,5,Mundo Pacífico,Mundo Pacífico,287094.936513,1724027.643792,16.652572,10.4.TRAF_EMP,39
2021-05,2021,5,WOM,WOM,16586.880562,1724027.643792,0.962101,10.4.TRAF_EMP,39
2021-06,2021,6,Entel,Entel S.A.,66635.004485,1761957.209177,3.781874,10.4.TRAF_EMP,40
2021-06,2021,6,Telsur,Telsur,75925.017945,1761957.209177,4.30913,10.4.TRAF_EMP,40
2021-06,2021,6,Grupo Claro-VTR,Grupo Claro-VTR,615082.449864,1761957.209177,34.909046,10.4.TRAF_EMP,40
2021-06,2021,6,Movistar,Movistar,547076.133353,1761957.209177,31.049343,10.4.TRAF_EMP,40
2021-06,2021,6,Entelphone,Entelphone,81023.610312,1761957.209177,4.5985,10.4.TRAF_EMP,40
2021-06,2021,6,GTD Manquehue,GTD Manquehue,50640.949772,1761957.209177,2.874131,10.4.TRAF_EMP,40
2021-06,2021,6,Fullcom,Fullcom,31.07712,1761957.209177,0.001764,10.4.TRAF_EMP,40
2021-06,2021,6,Netline,Netline,280.528982,1761957.209177,0.015921,10.4.TRAF_EMP,40
2021-06,2021,6,Austro Internet,Austro Internet,9.926808,1761957.209177,0.000563,10.4.TRAF_EMP,40
2021-06,2021,6,Mundo Pacífico,Mundo Pacífico,303601.607388,1761957.209177,17.23093,10.4.TRAF_EMP,40
2021-06,2021,6,WOM,WOM,21650.903149,1761957.209177,1.228798,10.4.TRAF_EMP,40
2021-07,2021,7,Entel,Entel S.A.,79263.094102,1801063.03127,4.400906,10.4.TRAF_EMP,41
2021-07,2021,7,Telsur,Telsur,76992.422892,1801063.03127,4.274832,10.4.TRAF_EMP,41
2021-07,2021,7,Grupo Claro-VTR,Grupo Claro-VTR,604521.089302,1801063.03127,33.564683,10.4.TRAF_EMP,41
2021-07,2021,7,Movistar,Movistar,563160.173691,1801063.03127,31.26821,10.4.TRAF_EMP,41
2021-07,2021,7,Entelphone,Entelphone,74280.175717,1801063.03127,4.124241,10.4.TRAF_EMP,41
2021-07,2021,7,GTD Manquehue,GTD Manquehue,45816.412039,1801063.03127,2.543854,10.4.TRAF_EMP,41
2021-07,2021,7,Fullcom,Fullcom,30.673117,1801063.03127,0.001703,10.4.TRAF_EMP,41
2021-07,2021,7,Netline,Netline,285.578492,1801063.03127,0.015856,10.4.TRAF_EMP,41
2021-07,2021,7,Austro Internet,Austro Internet,10.06646,1801063.03127,0.000559,10.4.TRAF_EMP,41
2021-07,2021,7,Mundo Pacífico,Mundo Pacífico,328094.214136,1801063.03127,18.216698,10.4.TRAF_EMP,41
2021-07,2021,7,WOM,WOM,28609.131321,1801063.03127,1.588458,10.4.TRAF_EMP,41
2021-08,2021,8,Entel,Entel S.A.,95596.460439,1814891.716137,5.267337,10.4.TRAF_EMP,42
2021-08,2021,8,Telsur,Telsur,77141.359984,1814891.716137,4.250466,10.4.TRAF_EMP,42
2021-08,2021,8,Grupo Claro-VTR,Grupo Claro-VTR,585731.066848,1814891.716137,32.27361,10.4.TRAF_EMP,42
2021-08,2021,8,Movistar,Movistar,559689.506724,1814891.716137,30.838727,10.4.TRAF_EMP,42
2021-08,2021,8,Entelphone,Entelphone,75811.610522,1814891.716137,4.177197,10.4.TRAF_EMP,42
2021-08,2021,8,GTD Manquehue,GTD Manquehue,46644.253965,1814891.716137,2.570085,10.4.TRAF_EMP,42
2021-08,2021,8,Fullcom,Fullcom,30.455577,1814891.716137,0.001678,10.4.TRAF_EMP,42
2021-08,2021,8,Netline,Netline,281.29482,1814891.716137,0.015499,10.4.TRAF_EMP,42
2021-08,2021,8,Austro Internet,Austro Internet,11.500428,1814891.716137,0.000634,10.4.TRAF_EMP,42
2021-08,2021,8,Mundo Pacífico,Mundo Pacífico,337157.459502,1814891.716137,18.577277,10.4.TRAF_EMP,42
2021-08,2021,8,WOM,WOM,36796.747328,1814891.716137,2.02749,10.4.TRAF_EMP,42
2021-09,2021,9,Entel,Entel S.A.,118286.414507,1743017.038432,6.786303,10.4.TRAF_EMP,43
2021-09,2021,9,Telsur,Telsur,71891.495792,1743017.038432,4.124543,10.4.TRAF_EMP,43
2021-09,2021,9,Grupo Claro-VTR,Grupo Claro-VTR,550414.95294,1743017.038432,31.578289,10.4.TRAF_EMP,43
2021-09,2021,9,Movistar,Movistar,532510.871231,1743017.038432,30.5511,10.4.TRAF_EMP,43
2021-09,2021,9,Entelphone,Entelphone,68495.83736,1743017.038432,3.929729,10.4.TRAF_EMP,43
2021-09,2021,9,GTD Manquehue,GTD Manquehue,42900.262115,1743017.038432,2.461265,10.4.TRAF_EMP,43
2021-09,2021,9,Fullcom,Fullcom,30.8515,1743017.038432,0.00177,10.4.TRAF_EMP,43
2021-09,2021,9,Netline,Netline,273.418567,1743017.038432,0.015687,10.4.TRAF_EMP,43
2021-09,2021,9,Austro Internet,Austro Internet,17.661865,1743017.038432,0.001013,10.4.TRAF_EMP,43
2021-09,2021,9,Mundo Pacífico,Mundo Pacífico,328650.269529,1743017.038432,18.855253,10.4.TRAF_EMP,43
2021-09,2021,9,WOM,WOM,29545.003026,1743017.038432,1.69505,10.4.TRAF_EMP,43
2021-10,2021,10,Entel,Entel S.A.,117072.700877,1863443.609113,6.2826,10.4.TRAF_EMP,44
2021-10,2021,10,Telsur,Telsur,73644.57761,1863443.609113,3.952069,10.4.TRAF_EMP,44
2021-10,2021,10,Grupo Claro-VTR,Grupo Claro-VTR,584623.036755,1863443.609113,31.373262,10.4.TRAF_EMP,44
2021-10,2021,10,Movistar,Movistar,577411.533925,1863443.609113,30.986263,10.4.TRAF_EMP,44
2021-10,2021,10,Entelphone,Entelphone,69645.002573,1863443.609113,3.737435,10.4.TRAF_EMP,44
2021-10,2021,10,GTD Manquehue,GTD Manquehue,45725.12867,1863443.609113,2.453797,10.4.TRAF_EMP,44
2021-10,2021,10,Fullcom,Fullcom,39.968572,1863443.609113,0.002145,10.4.TRAF_EMP,44
2021-10,2021,10,Netline,Netline,359.717146,1863443.609113,0.019304,10.4.TRAF_EMP,44
2021-10,2021,10,Austro Internet,Austro Internet,20.092479,1863443.609113,0.001078,10.4.TRAF_EMP,44
2021-10,2021,10,Mundo Pacífico,Mundo Pacífico,351667.915369,1863443.609113,18.871938,10.4.TRAF_EMP,44
2021-10,2021,10,WOM,WOM,43233.935137,1863443.609113,2.32011,10.4.TRAF_EMP,44
2021-11,2021,11,Entel,Entel S.A.,115854.820056,1811895.018944,6.394124,10.4.TRAF_EMP,45
2021-11,2021,11,Telsur,Telsur,71795.269731,1811895.018944,3.962441,10.4.TRAF_EMP,45
2021-11,2021,11,Grupo Claro-VTR,Grupo Claro-VTR,565776.533605,1811895.018944,31.22568,10.4.TRAF_EMP,45
2021-11,2021,11,Movistar,Movistar,563251.137795,1811895.018944,31.086301,10.4.TRAF_EMP,45
2021-11,2021,11,Entelphone,Entelphone,65977.497429,1811895.018944,3.641353,10.4.TRAF_EMP,45
2021-11,2021,11,GTD Manquehue,GTD Manquehue,44340.128825,1811895.018944,2.447169,10.4.TRAF_EMP,45
2021-11,2021,11,Fullcom,Fullcom,38.56967,1811895.018944,0.002129,10.4.TRAF_EMP,45
2021-11,2021,11,Austro Internet,Austro Internet,20.375186,1811895.018944,0.001125,10.4.TRAF_EMP,45
2021-11,2021,11,Mundo Pacífico,Mundo Pacífico,342824.620688,1811895.018944,18.920777,10.4.TRAF_EMP,45
2021-11,2021,11,WOM,WOM,42016.06596,1811895.018944,2.318902,10.4.TRAF_EMP,45
2021-12,2021,12,Entel,Entel S.A.,115861.5493,1889311.854929,6.132474,10.4.TRAF_EMP,46
2021-12,2021,12,Telsur,Telsur,73732.186063,1889311.854929,3.902595,10.4.TRAF_EMP,46
2021-12,2021,12,Grupo Claro-VTR,Grupo Claro-VTR,580544.652056,1889311.854929,30.727836,10.4.TRAF_EMP,46
2021-12,2021,12,Movistar,Movistar,586137.081563,1889311.854929,31.02384,10.4.TRAF_EMP,46
2021-12,2021,12,Entelphone,Entelphone,68672.040201,1889311.854929,3.634765,10.4.TRAF_EMP,46
2021-12,2021,12,GTD Manquehue,GTD Manquehue,47597.174442,1889311.854929,2.519286,10.4.TRAF_EMP,46
2021-12,2021,12,Netline,Netline,370.508661,1889311.854929,0.019611,10.4.TRAF_EMP,46
2021-12,2021,12,Austro Internet,Austro Internet,19.966033,1889311.854929,0.001057,10.4.TRAF_EMP,46
2021-12,2021,12,Mundo Pacífico,Mundo Pacífico,368250.756627,1889311.854929,19.491264,10.4.TRAF_EMP,46
2021-12,2021,12,WOM,WOM,48125.939983,1889311.854929,2.547273,10.4.TRAF_EMP,46
2022-01,2022,1,Entel,Entel S.A.,100405.18713,1919833.376237,5.229891,10.4.TRAF_EMP,47
2022-01,2022,1,Telsur,Telsur,76536.913411,1919833.376237,3.986644,10.4.TRAF_EMP,47
2022-01,2022,1,Grupo Claro-VTR,Grupo Claro-VTR,586445.419748,1919833.376237,30.546683,10.4.TRAF_EMP,47
2022-01,2022,1,Movistar,Movistar,603793.194116,1919833.376237,31.450292,10.4.TRAF_EMP,47
2022-01,2022,1,Entelphone,Entelphone,67292.446159,1919833.376237,3.505119,10.4.TRAF_EMP,47
2022-01,2022,1,GTD Manquehue,GTD Manquehue,45482.341448,1919833.376237,2.369078,10.4.TRAF_EMP,47
2022-01,2022,1,Fullcom,Fullcom,34.31335,1919833.376237,0.001787,10.4.TRAF_EMP,47
2022-01,2022,1,Netline,Netline,360.875426,1919833.376237,0.018797,10.4.TRAF_EMP,47
2022-01,2022,1,Austro Internet,Austro Internet,18.432449,1919833.376237,0.00096,10.4.TRAF_EMP,47
2022-01,2022,1,Mundo Pacífico,Mundo Pacífico,385185.260935,1919833.376237,20.063474,10.4.TRAF_EMP,47
2022-01,2022,1,WOM,WOM,54278.992065,1919833.376237,2.827276,10.4.TRAF_EMP,47
2022-02,2022,2,Entel,Entel S.A.,79370.06574,1727728.601782,4.593897,10.4.TRAF_EMP,48
2022-02,2022,2,Telsur,Telsur,70741.398639,1727728.601782,4.094474,10.4.TRAF_EMP,48
2022-02,2022,2,Grupo Claro-VTR,Grupo Claro-VTR,523585.408611,1727728.601782,30.304841,10.4.TRAF_EMP,48
2022-02,2022,2,Movistar,Movistar,560480.151332,1727728.601782,32.440289,10.4.TRAF_EMP,48
2022-02,2022,2,Entelphone,Entelphone,98165.032943,1727728.601782,5.681739,10.4.TRAF_EMP,48
2022-02,2022,2,GTD Manquehue,GTD Manquehue,40996.391986,1727728.601782,2.372849,10.4.TRAF_EMP,48
2022-02,2022,2,Fullcom,Fullcom,29.079109,1727728.601782,0.001683,10.4.TRAF_EMP,48
2022-02,2022,2,Netline,Netline,290.791101,1727728.601782,0.016831,10.4.TRAF_EMP,48
2022-02,2022,2,Austro Internet,Austro Internet,16.307299,1727728.601782,0.000944,10.4.TRAF_EMP,48
2022-02,2022,2,Mundo Pacífico,Mundo Pacífico,346186.587428,1727728.601782,20.037093,10.4.TRAF_EMP,48
2022-02,2022,2,WOM,WOM,7867.387594,1727728.601782,0.45536,10.4.TRAF_EMP,48
2022-03,2022,3,Entel,Entel S.A.,114035.773477,1940004.077924,5.87812,10.4.TRAF_EMP,49
2022-03,2022,3,Telsur,Telsur,73133.823487,1940004.077924,3.769777,10.4.TRAF_EMP,49
2022-03,2022,3,Grupo Claro-VTR,Grupo Claro-VTR,572330.522645,1940004.077924,29.501511,10.4.TRAF_EMP,49
2022-03,2022,3,Movistar,Movistar,578491.980754,1940004.077924,29.819112,10.4.TRAF_EMP,49
2022-03,2022,3,Entelphone,Entelphone,111740.478589,1940004.077924,5.759806,10.4.TRAF_EMP,49
2022-03,2022,3,GTD Manquehue,GTD Manquehue,49297.35706,1940004.077924,2.541096,10.4.TRAF_EMP,49
2022-03,2022,3,Fullcom,Fullcom,39.354105,1940004.077924,0.002029,10.4.TRAF_EMP,49
2022-03,2022,3,Netline,Netline,354.186945,1940004.077924,0.018257,10.4.TRAF_EMP,49
2022-03,2022,3,Austro Internet,Austro Internet,14.886607,1940004.077924,0.000767,10.4.TRAF_EMP,49
2022-03,2022,3,Mundo Pacífico,Mundo Pacífico,381816.530885,1940004.077924,19.681223,10.4.TRAF_EMP,49
2022-03,2022,3,WOM,WOM,58749.183369,1940004.077924,3.028302,10.4.TRAF_EMP,49
2022-04,2022,4,Entel,Entel S.A.,121650.809437,1956419.242964,6.218034,10.4.TRAF_EMP,50
2022-04,2022,4,Telsur,Telsur,72119.689931,1956419.242964,3.686311,10.4.TRAF_EMP,50
2022-04,2022,4,Grupo Claro-VTR,Grupo Claro-VTR,567063.39505,1956419.242964,28.984759,10.4.TRAF_EMP,50
2022-04,2022,4,Movistar,Movistar,597830.115572,1956419.242964,30.557362,10.4.TRAF_EMP,50
2022-04,2022,4,Entelphone,Entelphone,111033.414409,1956419.242964,5.675338,10.4.TRAF_EMP,50
2022-04,2022,4,GTD Manquehue,GTD Manquehue,47468.049451,1956419.242964,2.426272,10.4.TRAF_EMP,50
2022-04,2022,4,Fullcom,Fullcom,39.232471,1956419.242964,0.002005,10.4.TRAF_EMP,50
2022-04,2022,4,Netline,Netline,353.09224,1956419.242964,0.018048,10.4.TRAF_EMP,50
2022-04,2022,4,Austro Internet,Austro Internet,14.465774,1956419.242964,0.000739,10.4.TRAF_EMP,50
2022-04,2022,4,Mundo Pacífico,Mundo Pacífico,376290.360311,1956419.242964,19.233626,10.4.TRAF_EMP,50
2022-04,2022,4,WOM,WOM,62556.618318,1956419.242964,3.197506,10.4.TRAF_EMP,50
2022-05,2022,5,Entel,Entel S.A.,75276.667431,2053840.815975,3.665166,10.4.TRAF_EMP,51
2022-05,2022,5,Telsur,Telsur,75152.418451,2053840.815975,3.659116,10.4.TRAF_EMP,51
2022-05,2022,5,Grupo Claro-VTR,Grupo Claro-VTR,600441.197313,2053840.815975,29.235041,10.4.TRAF_EMP,51
2022-05,2022,5,Movistar,Movistar,665482.383947,2053840.815975,32.401848,10.4.TRAF_EMP,51
2022-05,2022,5,Entelphone,Entelphone,121365.304614,2053840.815975,5.909187,10.4.TRAF_EMP,51
2022-05,2022,5,GTD Manquehue,GTD Manquehue,52596.121359,2053840.815975,2.560866,10.4.TRAF_EMP,51
2022-05,2022,5,Fullcom,Fullcom,39.928726,2053840.815975,0.001944,10.4.TRAF_EMP,51
2022-05,2022,5,Netline,Netline,359.35853,2053840.815975,0.017497,10.4.TRAF_EMP,51
2022-05,2022,5,Austro Internet,Austro Internet,10.82615,2053840.815975,0.000527,10.4.TRAF_EMP,51
2022-05,2022,5,Mundo Pacífico,Mundo Pacífico,396106.747395,2053840.815975,19.286146,10.4.TRAF_EMP,51
2022-05,2022,5,WOM,WOM,67009.86206,2053840.815975,3.262661,10.4.TRAF_EMP,51
2022-06,2022,6,Entel,Entel S.A.,83019.755868,2128659.745269,3.900095,10.4.TRAF_EMP,52
2022-06,2022,6,Telsur,Telsur,78525.181032,2128659.745269,3.688949,10.4.TRAF_EMP,52
2022-06,2022,6,Grupo Claro-VTR,Grupo Claro-VTR,625812.178607,2128659.745269,29.399352,10.4.TRAF_EMP,52
2022-06,2022,6,Movistar,Movistar,684905.104655,2128659.745269,32.175415,10.4.TRAF_EMP,52
2022-06,2022,6,Entelphone,Entelphone,127206.566486,2128659.745269,5.975899,10.4.TRAF_EMP,52
2022-06,2022,6,GTD Manquehue,GTD Manquehue,54456.091654,2128659.745269,2.558234,10.4.TRAF_EMP,52
2022-06,2022,6,Fullcom,Fullcom,39.804993,2128659.745269,0.00187,10.4.TRAF_EMP,52
2022-06,2022,6,Netline,Netline,370.139281,2128659.745269,0.017388,10.4.TRAF_EMP,52
2022-06,2022,6,Austro Internet,Austro Internet,6.41751,2128659.745269,0.000301,10.4.TRAF_EMP,52
2022-06,2022,6,Mundo Pacífico,Mundo Pacífico,403410.305131,2128659.745269,18.951376,10.4.TRAF_EMP,52
2022-06,2022,6,WOM,WOM,70908.200052,2128659.745269,3.33112,10.4.TRAF_EMP,52
2022-07,2022,7,Entel,Entel S.A.,92151.09596,2205401.772063,4.178427,10.4.TRAF_EMP,53
2022-07,2022,7,Telsur,Telsur,84935.145154,2205401.772063,3.851232,10.4.TRAF_EMP,53
2022-07,2022,7,Grupo Claro-VTR,Grupo Claro-VTR,656457.485868,2205401.772063,29.765891,10.4.TRAF_EMP,53
2022-07,2022,7,Movistar,Movistar,677820.531113,2205401.772063,30.73456,10.4.TRAF_EMP,53
2022-07,2022,7,Entelphone,Entelphone,135583.246908,2205401.772063,6.14778,10.4.TRAF_EMP,53
2022-07,2022,7,GTD Manquehue,GTD Manquehue,56278.447436,2205401.772063,2.551846,10.4.TRAF_EMP,53
2022-07,2022,7,Fullcom,Fullcom,41.038948,2205401.772063,0.001861,10.4.TRAF_EMP,53
2022-07,2022,7,Netline,Netline,377.542068,2205401.772063,0.017119,10.4.TRAF_EMP,53
2022-07,2022,7,Austro Internet,Austro Internet,5.531144,2205401.772063,0.000251,10.4.TRAF_EMP,53
2022-07,2022,7,Mundo Pacífico,Mundo Pacífico,436317.842013,2205401.772063,19.784052,10.4.TRAF_EMP,53
2022-07,2022,7,WOM,WOM,65433.865451,2205401.772063,2.966982,10.4.TRAF_EMP,53
2022-08,2022,8,Entel,Entel S.A.,95040.406397,2182241.373547,4.355174,10.4.TRAF_EMP,54
2022-08,2022,8,Telsur,Telsur,81106.648731,2182241.373547,3.716667,10.4.TRAF_EMP,54
2022-08,2022,8,Grupo Claro-VTR,Grupo Claro-VTR,630081.623517,2182241.373547,28.873141,10.4.TRAF_EMP,54
2022-08,2022,8,Movistar,Movistar,688931.957464,2182241.373547,31.569925,10.4.TRAF_EMP,54
2022-08,2022,8,Entelphone,Entelphone,130415.55268,2182241.373547,5.97622,10.4.TRAF_EMP,54
2022-08,2022,8,GTD Manquehue,GTD Manquehue,54490.781968,2182241.373547,2.49701,10.4.TRAF_EMP,54
2022-08,2022,8,Fullcom,Fullcom,38.730259,2182241.373547,0.001775,10.4.TRAF_EMP,54
2022-08,2022,8,Netline,Netline,369.965932,2182241.373547,0.016953,10.4.TRAF_EMP,54
2022-08,2022,8,Austro Internet,Austro Internet,5.93185,2182241.373547,0.000272,10.4.TRAF_EMP,54
2022-08,2022,8,Mundo Pacífico,Mundo Pacífico,423480.015623,2182241.373547,19.405737,10.4.TRAF_EMP,54
2022-08,2022,8,WOM,WOM,78279.759127,2182241.373547,3.587127,10.4.TRAF_EMP,54
2022-09,2022,9,Entel,Entel S.A.,85204.1807,2108599.9286,4.040794,10.4.TRAF_EMP,55
2022-09,2022,9,Telsur,Telsur,78610.132852,2108599.9286,3.728072,10.4.TRAF_EMP,55
2022-09,2022,9,Grupo Claro-VTR,Grupo Claro-VTR,604792.948708,2108599.9286,28.682205,10.4.TRAF_EMP,55
2022-09,2022,9,Movistar,Movistar,663371.747181,2108599.9286,31.460294,10.4.TRAF_EMP,55
2022-09,2022,9,Entelphone,Entelphone,128245.704946,2108599.9286,6.082031,10.4.TRAF_EMP,55
2022-09,2022,9,GTD Manquehue,GTD Manquehue,52786.153949,2108599.9286,2.503375,10.4.TRAF_EMP,55
2022-09,2022,9,Fullcom,Fullcom,38.265496,2108599.9286,0.001815,10.4.TRAF_EMP,55
2022-09,2022,9,Netline,Netline,365.526324,2108599.9286,0.017335,10.4.TRAF_EMP,55
2022-09,2022,9,Austro Internet,Austro Internet,6.98985,2108599.9286,0.000331,10.4.TRAF_EMP,55
2022-09,2022,9,Mundo Pacífico,Mundo Pacífico,415269.222493,2108599.9286,19.694074,10.4.TRAF_EMP,55
2022-09,2022,9,WOM,WOM,79909.056102,2108599.9286,3.789674,10.4.TRAF_EMP,55
2022-10,2022,10,Entel,Entel S.A.,91185.746021,2218197.312321,4.110804,10.4.TRAF_EMP,56
2022-10,2022,10,Telsur,Telsur,83802.94271,2218197.312321,3.777975,10.4.TRAF_EMP,56
2022-10,2022,10,Grupo Claro-VTR,Grupo Claro-VTR,625408.025278,2218197.312321,28.194427,10.4.TRAF_EMP,56
2022-10,2022,10,Movistar,Movistar,707400.89037,2218197.312321,31.890801,10.4.TRAF_EMP,56
2022-10,2022,10,Entelphone,Entelphone,135308.038383,2218197.312321,6.09991,10.4.TRAF_EMP,56
2022-10,2022,10,GTD Manquehue,GTD Manquehue,55951.85831,2218197.312321,2.522402,10.4.TRAF_EMP,56
2022-10,2022,10,Fullcom,Fullcom,38.488403,2218197.312321,0.001735,10.4.TRAF_EMP,56
2022-10,2022,10,Netline,Netline,361.963736,2218197.312321,0.016318,10.4.TRAF_EMP,56
2022-10,2022,10,Austro Internet,Austro Internet,9.952643,2218197.312321,0.000449,10.4.TRAF_EMP,56
2022-10,2022,10,Mundo Pacífico,Mundo Pacífico,426645.093604,2218197.312321,19.233866,10.4.TRAF_EMP,56
2022-10,2022,10,WOM,WOM,92084.312863,2218197.312321,4.151313,10.4.TRAF_EMP,56
2022-11,2022,11,Entel,Entel S.A.,92347.262766,2232306.109031,4.136855,10.4.TRAF_EMP,57
2022-11,2022,11,Telsur,Telsur,77163.449602,2232306.109031,3.45667,10.4.TRAF_EMP,57
2022-11,2022,11,Grupo Claro-VTR,Grupo Claro-VTR,621937.348071,2232306.109031,27.860756,10.4.TRAF_EMP,57
2022-11,2022,11,Movistar,Movistar,723702.766373,2232306.109031,32.419513,10.4.TRAF_EMP,57
2022-11,2022,11,Entelphone,Entelphone,137839.754011,2232306.109031,6.174769,10.4.TRAF_EMP,57
2022-11,2022,11,GTD Manquehue,GTD Manquehue,56679.02356,2232306.109031,2.539035,10.4.TRAF_EMP,57
2022-11,2022,11,Fullcom,Fullcom,42.881516,2232306.109031,0.001921,10.4.TRAF_EMP,57
2022-11,2022,11,Netline,Netline,394.768446,2232306.109031,0.017684,10.4.TRAF_EMP,57
2022-11,2022,11,Austro Internet,Austro Internet,11.17434,2232306.109031,0.000501,10.4.TRAF_EMP,57
2022-11,2022,11,Mundo Pacífico,Mundo Pacífico,428512.055302,2232306.109031,19.195936,10.4.TRAF_EMP,57
2022-11,2022,11,WOM,WOM,93675.625044,2232306.109031,4.196361,10.4.TRAF_EMP,57
2022-12,2022,12,Entel,Entel S.A.,87042.40722,2295742.927818,3.79147,10.4.TRAF_EMP,58
2022-12,2022,12,Telsur,Telsur,79898.880608,2295742.927818,3.480306,10.4.TRAF_EMP,58
2022-12,2022,12,Grupo Claro-VTR,Grupo Claro-VTR,632335.846973,2295742.927818,27.543844,10.4.TRAF_EMP,58
2022-12,2022,12,Movistar,Movistar,739490.922033,2295742.927818,32.211399,10.4.TRAF_EMP,58
2022-12,2022,12,Entelphone,Entelphone,142542.678889,2295742.927818,6.209,10.4.TRAF_EMP,58
2022-12,2022,12,GTD Manquehue,GTD Manquehue,58943.099877,2295742.927818,2.567496,10.4.TRAF_EMP,58
2022-12,2022,12,Fullcom,Fullcom,45.883223,2295742.927818,0.001999,10.4.TRAF_EMP,58
2022-12,2022,12,Netline,Netline,34.857233,2295742.927818,0.001518,10.4.TRAF_EMP,58
2022-12,2022,12,Austro Internet,Austro Internet,12.596013,2295742.927818,0.000549,10.4.TRAF_EMP,58
2022-12,2022,12,Mundo Pacífico,Mundo Pacífico,456787.764058,2295742.927818,19.897165,10.4.TRAF_EMP,58
2022-12,2022,12,WOM,WOM,98607.99169,2295742.927818,4.295254,10.4.TRAF_EMP,58
2023-01,2023,1,Entel,Entel S.A.,99195.118956,2431086.948806,4.080279,10.4.TRAF_EMP,59
2023-01,2023,1,Telsur,Telsur,80542.214365,2431086.948806,3.313012,10.4.TRAF_EMP,59
2023-01,2023,1,Grupo Claro-VTR,Grupo Claro-VTR,739095.835232,2431086.948806,30.401868,10.4.TRAF_EMP,59
2023-01,2023,1,Movistar,Movistar,735062.62377,2431086.948806,30.235966,10.4.TRAF_EMP,59
2023-01,2023,1,Entelphone,Entelphone,139991.6847,2431086.948806,5.758399,10.4.TRAF_EMP,59
2023-01,2023,1,GTD Manquehue,GTD Manquehue,54665.575173,2431086.948806,2.248606,10.4.TRAF_EMP,59
2023-01,2023,1,Fullcom,Fullcom,37.624242,2431086.948806,0.001548,10.4.TRAF_EMP,59
2023-01,2023,1,Netline,Netline,37.227524,2431086.948806,0.001531,10.4.TRAF_EMP,59
2023-01,2023,1,Austro Internet,Austro Internet,12.67311,2431086.948806,0.000521,10.4.TRAF_EMP,59
2023-01,2023,1,Mundo Pacífico,Mundo Pacífico,479353.171891,2431086.948806,19.717648,10.4.TRAF_EMP,59
2023-01,2023,1,WOM,WOM,103093.199844,2431086.948806,4.240622,10.4.TRAF_EMP,59
2023-02,2023,2,Entel,Entel S.A.,94661.063358,2161442.361521,4.379532,10.4.TRAF_EMP,60
2023-02,2023,2,Telsur,Telsur,74601.948005,2161442.361521,3.451489,10.4.TRAF_EMP,60
2023-02,2023,2,Grupo Claro-VTR,Grupo Claro-VTR,649259.451663,2161442.361521,30.03825,10.4.TRAF_EMP,60
2023-02,2023,2,Movistar,Movistar,657093.527857,2161442.361521,30.400696,10.4.TRAF_EMP,60
2023-02,2023,2,Entelphone,Entelphone,123390.845441,2161442.361521,5.708727,10.4.TRAF_EMP,60
2023-02,2023,2,GTD Manquehue,GTD Manquehue,48205.943839,2161442.361521,2.230267,10.4.TRAF_EMP,60
2023-02,2023,2,Mundo Pacífico,Mundo Pacífico,421386.823693,2161442.361521,19.495631,10.4.TRAF_EMP,60
2023-02,2023,2,WOM,WOM,92842.757664,2161442.361521,4.295408,10.4.TRAF_EMP,60
2023-03,2023,3,Entel,Entel S.A.,94424.121539,2410582.943661,3.917066,10.4.TRAF_EMP,61
2023-03,2023,3,Telsur,Telsur,80396.966571,2410582.943661,3.335167,10.4.TRAF_EMP,61
2023-03,2023,3,Grupo Claro-VTR,Grupo Claro-VTR,713856.785796,2410582.943661,29.61345,10.4.TRAF_EMP,61
2023-03,2023,3,Movistar,Movistar,718546.70402,2410582.943661,29.808006,10.4.TRAF_EMP,61
2023-03,2023,3,Entelphone,Entelphone,142790.236326,2410582.943661,5.923473,10.4.TRAF_EMP,61
2023-03,2023,3,GTD Manquehue,GTD Manquehue,58045.394769,2410582.943661,2.40794,10.4.TRAF_EMP,61
2023-03,2023,3,Netline,Netline,28.948124,2410582.943661,0.001201,10.4.TRAF_EMP,61
2023-03,2023,3,Austro Internet,Austro Internet,12.522729,2410582.943661,0.000519,10.4.TRAF_EMP,61
2023-03,2023,3,Mundo Pacífico,Mundo Pacífico,499103.123186,2410582.943661,20.704665,10.4.TRAF_EMP,61
2023-03,2023,3,WOM,WOM,103378.140601,2410582.943661,4.288512,10.4.TRAF_EMP,61
2023-04,2023,4,Entel,Entel S.A.,100421.862103,2359941.27425,4.25527,10.4.TRAF_EMP,62
2023-04,2023,4,Telsur,Telsur,77073.855496,2359941.27425,3.265923,10.4.TRAF_EMP,62
2023-04,2023,4,Grupo Claro-VTR,Grupo Claro-VTR,696567.330323,2359941.27425,29.516299,10.4.TRAF_EMP,62
2023-04,2023,4,Movistar,Movistar,698694.766816,2359941.27425,29.606447,10.4.TRAF_EMP,62
2023-04,2023,4,Entelphone,Entelphone,139735.889547,2359941.27425,5.92116,10.4.TRAF_EMP,62
2023-04,2023,4,GTD Manquehue,GTD Manquehue,56289.828216,2359941.27425,2.385222,10.4.TRAF_EMP,62
2023-04,2023,4,Fullcom,Fullcom,8.936287,2359941.27425,0.000379,10.4.TRAF_EMP,62
2023-04,2023,4,Austro Internet,Austro Internet,10.33671,2359941.27425,0.000438,10.4.TRAF_EMP,62
2023-04,2023,4,Mundo Pacífico,Mundo Pacífico,482079.46335,2359941.27425,20.427604,10.4.TRAF_EMP,62
2023-04,2023,4,WOM,WOM,109059.0054,2359941.27425,4.621259,10.4.TRAF_EMP,62
2023-05,2023,5,Entel,Entel S.A.,103194.140363,2495752.799911,4.13479,10.4.TRAF_EMP,63
2023-05,2023,5,Telsur,Telsur,81197.798236,2495752.799911,3.253439,10.4.TRAF_EMP,63
2023-05,2023,5,Grupo Claro-VTR,Grupo Claro-VTR,720092.506106,2495752.799911,28.852718,10.4.TRAF_EMP,63
2023-05,2023,5,Movistar,Movistar,744512.961338,2495752.799911,29.831198,10.4.TRAF_EMP,63
2023-05,2023,5,Entelphone,Entelphone,151257.868386,2495752.799911,6.060611,10.4.TRAF_EMP,63
2023-05,2023,5,GTD Manquehue,GTD Manquehue,60079.051252,2495752.799911,2.407252,10.4.TRAF_EMP,63
2023-05,2023,5,Fullcom,Fullcom,8.707005,2495752.799911,0.000349,10.4.TRAF_EMP,63
2023-05,2023,5,Netline,Netline,35.664089,2495752.799911,0.001429,10.4.TRAF_EMP,63
2023-05,2023,5,Austro Internet,Austro Internet,10.359425,2495752.799911,0.000415,10.4.TRAF_EMP,63
2023-05,2023,5,Mundo Pacífico,Mundo Pacífico,518154.661296,2495752.799911,20.761458,10.4.TRAF_EMP,63
2023-05,2023,5,WOM,WOM,117209.082415,2495752.799911,4.696342,10.4.TRAF_EMP,63
2023-06,2023,6,Entel,Entel S.A.,107940.905708,2553172.565339,4.227717,10.4.TRAF_EMP,64
2023-06,2023,6,Telsur,Telsur,84684.399469,2553172.565339,3.31683,10.4.TRAF_EMP,64
2023-06,2023,6,Grupo Claro-VTR,Grupo Claro-VTR,743660.635256,2553172.565339,29.126924,10.4.TRAF_EMP,64
2023-06,2023,6,Movistar,Movistar,769152.843856,2553172.565339,30.125376,10.4.TRAF_EMP,64
2023-06,2023,6,Entelphone,Entelphone,156811.02154,2553172.565339,6.141811,10.4.TRAF_EMP,64
2023-06,2023,6,GTD Manquehue,GTD Manquehue,62321.849575,2553172.565339,2.440957,10.4.TRAF_EMP,64
2023-06,2023,6,Netline,Netline,35.788914,2553172.565339,0.001402,10.4.TRAF_EMP,64
2023-06,2023,6,Austro Internet,Austro Internet,6.31251,2553172.565339,0.000247,10.4.TRAF_EMP,64
2023-06,2023,6,Mundo Pacífico,Mundo Pacífico,509295.319008,2553172.565339,19.947548,10.4.TRAF_EMP,64
2023-06,2023,6,WOM,WOM,119263.489504,2553172.565339,4.671188,10.4.TRAF_EMP,64
2023-07,2023,7,Entel,Entel S.A.,114469.610004,2635357.735921,4.343608,10.4.TRAF_EMP,65
2023-07,2023,7,Telsur,Telsur,91202.800549,2635357.735921,3.460737,10.4.TRAF_EMP,65
2023-07,2023,7,Grupo Claro-VTR,Grupo Claro-VTR,771112.001901,2635357.735921,29.26024,10.4.TRAF_EMP,65
2023-07,2023,7,Movistar,Movistar,785636.430086,2635357.735921,29.811377,10.4.TRAF_EMP,65
2023-07,2023,7,Entelphone,Entelphone,159140.121627,2635357.735921,6.038653,10.4.TRAF_EMP,65
2023-07,2023,7,GTD Manquehue,GTD Manquehue,62185.875176,2635357.735921,2.359675,10.4.TRAF_EMP,65
2023-07,2023,7,Fullcom,Fullcom,7.027669,2635357.735921,0.000267,10.4.TRAF_EMP,65
2023-07,2023,7,Netline,Netline,33.165081,2635357.735921,0.001258,10.4.TRAF_EMP,65
2023-07,2023,7,Austro Internet,Austro Internet,5.767798,2635357.735921,0.000219,10.4.TRAF_EMP,65
2023-07,2023,7,Mundo Pacífico,Mundo Pacífico,528827.763165,2635357.735921,20.066641,10.4.TRAF_EMP,65
2023-07,2023,7,WOM,WOM,122737.172865,2635357.735921,4.657325,10.4.TRAF_EMP,65
2023-08,2023,8,Entel,Entel S.A.,126196.7355,2618186.554152,4.820005,10.4.TRAF_EMP,66
2023-08,2023,8,Telsur,Telsur,88789.370181,2618186.554152,3.391255,10.4.TRAF_EMP,66
2023-08,2023,8,Grupo Claro-VTR,Grupo Claro-VTR,778392.395778,2618186.554152,29.730211,10.4.TRAF_EMP,66
2023-08,2023,8,Movistar,Movistar,771670.952439,2618186.554152,29.47349,10.4.TRAF_EMP,66
2023-08,2023,8,Entelphone,Entelphone,155918.26496,2618186.554152,5.955201,10.4.TRAF_EMP,66
2023-08,2023,8,GTD Manquehue,GTD Manquehue,62496.007316,2618186.554152,2.386996,10.4.TRAF_EMP,66
2023-08,2023,8,Austro Internet,Austro Internet,6.015209,2618186.554152,0.00023,10.4.TRAF_EMP,66
2023-08,2023,8,Mundo Pacífico,Mundo Pacífico,514324.731566,2618186.554152,19.644312,10.4.TRAF_EMP,66
2023-08,2023,8,WOM,WOM,120392.081203,2618186.554152,4.5983,10.4.TRAF_EMP,66
2023-09,2023,9,Entel,Entel S.A.,118149.355953,2573274.288452,4.591402,10.4.TRAF_EMP,67
2023-09,2023,9,Telsur,Telsur,85334.442504,2573274.288452,3.316181,10.4.TRAF_EMP,67
2023-09,2023,9,Grupo Claro-VTR,Grupo Claro-VTR,763807.48425,2573274.288452,29.682319,10.4.TRAF_EMP,67
2023-09,2023,9,Movistar,Movistar,752094.927435,2573274.288452,29.227157,10.4.TRAF_EMP,67
2023-09,2023,9,Entelphone,Entelphone,153390.975003,2573274.288452,5.960926,10.4.TRAF_EMP,67
2023-09,2023,9,GTD Manquehue,GTD Manquehue,61089.438527,2573274.288452,2.373996,10.4.TRAF_EMP,67
2023-09,2023,9,Fullcom,Fullcom,40.754719,2573274.288452,0.001584,10.4.TRAF_EMP,67
2023-09,2023,9,Netline,Netline,34.679456,2573274.288452,0.001348,10.4.TRAF_EMP,67
2023-09,2023,9,Austro Internet,Austro Internet,6.87507,2573274.288452,0.000267,10.4.TRAF_EMP,67
2023-09,2023,9,Mundo Pacífico,Mundo Pacífico,522102.22551,2573274.288452,20.289412,10.4.TRAF_EMP,67
2023-09,2023,9,WOM,WOM,117223.130026,2573274.288452,4.555408,10.4.TRAF_EMP,67
2023-10,2023,10,Entel,Entel S.A.,123346.386672,2591619.56579,4.759433,10.4.TRAF_EMP,68
2023-10,2023,10,Telsur,Telsur,88789.370181,2591619.56579,3.426019,10.4.TRAF_EMP,68
2023-10,2023,10,Grupo Claro-VTR,Grupo Claro-VTR,760009.05354,2591619.56579,29.325641,10.4.TRAF_EMP,68
2023-10,2023,10,Movistar,Movistar,762145.899729,2591619.56579,29.408093,10.4.TRAF_EMP,68
2023-10,2023,10,Entelphone,Entelphone,156554.248432,2591619.56579,6.040788,10.4.TRAF_EMP,68
2023-10,2023,10,GTD Manquehue,GTD Manquehue,62584.415139,2591619.56579,2.414877,10.4.TRAF_EMP,68
2023-10,2023,10,Fullcom,Fullcom,41.569814,2591619.56579,0.001604,10.4.TRAF_EMP,68
2023-10,2023,10,Netline,Netline,33.864489,2591619.56579,0.001307,10.4.TRAF_EMP,68
2023-10,2023,10,Austro Internet,Austro Internet,9.721321,2591619.56579,0.000375,10.4.TRAF_EMP,68
2023-10,2023,10,Mundo Pacífico,Mundo Pacífico,519546.260166,2591619.56579,20.047165,10.4.TRAF_EMP,68
2023-10,2023,10,WOM,WOM,118558.776308,2591619.56579,4.574698,10.4.TRAF_EMP,68
2023-11,2023,11,Entel,Entel S.A.,118948.58906,2534196.489504,4.69374,10.4.TRAF_EMP,69
2023-11,2023,11,Telsur,Telsur,72804.444001,2534196.489504,2.872881,10.4.TRAF_EMP,69
2023-11,2023,11,Grupo Claro-VTR,Grupo Claro-VTR,763476.65888,2534196.489504,30.126972,10.4.TRAF_EMP,69
2023-11,2023,11,Movistar,Movistar,738399.649745,2534196.489504,29.137427,10.4.TRAF_EMP,69
2023-11,2023,11,Entelphone,Entelphone,156325.975058,2534196.489504,6.16866,10.4.TRAF_EMP,69
2023-11,2023,11,GTD Manquehue,GTD Manquehue,60885.637103,2534196.489504,2.402562,10.4.TRAF_EMP,69
2023-11,2023,11,Austro Internet,Austro Internet,11.18049,2534196.489504,0.000441,10.4.TRAF_EMP,69
2023-11,2023,11,Mundo Pacífico,Mundo Pacífico,508005.630222,2534196.489504,20.046024,10.4.TRAF_EMP,69
2023-11,2023,11,WOM,WOM,115338.724945,2534196.489504,4.551294,10.4.TRAF_EMP,69
2023-12,2023,12,Entel,Entel S.A.,119026.149597,2648585.164368,4.493952,10.4.TRAF_EMP,70
2023-12,2023,12,Telsur,Telsur,86787.841552,2648585.164368,3.276762,10.4.TRAF_EMP,70
2023-12,2023,12,Grupo Claro-VTR,Grupo Claro-VTR,766657.217281,2648585.164368,28.945915,10.4.TRAF_EMP,70
2023-12,2023,12,Movistar,Movistar,783644.857537,2648585.164368,29.587301,10.4.TRAF_EMP,70
2023-12,2023,12,Entelphone,Entelphone,155925.803782,2648585.164368,5.887136,10.4.TRAF_EMP,70
2023-12,2023,12,GTD Manquehue,GTD Manquehue,63294.614885,2648585.164368,2.389752,10.4.TRAF_EMP,70
2023-12,2023,12,Fullcom,Fullcom,41.444356,2648585.164368,0.001565,10.4.TRAF_EMP,70
2023-12,2023,12,Netline,Netline,35.258121,2648585.164368,0.001331,10.4.TRAF_EMP,70
2023-12,2023,12,Austro Internet,Austro Internet,12.481003,2648585.164368,0.000471,10.4.TRAF_EMP,70
2023-12,2023,12,Mundo Pacífico,Mundo Pacífico,549076.467626,2648585.164368,20.730935,10.4.TRAF_EMP,70
2023-12,2023,12,WOM,WOM,124083.028628,2648585.164368,4.68488,10.4.TRAF_EMP,70
2024-01,2024,1,Entel,Entel S.A.,132919.41633,2649907.374117,5.016002,10.4.TRAF_EMP,71
2024-01,2024,1,Telsur,Telsur,88123.38522,2649907.374117,3.325527,10.4.TRAF_EMP,71
2024-01,2024,1,Grupo Claro-VTR,Grupo Claro-VTR,774182.005328,2649907.374117,29.215436,10.4.TRAF_EMP,71
2024-01,2024,1,Movistar,Movistar,765408.82831,2649907.374117,28.884362,10.4.TRAF_EMP,71
2024-01,2024,1,Entelphone,Entelphone,151143.841858,2649907.374117,5.703741,10.4.TRAF_EMP,71
2024-01,2024,1,GTD Manquehue,GTD Manquehue,59923.453935,2649907.374117,2.261341,10.4.TRAF_EMP,71
2024-01,2024,1,Fullcom,Fullcom,44.883114,2649907.374117,0.001694,10.4.TRAF_EMP,71
2024-01,2024,1,Netline,Netline,34.870282,2649907.374117,0.001316,10.4.TRAF_EMP,71
2024-01,2024,1,Austro Internet,Austro Internet,12.717316,2649907.374117,0.00048,10.4.TRAF_EMP,71
2024-01,2024,1,Mundo Pacífico,Mundo Pacífico,555427.831443,2649907.374117,20.960273,10.4.TRAF_EMP,71
2024-01,2024,1,WOM,WOM,122686.140979,2649907.374117,4.629828,10.4.TRAF_EMP,71
2024-02,2024,2,Entel,Entel S.A.,123924.97791,2543702.9851,4.871834,10.4.TRAF_EMP,72
2024-02,2024,2,Telsur,Telsur,85136.345173,2543702.9851,3.346945,10.4.TRAF_EMP,72
2024-02,2024,2,Grupo Claro-VTR,Grupo Claro-VTR,735246.149462,2543702.9851,28.90456,10.4.TRAF_EMP,72
2024-02,2024,2,Movistar,Movistar,713569.98908,2543702.9851,28.05241,10.4.TRAF_EMP,72
2024-02,2024,2,Entelphone,Entelphone,140133.541012,2543702.9851,5.509037,10.4.TRAF_EMP,72
2024-02,2024,2,GTD Manquehue,GTD Manquehue,54270.51574,2543702.9851,2.133524,10.4.TRAF_EMP,72
2024-02,2024,2,Fullcom,Fullcom,44.883114,2543702.9851,0.001764,10.4.TRAF_EMP,72
2024-02,2024,2,Netline,Netline,34.870282,2543702.9851,0.001371,10.4.TRAF_EMP,72
2024-02,2024,2,Austro Internet,Austro Internet,65.720351,2543702.9851,0.002584,10.4.TRAF_EMP,72
2024-02,2024,2,Mundo Pacífico,Mundo Pacífico,580287.78022,2543702.9851,22.812718,10.4.TRAF_EMP,72
2024-02,2024,2,WOM,WOM,110988.212757,2543702.9851,4.363254,10.4.TRAF_EMP,72
2024-03,2024,3,Entel,Entel S.A.,126890.982553,2665247.598964,4.760945,10.4.TRAF_EMP,73
2024-03,2024,3,Telsur,Telsur,87150.329872,2665247.598964,3.269877,10.4.TRAF_EMP,73
2024-03,2024,3,Grupo Claro-VTR,Grupo Claro-VTR,771999.852895,2665247.598964,28.965408,10.4.TRAF_EMP,73
2024-03,2024,3,Movistar,Movistar,774717.649796,2665247.598964,29.06738,10.4.TRAF_EMP,73
2024-03,2024,3,Entelphone,Entelphone,164926.548865,2665247.598964,6.188039,10.4.TRAF_EMP,73
2024-03,2024,3,GTD Manquehue,GTD Manquehue,62604.599408,2665247.598964,2.348922,10.4.TRAF_EMP,73
2024-03,2024,3,Fullcom,Fullcom,3.762721,2665247.598964,0.000141,10.4.TRAF_EMP,73
2024-03,2024,3,Netline,Netline,35.91639,2665247.598964,0.001348,10.4.TRAF_EMP,73
2024-03,2024,3,Austro Internet,Austro Internet,12.385771,2665247.598964,0.000465,10.4.TRAF_EMP,73
2024-03,2024,3,Mundo Pacífico,Mundo Pacífico,556390.437183,2665247.598964,20.87575,10.4.TRAF_EMP,73
2024-03,2024,3,WOM,WOM,120515.13351,2665247.598964,4.521724,10.4.TRAF_EMP,73
2024-04,2024,4,Entel,Entel S.A.,133692.862232,2648593.103969,5.047694,10.4.TRAF_EMP,74
2024-04,2024,4,Telsur,Telsur,89636.007873,2648593.103969,3.384288,10.4.TRAF_EMP,74
2024-04,2024,4,Grupo Claro-VTR,Grupo Claro-VTR,795728.489587,2648593.103969,30.04344,10.4.TRAF_EMP,74
2024-04,2024,4,Movistar,Movistar,745088.177712,2648593.103969,28.13147,10.4.TRAF_EMP,74
2024-04,2024,4,Entelphone,Entelphone,168310.75326,2648593.103969,6.354723,10.4.TRAF_EMP,74
2024-04,2024,4,GTD Manquehue,GTD Manquehue,63440.854414,2648593.103969,2.395266,10.4.TRAF_EMP,74
2024-04,2024,4,Fullcom,Fullcom,4.176621,2648593.103969,0.000158,10.4.TRAF_EMP,74
2024-04,2024,4,Netline,Netline,35.742039,2648593.103969,0.001349,10.4.TRAF_EMP,74
2024-04,2024,4,Austro Internet,Austro Internet,10.32195,2648593.103969,0.00039,10.4.TRAF_EMP,74
2024-04,2024,4,Mundo Pacífico,Mundo Pacífico,532116.796038,2648593.103969,20.090545,10.4.TRAF_EMP,74
2024-04,2024,4,WOM,WOM,120528.922244,2648593.103969,4.550677,10.4.TRAF_EMP,74
2024-05,2024,5,Entel,Entel S.A.,135007.480244,2854415.099857,4.729777,10.4.TRAF_EMP,75
2024-05,2024,5,Telsur,Telsur,97152.261844,2854415.099857,3.403579,10.4.TRAF_EMP,75
2024-05,2024,5,Grupo Claro-VTR,Grupo Claro-VTR,851210.036521,2854415.099857,29.820822,10.4.TRAF_EMP,75
2024-05,2024,5,Movistar,Movistar,795387.835564,2854415.099857,27.865178,10.4.TRAF_EMP,75
2024-05,2024,5,Entelphone,Entelphone,190770.31937,2854415.099857,6.683342,10.4.TRAF_EMP,75
2024-05,2024,5,GTD Manquehue,GTD Manquehue,69636.745497,2854415.099857,2.439615,10.4.TRAF_EMP,75
2024-05,2024,5,Fullcom,Fullcom,4.126501,2854415.099857,0.000145,10.4.TRAF_EMP,75
2024-05,2024,5,Netline,Netline,35.388193,2854415.099857,0.00124,10.4.TRAF_EMP,75
2024-05,2024,5,Austro Internet,Austro Internet,10.122585,2854415.099857,0.000355,10.4.TRAF_EMP,75
2024-05,2024,5,Mundo Pacífico,Mundo Pacífico,588509.021706,2854415.099857,20.6175,10.4.TRAF_EMP,75
2024-05,2024,5,WOM,WOM,126691.761832,2854415.099857,4.438449,10.4.TRAF_EMP,75
2024-06,2024,6,Entel,Entel S.A.,141007.13359,2904419.919388,4.854916,10.4.TRAF_EMP,76
2024-06,2024,6,Telsur,Telsur,99155.428915,2904419.919388,3.413949,10.4.TRAF_EMP,76
2024-06,2024,6,Grupo Claro-VTR,Grupo Claro-VTR,828648.14067,2904419.919388,28.53059,10.4.TRAF_EMP,76
2024-06,2024,6,Movistar,Movistar,808455.364583,2904419.919388,27.835347,10.4.TRAF_EMP,76
2024-06,2024,6,Entelphone,Entelphone,204578.164917,2904419.919388,7.043684,10.4.TRAF_EMP,76
2024-06,2024,6,GTD Manquehue,GTD Manquehue,70933.7924,2904419.919388,2.442271,10.4.TRAF_EMP,76
2024-06,2024,6,Fullcom,Fullcom,3.977946,2904419.919388,0.000137,10.4.TRAF_EMP,76
2024-06,2024,6,Netline,Netline,35.812851,2904419.919388,0.001233,10.4.TRAF_EMP,76
2024-06,2024,6,Austro Internet,Austro Internet,6.49872,2904419.919388,0.000224,10.4.TRAF_EMP,76
2024-06,2024,6,Mundo Pacífico,Mundo Pacífico,621557.942248,2904419.919388,21.400416,10.4.TRAF_EMP,76
2024-06,2024,6,WOM,WOM,130037.662547,2904419.919388,4.477234,10.4.TRAF_EMP,76
2024-07,2024,7,Entel,Entel S.A.,131129.96194,2879862.390875,4.553341,10.4.TRAF_EMP,77
2024-07,2024,7,Telsur,Telsur,97366.031834,2879862.390875,3.380927,10.4.TRAF_EMP,77
2024-07,2024,7,Grupo Claro-VTR,Grupo Claro-VTR,863540.788812,2879862.390875,29.985488,10.4.TRAF_EMP,77
2024-07,2024,7,Movistar,Movistar,781703.339221,2879862.390875,27.143774,10.4.TRAF_EMP,77
2024-07,2024,7,Entelphone,Entelphone,206197.382498,2879862.390875,7.159973,10.4.TRAF_EMP,77
2024-07,2024,7,GTD Manquehue,GTD Manquehue,67718.377392,2879862.390875,2.351445,10.4.TRAF_EMP,77
2024-07,2024,7,Austro Internet,Austro Internet,5.594074,2879862.390875,0.000194,10.4.TRAF_EMP,77
2024-07,2024,7,Mundo Pacífico,Mundo Pacífico,609248.906509,2879862.390875,21.155487,10.4.TRAF_EMP,77
2024-07,2024,7,WOM,WOM,122952.008596,2879862.390875,4.269371,10.4.TRAF_EMP,77
2024-08,2024,8,Entel,Entel S.A.,130275.665936,2799957.355902,4.652773,10.4.TRAF_EMP,78
2024-08,2024,8,Telsur,Telsur,96417.630281,2799957.355902,3.443539,10.4.TRAF_EMP,78
2024-08,2024,8,Grupo Claro-VTR,Grupo Claro-VTR,816948.14854,2799957.355902,29.177164,10.4.TRAF_EMP,78
2024-08,2024,8,Movistar,Movistar,767538.977519,2799957.355902,27.412524,10.4.TRAF_EMP,78
2024-08,2024,8,Entelphone,Entelphone,209817.036035,2799957.355902,7.49358,10.4.TRAF_EMP,78
2024-08,2024,8,GTD Manquehue,GTD Manquehue,67173.685644,2799957.355902,2.399097,10.4.TRAF_EMP,78
2024-08,2024,8,Fullcom,Fullcom,3.83474,2799957.355902,0.000137,10.4.TRAF_EMP,78
2024-08,2024,8,Netline,Netline,35.804793,2799957.355902,0.001279,10.4.TRAF_EMP,78
2024-08,2024,8,Austro Internet,Austro Internet,6.187135,2799957.355902,0.000221,10.4.TRAF_EMP,78
2024-08,2024,8,Mundo Pacífico,Mundo Pacífico,601962.42943,2799957.355902,21.498986,10.4.TRAF_EMP,78
2024-08,2024,8,WOM,WOM,109777.955848,2799957.355902,3.920701,10.4.TRAF_EMP,78
2024-09,2024,9,Entel,Entel S.A.,127589.937883,2743812.8926,4.650096,10.4.TRAF_EMP,79
2024-09,2024,9,Telsur,Telsur,96349.440852,2743812.8926,3.511516,10.4.TRAF_EMP,79
2024-09,2024,9,Grupo Claro-VTR,Grupo Claro-VTR,800647.149785,2743812.8926,29.180093,10.4.TRAF_EMP,79
2024-09,2024,9,Movistar,Movistar,734530.004741,2743812.8926,26.770412,10.4.TRAF_EMP,79
2024-09,2024,9,Entelphone,Entelphone,206128.890291,2743812.8926,7.512498,10.4.TRAF_EMP,79
2024-09,2024,9,GTD Manquehue,GTD Manquehue,65028.637768,2743812.8926,2.37001,10.4.TRAF_EMP,79
2024-09,2024,9,Fullcom,Fullcom,3.800227,2743812.8926,0.000139,10.4.TRAF_EMP,79
2024-09,2024,9,Netline,Netline,35.482549,2743812.8926,0.001293,10.4.TRAF_EMP,79
2024-09,2024,9,Austro Internet,Austro Internet,6.97686,2743812.8926,0.000254,10.4.TRAF_EMP,79
2024-09,2024,9,Mundo Pacífico,Mundo Pacífico,598433.239376,2743812.8926,21.810279,10.4.TRAF_EMP,79
2024-09,2024,9,WOM,WOM,115059.332267,2743812.8926,4.19341,10.4.TRAF_EMP,79
2024-10,2024,10,Entel,Entel S.A.,134271.325393,2828901.999287,4.746411,10.4.TRAF_EMP,80
2024-10,2024,10,Telsur,Telsur,99043.662578,2828901.999287,3.501134,10.4.TRAF_EMP,80
2024-10,2024,10,Grupo Claro-VTR,Grupo Claro-VTR,809657.210516,2828901.999287,28.6209,10.4.TRAF_EMP,80
2024-10,2024,10,Movistar,Movistar,741363.206644,2828901.999287,26.206748,10.4.TRAF_EMP,80
2024-10,2024,10,Entelphone,Entelphone,225930.615705,2828901.999287,7.986513,10.4.TRAF_EMP,80
2024-10,2024,10,GTD Manquehue,GTD Manquehue,69876.201185,2828901.999287,2.470082,10.4.TRAF_EMP,80
2024-10,2024,10,Fullcom,Fullcom,3.801365,2828901.999287,0.000134,10.4.TRAF_EMP,80
2024-10,2024,10,Netline,Netline,35.422358,2828901.999287,0.001252,10.4.TRAF_EMP,80
2024-10,2024,10,Austro Internet,Austro Internet,9.844391,2828901.999287,0.000348,10.4.TRAF_EMP,80
2024-10,2024,10,Mundo Pacífico,Mundo Pacífico,628358.900609,2828901.999287,22.212113,10.4.TRAF_EMP,80
2024-10,2024,10,WOM,WOM,120351.808543,2828901.999287,4.254365,10.4.TRAF_EMP,80
2024-11,2024,11,Entel,Entel S.A.,139694.58632,2799853.032755,4.989354,10.4.TRAF_EMP,81
2024-11,2024,11,Telsur,Telsur,96798.773353,2799853.032755,3.457281,10.4.TRAF_EMP,81
2024-11,2024,11,Grupo Claro-VTR,Grupo Claro-VTR,805518.909132,2799853.032755,28.770043,10.4.TRAF_EMP,81
2024-11,2024,11,Movistar,Movistar,735761.886411,2799853.032755,26.27859,10.4.TRAF_EMP,81
2024-11,2024,11,Entelphone,Entelphone,223285.959508,2799853.032755,7.974917,10.4.TRAF_EMP,81
2024-11,2024,11,GTD Manquehue,GTD Manquehue,68259.296655,2799853.032755,2.43796,10.4.TRAF_EMP,81
2024-11,2024,11,Fullcom,Fullcom,21.041039,2799853.032755,0.000752,10.4.TRAF_EMP,81
2024-11,2024,11,Netline,Netline,189.369365,2799853.032755,0.006764,10.4.TRAF_EMP,81
2024-11,2024,11,Austro Internet,Austro Internet,11.31999,2799853.032755,0.000404,10.4.TRAF_EMP,81
2024-11,2024,11,Mundo Pacífico,Mundo Pacífico,614626.80814,2799853.032755,21.95211,10.4.TRAF_EMP,81
2024-11,2024,11,WOM,WOM,115685.082841,2799853.032755,4.131827,10.4.TRAF_EMP,81
2024-12,2024,12,Entel,Entel S.A.,139710.472064,2877713.603801,4.854912,10.4.TRAF_EMP,82
2024-12,2024,12,Telsur,Telsur,100051.34497,2877713.603801,3.476765,10.4.TRAF_EMP,82
2024-12,2024,12,Grupo Claro-VTR,Grupo Claro-VTR,812967.452673,2877713.603801,28.250464,10.4.TRAF_EMP,82
2024-12,2024,12,Movistar,Movistar,775133.736654,2877713.603801,26.93575,10.4.TRAF_EMP,82
2024-12,2024,12,Entelphone,Entelphone,240302.115899,2877713.603801,8.350453,10.4.TRAF_EMP,82
2024-12,2024,12,GTD Manquehue,GTD Manquehue,72493.560651,2877713.603801,2.519137,10.4.TRAF_EMP,82
2024-12,2024,12,Fullcom,Fullcom,21.46186,2877713.603801,0.000746,10.4.TRAF_EMP,82
2024-12,2024,12,Netline,Netline,190.884314,2877713.603801,0.006633,10.4.TRAF_EMP,82
2024-12,2024,12,Austro Internet,Austro Internet,12.539872,2877713.603801,0.000436,10.4.TRAF_EMP,82
2024-12,2024,12,Mundo Pacífico,Mundo Pacífico,614626.80814,2877713.603801,21.358165,10.4.TRAF_EMP,82
2024-12,2024,12,WOM,WOM,122203.226703,2877713.603801,4.246539,10.4.TRAF_EMP,82
2025-01,2025,1,Entel,Entel S.A.,145524.72223,2902308.699094,5.014102,10.4.TRAF_EMP,83
2025-01,2025,1,Telsur,Telsur,99381.273864,2902308.699094,3.424214,10.4.TRAF_EMP,83
2025-01,2025,1,Grupo Claro-VTR,Grupo Claro-VTR,794180.427266,2902308.699094,27.363748,10.4.TRAF_EMP,83
2025-01,2025,1,Movistar,Movistar,765123.107519,2902308.699094,26.362568,10.4.TRAF_EMP,83
2025-01,2025,1,Entelphone,Entelphone,237558.192573,2902308.699094,8.185146,10.4.TRAF_EMP,83
2025-01,2025,1,GTD Manquehue,GTD Manquehue,66202.176626,2902308.699094,2.281018,10.4.TRAF_EMP,83
2025-01,2025,1,Fullcom,Fullcom,20.818004,2902308.699094,0.000717,10.4.TRAF_EMP,83
2025-01,2025,1,Austro Internet,Austro Internet,12.576948,2902308.699094,0.000433,10.4.TRAF_EMP,83
2025-01,2025,1,Mundo Pacífico,Mundo Pacífico,672223.095995,2902308.699094,23.161668,10.4.TRAF_EMP,83
2025-01,2025,1,WOM,WOM,122082.30807,2902308.699094,4.206386,10.4.TRAF_EMP,83
2025-02,2025,2,Entel,Entel S.A.,130194.142486,2795515.571887,4.65725,10.4.TRAF_EMP,84
2025-02,2025,2,Telsur,Telsur,93950.058696,2795515.571887,3.360742,10.4.TRAF_EMP,84
2025-02,2025,2,Grupo Claro-VTR,Grupo Claro-VTR,838852.308444,2795515.571887,30.00707,10.4.TRAF_EMP,84
2025-02,2025,2,Movistar,Movistar,727314.884564,2795515.571887,26.0172,10.4.TRAF_EMP,84
2025-02,2025,2,Entelphone,Entelphone,215344.300578,2795515.571887,7.703205,10.4.TRAF_EMP,84
2025-02,2025,2,GTD Manquehue,GTD Manquehue,58642.406722,2795515.571887,2.097731,10.4.TRAF_EMP,84
2025-02,2025,2,Netline,Netline,442.428772,2795515.571887,0.015826,10.4.TRAF_EMP,84
2025-02,2025,2,Austro Internet,Austro Internet,225.400054,2795515.571887,0.008063,10.4.TRAF_EMP,84
2025-02,2025,2,Mundo Pacífico,Mundo Pacífico,623282.424293,2795515.571887,22.295795,10.4.TRAF_EMP,84
2025-02,2025,2,WOM,WOM,107267.217279,2795515.571887,3.837118,10.4.TRAF_EMP,84
2025-03,2025,3,Entel,Entel S.A.,149949.899486,3034502.134662,4.941499,10.4.TRAF_EMP,85
2025-03,2025,3,Telsur,Telsur,102862.441698,3034502.134662,3.389763,10.4.TRAF_EMP,85
2025-03,2025,3,Grupo Claro-VTR,Grupo Claro-VTR,833646.707037,3034502.134662,27.472273,10.4.TRAF_EMP,85
2025-03,2025,3,Movistar,Movistar,777899.960223,3034502.134662,25.635176,10.4.TRAF_EMP,85
2025-03,2025,3,Entelphone,Entelphone,256167.484943,3034502.134662,8.441829,10.4.TRAF_EMP,85
2025-03,2025,3,GTD Manquehue,GTD Manquehue,72915.677501,3034502.134662,2.402888,10.4.TRAF_EMP,85
2025-03,2025,3,Fullcom,Fullcom,21.041257,3034502.134662,0.000693,10.4.TRAF_EMP,85
2025-03,2025,3,Netline,Netline,499.944518,3034502.134662,0.016475,10.4.TRAF_EMP,85
2025-03,2025,3,Austro Internet,Austro Internet,12.302102,3034502.134662,0.000405,10.4.TRAF_EMP,85
2025-03,2025,3,Mundo Pacífico,Mundo Pacífico,724272.778763,3034502.134662,23.867928,10.4.TRAF_EMP,85
2025-03,2025,3,WOM,WOM,116253.897133,3034502.134662,3.83107,10.4.TRAF_EMP,85
2025-04,2025,4,Entel,Entel S.A.,140784.916144,3050181.488177,4.615624,10.4.TRAF_EMP,86
2025-04,2025,4,Telsur,Telsur,101589.919769,3050181.488177,3.330619,10.4.TRAF_EMP,86
2025-04,2025,4,Grupo Claro-VTR,Grupo Claro-VTR,870203.70924,3050181.488177,28.529572,10.4.TRAF_EMP,86
2025-04,2025,4,Movistar,Movistar,773681.780172,3050181.488177,25.365106,10.4.TRAF_EMP,86
2025-04,2025,4,Entelphone,Entelphone,254545.738035,3050181.488177,8.345265,10.4.TRAF_EMP,86
2025-04,2025,4,GTD Manquehue,GTD Manquehue,70611.529727,3050181.488177,2.314994,10.4.TRAF_EMP,86
2025-04,2025,4,Fullcom,Fullcom,54.993896,3050181.488177,0.001803,10.4.TRAF_EMP,86
2025-04,2025,4,Netline,Netline,507.443686,3050181.488177,0.016637,10.4.TRAF_EMP,86
2025-04,2025,4,Austro Internet,Austro Internet,10.33944,3050181.488177,0.000339,10.4.TRAF_EMP,86
2025-04,2025,4,Mundo Pacífico,Mundo Pacífico,715404.634454,3050181.488177,23.454494,10.4.TRAF_EMP,86
2025-04,2025,4,WOM,WOM,122786.483614,3050181.488177,4.025547,10.4.TRAF_EMP,86
2025-05,2025,5,Entel,Entel S.A.,113900.204442,3179890.342079,3.581891,10.4.TRAF_EMP,87
2025-05,2025,5,Telsur,Telsur,109953.84142,3179890.342079,3.457787,10.4.TRAF_EMP,87
2025-05,2025,5,Grupo Claro-VTR,Grupo Claro-VTR,852114.07795,3179890.342079,26.796964,10.4.TRAF_EMP,87
2025-05,2025,5,Movistar,Movistar,834174.921779,3179890.342079,26.23282,10.4.TRAF_EMP,87
2025-05,2025,5,Entelphone,Entelphone,273446.687201,3179890.342079,8.599249,10.4.TRAF_EMP,87
2025-05,2025,5,GTD Manquehue,GTD Manquehue,76635.992438,3179890.342079,2.41002,10.4.TRAF_EMP,87
2025-05,2025,5,Fullcom,Fullcom,49.880048,3179890.342079,0.001569,10.4.TRAF_EMP,87
2025-05,2025,5,Netline,Netline,498.800474,3179890.342079,0.015686,10.4.TRAF_EMP,87
2025-05,2025,5,Austro Internet,Austro Internet,10.309701,3179890.342079,0.000324,10.4.TRAF_EMP,87
2025-05,2025,5,Mundo Pacífico,Mundo Pacífico,785762.050697,3179890.342079,24.710351,10.4.TRAF_EMP,87
2025-05,2025,5,WOM,WOM,133343.575928,3179890.342079,4.193339,10.4.TRAF_EMP,87
2025-06,2025,6,Entel,Entel S.A.,119005.974001,2915698.398943,4.08156,10.4.TRAF_EMP,88
2025-06,2025,6,Telsur,Telsur,106976.162383,2915698.398943,3.668972,10.4.TRAF_EMP,88
2025-06,2025,6,Grupo Claro-VTR,Grupo Claro-VTR,739604.021367,2915698.398943,25.366273,10.4.TRAF_EMP,88
2025-06,2025,6,Movistar,Movistar,821617.934461,2915698.398943,28.179113,10.4.TRAF_EMP,88
2025-06,2025,6,Entelphone,Entelphone,268300.359909,2915698.398943,9.201924,10.4.TRAF_EMP,88
2025-06,2025,6,GTD Manquehue,GTD Manquehue,75292.014785,2915698.398943,2.582298,10.4.TRAF_EMP,88
2025-06,2025,6,Austro Internet,Austro Internet,6.40926,2915698.398943,0.00022,10.4.TRAF_EMP,88
2025-06,2025,6,Mundo Pacífico,Mundo Pacífico,652182.503297,2915698.398943,22.367969,10.4.TRAF_EMP,88
2025-06,2025,6,WOM,WOM,132713.019479,2915698.398943,4.551672,10.4.TRAF_EMP,88
2025-07,2025,7,Entel,Entel S.A.,132035.169022,3073804.941965,4.295496,10.4.TRAF_EMP,89
2025-07,2025,7,Telsur,Telsur,111437.825759,3073804.941965,3.625403,10.4.TRAF_EMP,89
2025-07,2025,7,Grupo Claro-VTR,Grupo Claro-VTR,716417.801483,3073804.941965,23.307198,10.4.TRAF_EMP,89
2025-07,2025,7,Movistar,Movistar,838886.34975,3073804.941965,27.291463,10.4.TRAF_EMP,89
2025-07,2025,7,Entelphone,Entelphone,272269.567124,3073804.941965,8.857737,10.4.TRAF_EMP,89
2025-07,2025,7,GTD Manquehue,GTD Manquehue,75828.942875,3073804.941965,2.466941,10.4.TRAF_EMP,89
2025-07,2025,7,Fullcom,Fullcom,52.558107,3073804.941965,0.00171,10.4.TRAF_EMP,89
2025-07,2025,7,Netline,Netline,525.581066,3073804.941965,0.017099,10.4.TRAF_EMP,89
2025-07,2025,7,Austro Internet,Austro Internet,5.732613,3073804.941965,0.000186,10.4.TRAF_EMP,89
2025-07,2025,7,Mundo Pacífico,Mundo Pacífico,793671.246139,3073804.941965,25.820482,10.4.TRAF_EMP,89
2025-07,2025,7,WOM,WOM,132674.168028,3073804.941965,4.316285,10.4.TRAF_EMP,89
2025-08,2025,8,Entel,Entel S.A.,140203.403485,3113447.583301,4.503156,10.4.TRAF_EMP,90
2025-08,2025,8,Telsur,Telsur,109535.615611,3113447.583301,3.518145,10.4.TRAF_EMP,90
2025-08,2025,8,Grupo Claro-VTR,Grupo Claro-VTR,737302.595996,3113447.583301,23.681227,10.4.TRAF_EMP,90
2025-08,2025,8,Movistar,Movistar,831671.123303,3113447.583301,26.712225,10.4.TRAF_EMP,90
2025-08,2025,8,Entelphone,Entelphone,285822.31977,3113447.583301,9.180252,10.4.TRAF_EMP,90
2025-08,2025,8,GTD Manquehue,GTD Manquehue,77605.726114,3113447.583301,2.492598,10.4.TRAF_EMP,90
2025-08,2025,8,Fullcom,Fullcom,50.981362,3113447.583301,0.001637,10.4.TRAF_EMP,90
2025-08,2025,8,Netline,Netline,535.041518,3113447.583301,0.017185,10.4.TRAF_EMP,90
2025-08,2025,8,Austro Internet,Austro Internet,6.08933,3113447.583301,0.000196,10.4.TRAF_EMP,90
2025-08,2025,8,Mundo Pacífico,Mundo Pacífico,796581.339739,3113447.583301,25.585186,10.4.TRAF_EMP,90
2025-08,2025,8,WOM,WOM,134133.347073,3113447.583301,4.308194,10.4.TRAF_EMP,90
2025-09,2025,9,Entel,Entel S.A.,138484.959125,2981645.289599,4.644582,10.4.TRAF_EMP,91
2025-09,2025,9,Telsur,Telsur,105440.307399,2981645.289599,3.536313,10.4.TRAF_EMP,91
2025-09,2025,9,Grupo Claro-VTR,Grupo Claro-VTR,689007.264071,2981645.289599,23.108291,10.4.TRAF_EMP,91
2025-09,2025,9,Movistar,Movistar,790521.19369,2981645.289599,26.512919,10.4.TRAF_EMP,91
2025-09,2025,9,Entelphone,Entelphone,273087.166621,2981645.289599,9.158942,10.4.TRAF_EMP,91
2025-09,2025,9,GTD Manquehue,GTD Manquehue,72159.957444,2981645.289599,2.420139,10.4.TRAF_EMP,91
2025-09,2025,9,Fullcom,Fullcom,61.014577,2981645.289599,0.002046,10.4.TRAF_EMP,91
2025-09,2025,9,Netline,Netline,610.145774,2981645.289599,0.020463,10.4.TRAF_EMP,91
2025-09,2025,9,Austro Internet,Austro Internet,6.89247,2981645.289599,0.000231,10.4.TRAF_EMP,91
2025-09,2025,9,Mundo Pacífico,Mundo Pacífico,786426.257951,2981645.289599,26.375581,10.4.TRAF_EMP,91
2025-09,2025,9,WOM,WOM,125840.130478,2981645.289599,4.220493,10.4.TRAF_EMP,91
2025-10,2025,10,Entel,Entel S.A.,101470.553833,3024096.078881,3.355401,10.4.TRAF_EMP,92
2025-10,2025,10,Telsur,Telsur,106630.865417,3024096.078881,3.526041,10.4.TRAF_EMP,92
2025-10,2025,10,Grupo Claro-VTR,Grupo Claro-VTR,668634.022452,3024096.078881,22.110211,10.4.TRAF_EMP,92
2025-10,2025,10,Movistar,Movistar,830307.899239,3024096.078881,27.456399,10.4.TRAF_EMP,92
2025-10,2025,10,Entelphone,Entelphone,294636.149979,3024096.078881,9.742949,10.4.TRAF_EMP,92
2025-10,2025,10,GTD Manquehue,GTD Manquehue,78168.348256,3024096.078881,2.58485,10.4.TRAF_EMP,92
2025-10,2025,10,Fullcom,Fullcom,64.065303,3024096.078881,0.002118,10.4.TRAF_EMP,92
2025-10,2025,10,Netline,Netline,658.957412,3024096.078881,0.02179,10.4.TRAF_EMP,92
2025-10,2025,10,Austro Internet,Austro Internet,9.85769,3024096.078881,0.000326,10.4.TRAF_EMP,92
2025-10,2025,10,Mundo Pacífico,Mundo Pacífico,810797.744359,3024096.078881,26.811243,10.4.TRAF_EMP,92
2025-10,2025,10,WOM,WOM,132717.614942,3024096.078881,4.388671,10.4.TRAF_EMP,92
2025-11,2025,11,Entel,Entel S.A.,69088.763608,3044747.437861,2.269113,10.4.TRAF_EMP,93
2025-11,2025,11,Telsur,Telsur,106402.222037,3044747.437861,3.494616,10.4.TRAF_EMP,93
2025-11,2025,11,Grupo Claro-VTR,Grupo Claro-VTR,680077.874329,3044747.437861,22.336101,10.4.TRAF_EMP,93
2025-11,2025,11,Movistar,Movistar,816575.320126,3044747.437861,26.819148,10.4.TRAF_EMP,93
2025-11,2025,11,Entelphone,Entelphone,300744.82638,3044747.437861,9.877497,10.4.TRAF_EMP,93
2025-11,2025,11,GTD Manquehue,GTD Manquehue,77883.786095,3044747.437861,2.557972,10.4.TRAF_EMP,93
2025-11,2025,11,Netline,Netline,553.668528,3044747.437861,0.018184,10.4.TRAF_EMP,93
2025-11,2025,11,Austro Internet,Austro Internet,11.28675,3044747.437861,0.000371,10.4.TRAF_EMP,93
2025-11,2025,11,Mundo Pacífico,Mundo Pacífico,859596.079823,3044747.437861,28.232098,10.4.TRAF_EMP,93
2025-11,2025,11,WOM,WOM,133813.610186,3044747.437861,4.3949,10.4.TRAF_EMP,93
2025-12,2025,12,Entel,Entel S.A.,48960.775883,3240609.644121,1.510851,10.4.TRAF_EMP,94
2025-12,2025,12,Telsur,Telsur,114545.4731,3240609.644121,3.534689,10.4.TRAF_EMP,94
2025-12,2025,12,Grupo Claro-VTR,Grupo Claro-VTR,673214.578601,3240609.644121,20.774319,10.4.TRAF_EMP,94
2025-12,2025,12,Movistar,Movistar,948950.29901,3240609.644121,29.28308,10.4.TRAF_EMP,94
2025-12,2025,12,Entelphone,Entelphone,324480.708176,3240609.644121,10.012953,10.4.TRAF_EMP,94
2025-12,2025,12,GTD Manquehue,GTD Manquehue,82865.028309,3240609.644121,2.557081,10.4.TRAF_EMP,94
2025-12,2025,12,Fullcom,Fullcom,58.389118,3240609.644121,0.001802,10.4.TRAF_EMP,94
2025-12,2025,12,Netline,Netline,542.595144,3240609.644121,0.016744,10.4.TRAF_EMP,94
2025-12,2025,12,Austro Internet,Austro Internet,12.545049,3240609.644121,0.000387,10.4.TRAF_EMP,94
2025-12,2025,12,Mundo Pacífico,Mundo Pacífico,904034.680375,3240609.644121,27.897056,10.4.TRAF_EMP,94
2025-12,2025,12,WOM,WOM,142944.571356,3240609.644121,4.411039,10.4.TRAF_EMP,94
2026-01,2026,1,Entel,Entel S.A.,41697.528365,3163637.13244,1.318025,10.4.TRAF_EMP,95
2026-01,2026,1,Telsur,Telsur,115408.611823,3163637.13244,3.647972,10.4.TRAF_EMP,95
2026-01,2026,1,Grupo Claro-VTR,Grupo Claro-VTR,650066.943309,3163637.13244,20.548088,10.4.TRAF_EMP,95
2026-01,2026,1,Movistar,Movistar,892405.151796,3163637.13244,28.208202,10.4.TRAF_EMP,95
2026-01,2026,1,Entelphone,Entelphone,320012.839302,3163637.13244,10.115346,10.4.TRAF_EMP,95
2026-01,2026,1,GTD Manquehue,GTD Manquehue,77428.799076,3163637.13244,2.447461,10.4.TRAF_EMP,95
2026-01,2026,1,Netline,Netline,499.187544,3163637.13244,0.015779,10.4.TRAF_EMP,95
2026-01,2026,1,Mundo Pacífico,Mundo Pacífico,927696.230536,3163637.13244,29.323724,10.4.TRAF_EMP,95
2026-01,2026,1,WOM,WOM,138421.840689,3163637.13244,4.375402,10.4.TRAF_EMP,95
2026-02,2026,2,Entel,Entel S.A.,39834.706011,2868703.703562,1.388596,10.4.TRAF_EMP,96
2026-02,2026,2,Telsur,Telsur,108308.730869,2868703.703562,3.775529,10.4.TRAF_EMP,96
2026-02,2026,2,Grupo Claro-VTR,Grupo Claro-VTR,617165.009569,2868703.703562,21.513724,10.4.TRAF_EMP,96
2026-02,2026,2,Movistar,Movistar,763338.853182,2868703.703562,26.609191,10.4.TRAF_EMP,96
2026-02,2026,2,Entelphone,Entelphone,291216.244749,2868703.703562,10.151493,10.4.TRAF_EMP,96
2026-02,2026,2,GTD Manquehue,GTD Manquehue,68771.056884,2868703.703562,2.397287,10.4.TRAF_EMP,96
2026-02,2026,2,Netline,Netline,459.252524,2868703.703562,0.016009,10.4.TRAF_EMP,96
2026-02,2026,2,Mundo Pacífico,Mundo Pacífico,855830.226105,2868703.703562,29.833343,10.4.TRAF_EMP,96
2026-02,2026,2,WOM,WOM,123779.623669,2868703.703562,4.314828,10.4.TRAF_EMP,96
2026-03,2026,3,Entel,Entel S.A.,47187.954477,3017621.320375,1.563747,10.4.TRAF_EMP,97
2026-03,2026,3,Telsur,Telsur,118000.281941,3017621.320375,3.910374,10.4.TRAF_EMP,97
2026-03,2026,3,Grupo Claro-VTR,Grupo Claro-VTR,516189.737492,3017621.320375,17.105849,10.4.TRAF_EMP,97
2026-03,2026,3,Movistar,Movistar,829071.471126,3017621.320375,27.474338,10.4.TRAF_EMP,97
2026-03,2026,3,Entelphone,Entelphone,341824.988026,3017621.320375,11.32763,10.4.TRAF_EMP,97
2026-03,2026,3,GTD Manquehue,GTD Manquehue,84881.369283,3017621.320375,2.812857,10.4.TRAF_EMP,97
2026-03,2026,3,Netline,Netline,485.077642,3017621.320375,0.016075,10.4.TRAF_EMP,97
2026-03,2026,3,Mundo Pacífico,Mundo Pacífico,939664.301311,3017621.320375,31.139239,10.4.TRAF_EMP,97
2026-03,2026,3,WOM,WOM,140316.139078,3017621.320375,4.649892,10.4.TRAF_EMP,97
2026-04,2026,4,Entel,Entel S.A.,50088.749694,2911756.740624,1.720224,10.4.TRAF_EMP,98
2026-04,2026,4,Telsur,Telsur,118000.281941,2911756.740624,4.052546,10.4.TRAF_EMP,98
2026-04,2026,4,Grupo Claro-VTR,Grupo Claro-VTR,482885.269494,2911756.740624,16.583984,10.4.TRAF_EMP,98
2026-04,2026,4,Movistar,Movistar,813287.579822,2911756.740624,27.931165,10.4.TRAF_EMP,98
2026-04,2026,4,Entelphone,Entelphone,325503.317202,2911756.740624,11.178932,10.4.TRAF_EMP,98
2026-04,2026,4,GTD Manquehue,GTD Manquehue,81662.144501,2911756.740624,2.804566,10.4.TRAF_EMP,98
2026-04,2026,4,Mundo Pacífico,Mundo Pacífico,904198.872609,2911756.740624,31.05338,10.4.TRAF_EMP,98
2026-04,2026,4,WOM,WOM,136130.525361,2911756.740624,4.675203,10.4.TRAF_EMP,98
2026-05,2026,5,Entel,Entel S.A.,50589.456809,3253711.948915,1.554823,10.4.TRAF_EMP,99
2026-05,2026,5,Telsur,Telsur,114922.645246,3253711.948915,3.532047,10.4.TRAF_EMP,99
2026-05,2026,5,Grupo Claro-VTR,Grupo Claro-VTR,744838.519367,3253711.948915,22.891963,10.4.TRAF_EMP,99
2026-05,2026,5,Movistar,Movistar,812889.484537,3253711.948915,24.98345,10.4.TRAF_EMP,99
2026-05,2026,5,Entelphone,Entelphone,368183.746781,3253711.948915,11.315806,10.4.TRAF_EMP,99
2026-05,2026,5,GTD Manquehue,GTD Manquehue,82091.030795,3253711.948915,2.522996,10.4.TRAF_EMP,99
2026-05,2026,5,Mundo Pacífico,Mundo Pacífico,934366.639748,3253711.948915,28.716944,10.4.TRAF_EMP,99
2026-05,2026,5,WOM,WOM,145830.425632,3253711.948915,4.481971,10.4.TRAF_EMP,99
2026-06,2026,6,Entel,Entel S.A.,51818.740914,3427290.448144,1.511945,10.4.TRAF_EMP,100
2026-06,2026,6,Telsur,Telsur,127476.08109,3427290.448144,3.719442,10.4.TRAF_EMP,100
2026-06,2026,6,Grupo Claro-VTR,Grupo Claro-VTR,880963.870984,3427290.448144,25.704383,10.4.TRAF_EMP,100
2026-06,2026,6,Movistar,Movistar,812821.691219,3427290.448144,23.71616,10.4.TRAF_EMP,100
2026-06,2026,6,Entelphone,Entelphone,385496.598868,3427290.448144,11.247853,10.4.TRAF_EMP,100
2026-06,2026,6,GTD Manquehue,GTD Manquehue,90150.246045,3427290.448144,2.630365,10.4.TRAF_EMP,100
2026-06,2026,6,Mundo Pacífico,Mundo Pacífico,934366.639748,3427290.448144,27.262546,10.4.TRAF_EMP,100
2026-06,2026,6,WOM,WOM,144196.579277,3427290.448144,4.207305,10.4.TRAF_EMP,100
