period,year,month,mobile_traffic_downlink_tb,mobile_traffic_uplink_tb,mobile_traffic_total_tb,annual_growth_pct,source_sheet,source_row
2017-06,2017,6,49031.050243,4110.082917,53141.13316,,9.1.TRAF_SENT,11
2017-07,2017,7,54144.662105,4576.336082,58720.998187,,9.1.TRAF_SENT,12
2017-08,2017,8,59053.884418,4926.590468,63980.474887,,9.1.TRAF_SENT,13
2017-09,2017,9,60615.603425,5073.856215,65689.45964,,9.1.TRAF_SENT,14
2017-10,2017,10,62912.282247,5241.949388,68154.231634,,9.1.TRAF_SENT,15
2017-11,2017,11,65116.652349,5430.773666,70547.426015,,9.1.TRAF_SENT,16
2017-12,2017,12,73085.593257,5979.614936,79065.208194,,9.1.TRAF_SENT,17
2018-01,2018,1,82305.175914,6615.846405,88921.022318,,9.1.TRAF_SENT,18
2018-02,2018,2,80168.923336,6368.904282,86537.827618,,9.1.TRAF_SENT,19
2018-03,2018,3,90017.001152,6987.156485,97004.157638,,9.1.TRAF_SENT,20
2018-04,2018,4,88889.971063,6928.309461,95818.280524,,9.1.TRAF_SENT,21
2018-05,2018,5,97402.040142,7732.527878,105134.56802,,9.1.TRAF_SENT,22
2018-06,2018,6,98551.021103,7120.622127,105671.64323,98.850941,9.1.TRAF_SENT,23
2018-07,2018,7,107733.177813,7900.36284,115633.540653,96.920257,9.1.TRAF_SENT,24
2018-08,2018,8,109511.382171,8593.744371,118105.126542,84.595577,9.1.TRAF_SENT,25
2018-09,2018,9,114524.118536,8898.102066,123422.220603,87.887404,9.1.TRAF_SENT,26
2018-10,2018,10,122756.478801,9706.982832,132463.461633,94.358382,9.1.TRAF_SENT,27
2018-11,2018,11,122842.40728,9785.472786,132627.880066,87.998184,9.1.TRAF_SENT,28
2018-12,2018,12,134504.781123,10675.62814,145180.409262,83.621105,9.1.TRAF_SENT,29
2019-01,2019,1,135546.445452,10559.493053,146105.938505,64.309783,9.1.TRAF_SENT,30
2019-02,2019,2,143259.108086,11096.64718,154355.755266,78.367957,9.1.TRAF_SENT,31
2019-03,2019,3,148265.340471,11659.357119,159924.69759,64.863756,9.1.TRAF_SENT,32
2019-04,2019,4,150224.028527,11716.275854,161940.304381,69.007734,9.1.TRAF_SENT,33
2019-05,2019,5,164564.9455,12874.42761,177439.373109,68.773579,9.1.TRAF_SENT,34
2019-06,2019,6,164718.999753,12499.223655,177218.223408,67.706509,9.1.TRAF_SENT,35
2019-07,2019,7,154863.199182,17172.738995,172035.938177,48.776849,9.1.TRAF_SENT,36
2019-08,2019,8,180338.075121,13476.103138,193814.17826,64.103104,9.1.TRAF_SENT,37
2019-09,2019,9,178838.735936,13659.978263,192498.714198,55.967631,9.1.TRAF_SENT,38
2019-10,2019,10,194344.14852,14441.186761,208785.335281,57.617303,9.1.TRAF_SENT,39
2019-11,2019,11,174291.116286,12866.357596,187157.473882,41.114729,9.1.TRAF_SENT,40
2019-12,2019,12,182431.707444,13776.161039,196207.868484,35.14762,9.1.TRAF_SENT,41
2020-01,2020,1,191917.817459,14323.55722,206241.374679,41.15879,9.1.TRAF_SENT,42
2020-02,2020,2,189551.963127,13977.922708,203529.885834,31.857659,9.1.TRAF_SENT,43
2020-03,2020,3,221093.503306,16746.709003,237840.21231,48.720126,9.1.TRAF_SENT,44
2020-04,2020,4,226049.097699,18821.222597,244870.320296,51.210238,9.1.TRAF_SENT,45
2020-05,2020,5,223567.947125,19322.251074,242890.198199,36.886303,9.1.TRAF_SENT,46
2020-06,2020,6,220832.93912,19459.257713,240292.196833,35.591133,9.1.TRAF_SENT,47
2020-07,2020,7,228745.975793,19748.217242,248494.193034,44.443188,9.1.TRAF_SENT,48
2020-08,2020,8,231942.488399,20275.030378,252217.518778,30.133678,9.1.TRAF_SENT,49
2020-09,2020,9,231348.286145,19841.442415,251189.72856,30.489042,9.1.TRAF_SENT,50
2020-10,2020,10,241596.699277,20608.424639,262205.123916,25.585987,9.1.TRAF_SENT,51
2020-11,2020,11,243127.411266,19917.731418,263045.142684,40.547496,9.1.TRAF_SENT,52
2020-12,2020,12,254887.626445,20007.08629,274894.712735,40.103817,9.1.TRAF_SENT,53
2021-01,2021,1,258892.252095,20366.977766,279259.229861,35.404077,9.1.TRAF_SENT,54
2021-02,2021,2,243708.603931,18886.600752,262595.204683,29.020465,9.1.TRAF_SENT,55
2021-03,2021,3,279321.437382,22200.020304,301521.457686,26.774802,9.1.TRAF_SENT,56
2021-04,2021,4,288773.726378,23584.044573,312357.770951,27.560486,9.1.TRAF_SENT,57
2021-05,2021,5,293480.145144,23451.120658,316931.265803,30.483349,9.1.TRAF_SENT,58
2021-06,2021,6,293069.012001,22768.069665,315837.081666,31.438759,9.1.TRAF_SENT,59
2021-07,2021,7,307662.272895,23101.136771,330763.409666,33.107098,9.1.TRAF_SENT,60
2021-08,2021,8,307499.817338,23475.003051,330974.820389,31.225944,9.1.TRAF_SENT,61
2021-09,2021,9,309040.251663,23275.43036,332315.682023,32.296684,9.1.TRAF_SENT,62
2021-10,2021,10,328204.73332,24531.868379,352736.601699,34.526967,9.1.TRAF_SENT,63
2021-11,2021,11,320532.975697,24188.841137,344721.816834,31.05044,9.1.TRAF_SENT,64
2021-12,2021,12,334596.283152,24667.612982,359263.896134,30.691454,9.1.TRAF_SENT,65
2022-01,2022,1,344128.386497,24927.851282,369056.237779,32.155431,9.1.TRAF_SENT,66
2022-02,2022,2,328825.984396,23539.565607,352365.550003,34.185828,9.1.TRAF_SENT,67
2022-03,2022,3,357816.168244,25731.209013,383547.377256,27.204007,9.1.TRAF_SENT,68
2022-04,2022,4,346084.679543,24763.957152,370848.636696,18.7256,9.1.TRAF_SENT,69
2022-05,2022,5,378884.596922,25993.697867,404878.294789,27.749559,9.1.TRAF_SENT,70
2022-06,2022,6,380953.70111,26353.306725,407307.007835,28.96111,9.1.TRAF_SENT,71
2022-07,2022,7,408650.422241,28209.34793,436859.77017,32.076208,9.1.TRAF_SENT,72
2022-08,2022,8,406130.618798,28073.913062,434204.53186,31.189597,9.1.TRAF_SENT,73
2022-09,2022,9,400664.133598,26817.10875,427481.242348,28.637096,9.1.TRAF_SENT,74
2022-10,2022,10,425010.170027,28745.255099,453755.425126,28.6386,9.1.TRAF_SENT,75
2022-11,2022,11,418435.352979,28026.398048,446461.751026,29.513634,9.1.TRAF_SENT,76
2022-12,2022,12,435965.15312,28853.630761,464818.783881,29.380878,9.1.TRAF_SENT,77
2023-01,2023,1,469473.996004,30779.134036,500253.13004,35.549295,9.1.TRAF_SENT,78
2023-02,2023,2,431061.178031,28225.127072,459286.305103,30.343703,9.1.TRAF_SENT,79
2023-03,2023,3,461762.928032,30016.986004,491779.914036,28.218818,9.1.TRAF_SENT,80
2023-04,2023,4,444953.994167,28860.52448,473814.518648,27.764935,9.1.TRAF_SENT,81
2023-05,2023,5,466267.824407,30295.838686,496563.663094,22.645168,9.1.TRAF_SENT,82
2023-06,2023,6,462681.134835,29787.719149,492468.853983,20.908515,9.1.TRAF_SENT,83
2023-07,2023,7,488090.003187,31653.027796,519743.030983,18.972509,9.1.TRAF_SENT,84
2023-08,2023,8,484045.822053,31797.0598,515842.881853,18.801819,9.1.TRAF_SENT,85
2023-09,2023,9,468747.629289,31196.476839,499944.106127,16.951121,9.1.TRAF_SENT,86
2023-10,2023,10,480790.243873,32095.91208,512886.155953,13.03141,9.1.TRAF_SENT,87
2023-11,2023,11,466544.158126,30842.850403,497387.008529,11.40641,9.1.TRAF_SENT,88
2023-12,2023,12,488305.212074,32262.272723,520567.484797,11.993642,9.1.TRAF_SENT,89
2024-01,2024,1,509612.063118,35878.567025,545490.630143,9.042922,9.1.TRAF_SENT,90
2024-02,2024,2,492868.687618,34392.070281,527260.757899,14.800017,9.1.TRAF_SENT,91
2024-03,2024,3,516440.664623,35926.825324,552367.489946,12.320059,9.1.TRAF_SENT,92
2024-04,2024,4,472146.791991,33405.540029,505552.33202,6.698362,9.1.TRAF_SENT,93
2024-05,2024,5,520681.134412,36477.352946,557158.487358,12.202831,9.1.TRAF_SENT,94
2024-06,2024,6,503438.291589,36060.0988,539498.390389,9.549748,9.1.TRAF_SENT,95
2024-07,2024,7,515086.722725,37446.996587,552533.719311,6.309019,9.1.TRAF_SENT,96
2024-08,2024,8,502413.115832,37505.7125,539918.828332,4.667302,9.1.TRAF_SENT,97
2024-09,2024,9,501432.158148,37264.852944,538697.011092,7.751448,9.1.TRAF_SENT,98
2024-10,2024,10,521630.223124,40154.094537,561784.317661,9.533921,9.1.TRAF_SENT,99
2024-11,2024,11,490134.850871,38658.575386,528793.426257,6.314282,9.1.TRAF_SENT,100
2024-12,2024,12,499728.668479,40859.501417,540588.169896,3.845935,9.1.TRAF_SENT,101
2025-01,2025,1,518480.983343,41726.250212,560207.233555,2.697865,9.1.TRAF_SENT,102
2025-02,2025,2,483141.531235,39353.123478,522494.654713,-0.903937,9.1.TRAF_SENT,103
2025-03,2025,3,521123.761061,41856.289257,562980.050318,1.921286,9.1.TRAF_SENT,104
2025-04,2025,4,514965.578653,41799.660641,556765.239295,10.13009,9.1.TRAF_SENT,105
2025-05,2025,5,568672.363233,46933.284028,615605.64726,10.490222,9.1.TRAF_SENT,106
2025-06,2025,6,558904.831774,46040.974485,604945.806259,12.131161,9.1.TRAF_SENT,107
2025-07,2025,7,573994.636642,49225.393578,623220.03022,12.793122,9.1.TRAF_SENT,108
2025-08,2025,8,570982.607011,50167.485675,621150.092686,15.045088,9.1.TRAF_SENT,109
2025-09,2025,9,550940.197272,51199.28777,602139.485042,11.777024,9.1.TRAF_SENT,110
2025-10,2025,10,573107.124365,53611.638271,626718.762636,11.558608,9.1.TRAF_SENT,111
2025-11,2025,11,576618.154102,54410.28943,631028.443532,19.33364,9.1.TRAF_SENT,112
2025-12,2025,12,596151.227015,55602.68978,651753.916795,20.563851,9.1.TRAF_SENT,113
2026-01,2026,1,620348.717441,57440.224529,677788.94197,20.988966,9.1.TRAF_SENT,114
2026-02,2026,2,577052.954955,54557.750278,631610.705232,20.883668,9.1.TRAF_SENT,115
2026-03,2026,3,608081.795236,58266.985126,666348.780362,18.360993,9.1.TRAF_SENT,116
2026-04,2026,4,593171.479394,57178.056474,650349.535868,16.808574,9.1.TRAF_SENT,117
2026-05,2026,5,621795.182414,59268.0031,681063.185514,10.633031,9.1.TRAF_SENT,118
2026-06,2026,6,636829.312717,59334.895496,696164.208213,15.078773,9.1.TRAF_SENT,119
