period,year,month,connections_2g,connections_3g,connections_4g,connections_5g,mobile_connections_total,connections_3g_4g_5g,penetration_2g_per_100,penetration_3g_per_100,penetration_4g_per_100,penetration_5g_per_100,penetration_3g_4g_5g_per_100,penetration_total_per_100,source_sheet,source_row
2009-12,2009,12,3052045,638787,,,3690832,638787,18.012806,3.770045,,,3.770045,21.782851,8.1.CO_TEC_MOVIL,8
2010-01,2010,1,3025950,729958,,,3755908,729958,17.84359,4.304457,,,4.304457,22.148046,8.1.CO_TEC_MOVIL,9
2010-02,2010,2,2976434,780957,,,3757391,780957,17.536667,4.601272,,,4.601272,22.137939,8.1.CO_TEC_MOVIL,10
2010-03,2010,3,3032765,860017,,,3892782,860017,17.853371,5.062774,,,5.062774,22.916145,8.1.CO_TEC_MOVIL,11
2010-04,2010,4,3024333,964118,,,3988451,964118,17.788612,5.670778,,,5.670778,23.45939,8.1.CO_TEC_MOVIL,12
2010-05,2010,5,3212406,1015940,,,4228346,1015940,18.87879,5.970515,,,5.970515,24.849305,8.1.CO_TEC_MOVIL,13
2010-06,2010,6,3284863,1053617,,,4338480,1053617,19.28824,6.186686,,,6.186686,25.474926,8.1.CO_TEC_MOVIL,14
2010-07,2010,7,3445085,1091122,,,4536207,1091122,20.211901,6.401482,,,6.401482,26.613383,8.1.CO_TEC_MOVIL,15
2010-08,2010,8,3361212,1133410,,,4494622,1133410,19.703136,6.643952,,,6.643952,26.347088,8.1.CO_TEC_MOVIL,16
2010-09,2010,9,3367676,1184896,,,4552572,1184896,19.724331,6.939884,,,6.939884,26.664215,8.1.CO_TEC_MOVIL,17
2010-10,2010,10,3527081,1265877,,,4792958,1265877,20.640501,7.40792,,,7.40792,28.048421,8.1.CO_TEC_MOVIL,18
2010-11,2010,11,3617632,1331159,,,4948791,1331159,21.152531,7.783374,,,7.783374,28.935905,8.1.CO_TEC_MOVIL,19
2010-12,2010,12,3809777,1445675,,,5255452,1445675,22.257222,8.445825,,,8.445825,30.703047,8.1.CO_TEC_MOVIL,20
2011-01,2011,1,3540683,1780975,,,5321658,1780975,20.667526,10.395832,,,10.395832,31.063358,8.1.CO_TEC_MOVIL,21
2011-02,2011,2,3482404,1780671,,,5263075,1780671,20.310046,10.385214,,,10.385214,30.69526,8.1.CO_TEC_MOVIL,22
2011-03,2011,3,3509356,1918215,,,5427571,1918215,20.449837,11.177887,,,11.177887,31.627723,8.1.CO_TEC_MOVIL,23
2011-04,2011,4,3507393,2019619,,,5527012,2019619,20.421038,11.758796,,,11.758796,32.179834,8.1.CO_TEC_MOVIL,24
2011-05,2011,5,3533497,2111901,,,5645398,2111901,20.555563,12.285652,,,12.285652,32.841215,8.1.CO_TEC_MOVIL,25
2011-06,2011,6,3750297,2241188,,,5991485,2241188,21.798264,13.026704,,,13.026704,34.824968,8.1.CO_TEC_MOVIL,26
2011-07,2011,7,3949617,2444064,,,6393681,2444064,22.937341,14.193865,,,14.193865,37.131206,8.1.CO_TEC_MOVIL,27
2011-08,2011,8,4201075,2596941,,,6798016,2596941,24.377023,15.068927,,,15.068927,39.44595,8.1.CO_TEC_MOVIL,28
2011-09,2011,9,4288244,2679630,,,6967874,2679630,24.861778,15.535582,,,15.535582,40.39736,8.1.CO_TEC_MOVIL,29
2011-10,2011,10,4347185,2764399,,,7111584,2764399,25.182197,16.013498,,,16.013498,41.195695,8.1.CO_TEC_MOVIL,30
2011-11,2011,11,4394432,2744786,,,7139218,2744786,25.43439,15.886457,,,15.886457,41.320847,8.1.CO_TEC_MOVIL,31
2011-12,2011,12,4802719,3154995,,,7957714,3154995,27.774045,18.245284,,,18.245284,46.01933,8.1.CO_TEC_MOVIL,32
2012-01,2012,1,4439098,3274151,,,7713249,3274151,25.649355,18.918227,,,18.918227,44.567582,8.1.CO_TEC_MOVIL,33
2012-02,2012,2,4298723,3353946,,,7652669,3353946,24.817114,19.362788,,,19.362788,44.179902,8.1.CO_TEC_MOVIL,34
2012-03,2012,3,4396975,3619463,,,8016438,3619463,25.362742,20.877878,,,20.877878,46.24062,8.1.CO_TEC_MOVIL,35
2012-04,2012,4,4341453,3694300,,,8035753,3694300,25.021195,21.291443,,,21.291443,46.312638,8.1.CO_TEC_MOVIL,36
2012-05,2012,5,4202236,3835712,,,8037948,3835712,24.198274,22.087672,,,22.087672,46.285946,8.1.CO_TEC_MOVIL,37
2012-06,2012,6,4117626,3946142,,,8063768,3946142,23.690935,22.704295,,,22.704295,46.39523,8.1.CO_TEC_MOVIL,38
2012-07,2012,7,4172032,4139993,,,8312025,4139993,23.983612,23.79943,,,23.79943,47.783042,8.1.CO_TEC_MOVIL,39
2012-08,2012,8,4322668,4347399,,,8670067,4347399,24.828518,24.970567,,,24.970567,49.799085,8.1.CO_TEC_MOVIL,40
2012-09,2012,9,4301600,4409493,,,8711093,4409493,24.686595,25.305786,,,25.305786,49.992382,8.1.CO_TEC_MOVIL,41
2012-10,2012,10,3992109,4494650,,,8486759,4494650,22.891073,25.772683,,,25.772683,48.663756,8.1.CO_TEC_MOVIL,42
2012-11,2012,11,3942702,4576134,,,8518836,4576134,22.588667,26.217747,,,26.217747,48.806414,8.1.CO_TEC_MOVIL,43
2012-12,2012,12,3988594,4983888,,,8972482,4983888,22.832301,28.52976,,,28.52976,51.36206,8.1.CO_TEC_MOVIL,44
2013-01,2013,1,4066613,5048537,,,9115150,5048537,23.258848,28.874927,,,28.874927,52.133775,8.1.CO_TEC_MOVIL,45
2013-02,2013,2,3855775,5090041,,,8945816,5090041,22.033975,29.087235,,,29.087235,51.12121,8.1.CO_TEC_MOVIL,46
2013-03,2013,3,3757936,5268103,,,9026039,5268103,21.456392,30.078874,,,30.078874,51.535266,8.1.CO_TEC_MOVIL,47
2013-04,2013,4,3748317,5370918,,,9119235,5370918,21.383072,30.639545,,,30.639545,52.022617,8.1.CO_TEC_MOVIL,48
2013-05,2013,5,3786898,5469374,,,9256272,5469374,21.584608,31.174406,,,31.174406,52.759014,8.1.CO_TEC_MOVIL,49
2013-06,2013,6,3840570,5447665,,,9288235,5447665,21.871742,31.02402,,,31.02402,52.895762,8.1.CO_TEC_MOVIL,50
2013-07,2013,7,3719032,5614971,,,9334003,5614971,21.16143,31.949393,,,31.949393,53.110823,8.1.CO_TEC_MOVIL,51
2013-08,2013,8,3705492,5679494,,,9384986,5679494,21.066323,32.288844,,,32.288844,53.355167,8.1.CO_TEC_MOVIL,52
2013-09,2013,9,3673199,5645778,,,9318977,5645778,20.864854,32.069685,,,32.069685,52.93454,8.1.CO_TEC_MOVIL,53
2013-10,2013,10,3474618,5876547,,,9351165,5876547,19.719974,33.35197,,,33.35197,53.071944,8.1.CO_TEC_MOVIL,54
2013-11,2013,11,3488156,5880360,,,9368516,5880360,19.779891,33.34509,,,33.34509,53.124981,8.1.CO_TEC_MOVIL,55
2013-12,2013,12,3444862,6366120,,,9810982,6366120,19.517708,36.06881,,,36.06881,55.586518,8.1.CO_TEC_MOVIL,56
2014-01,2014,1,3344257,6636236,6485,,9986978,6642721,18.929932,37.563948,0.036708,,37.600656,56.530588,8.1.CO_TEC_MOVIL,57
2014-02,2014,2,3210790,6675009,8170,,9893969,6683179,18.15742,37.748013,0.046202,,37.794215,55.951635,8.1.CO_TEC_MOVIL,58
2014-03,2014,3,3150825,7011653,9829,,10172307,7021482,17.801627,39.614651,0.055532,,39.670183,57.47181,8.1.CO_TEC_MOVIL,59
2014-04,2014,4,2853272,7179005,29536,,10061813,7208541,16.105425,40.522223,0.166717,,40.688941,56.794365,8.1.CO_TEC_MOVIL,60
2014-05,2014,5,2794916,7593239,14407,,10402562,7607646,15.761288,42.820331,0.081245,,42.901576,58.662865,8.1.CO_TEC_MOVIL,61
2014-06,2014,6,2603845,7637528,184382,,10425755,7821910,14.670078,43.029878,1.038809,,44.068688,58.738766,8.1.CO_TEC_MOVIL,62
2014-07,2014,7,2320089,7573448,220443,,10113980,7793891,13.059202,42.62905,1.240819,,43.869868,56.929071,8.1.CO_TEC_MOVIL,63
2014-08,2014,8,2120724,7675395,270166,,10066285,7945561,11.925901,43.16262,1.51928,,44.681899,56.607801,8.1.CO_TEC_MOVIL,64
2014-09,2014,9,2157361,8105732,345396,,10608489,8451128,12.120634,45.540182,1.940528,,47.480709,59.601343,8.1.CO_TEC_MOVIL,65
2014-10,2014,10,2018549,8246308,401649,,10666506,8647957,11.330202,46.28688,2.254473,,48.541353,59.871554,8.1.CO_TEC_MOVIL,66
2014-11,2014,11,1830004,8286795,500735,,10617534,8787530,10.262344,46.470905,2.808035,,49.27894,59.541284,8.1.CO_TEC_MOVIL,67
2014-12,2014,12,1744424,8610313,545410,,10900147,9155723,9.773344,48.240307,3.055725,,51.296032,61.069375,8.1.CO_TEC_MOVIL,68
2015-01,2015,1,1561338,8479546,631312,,10672196,9110858,8.738926,47.460657,3.533501,,50.994158,59.733084,8.1.CO_TEC_MOVIL,69
2015-02,2015,2,1456469,8554419,693436,,10704324,9247855,8.143908,47.832394,3.877377,,51.709771,59.853678,8.1.CO_TEC_MOVIL,70
2015-03,2015,3,1386005,8595818,888052,,10869875,9483870,7.742251,48.016407,4.960676,,52.977083,60.719334,8.1.CO_TEC_MOVIL,71
2015-04,2015,4,1323165,8679998,958294,,10961457,9638292,7.383933,48.4388,5.347768,,53.786567,61.1705,8.1.CO_TEC_MOVIL,72
2015-05,2015,5,1262111,8726939,1026867,,11015917,9753806,7.036279,48.652752,5.724791,,54.377543,61.413822,8.1.CO_TEC_MOVIL,73
2015-06,2015,6,1113939,8501727,1102739,,10718405,9604466,6.204103,47.350522,6.141725,,53.492247,59.69635,8.1.CO_TEC_MOVIL,74
2015-07,2015,7,1070145,8771370,1181592,,11023107,9952962,5.954329,48.804252,6.574425,,55.378677,61.333006,8.1.CO_TEC_MOVIL,75
2015-08,2015,8,1138746,8616081,1317988,,11072815,9934069,6.329802,47.893109,7.326132,,55.219241,61.549043,8.1.CO_TEC_MOVIL,76
2015-09,2015,9,1081318,8685597,1486280,,11253195,10171877,6.004684,48.232124,8.253485,,56.485609,62.490292,8.1.CO_TEC_MOVIL,77
2015-10,2015,10,864920,8479506,1807166,,11151592,10286672,4.79829,47.041497,10.02556,,57.067057,61.865347,8.1.CO_TEC_MOVIL,78
2015-11,2015,11,825080,8247291,2038046,,11110417,10285337,4.572787,45.708418,11.295328,,57.003746,61.576533,8.1.CO_TEC_MOVIL,79
2015-12,2015,12,1270825,7885665,2397579,,11554069,10283244,7.036316,43.661425,13.274938,,56.936363,63.972679,8.1.CO_TEC_MOVIL,80
2016-01,2016,1,1261412,7801996,2620047,,11683455,10422043,6.975828,43.146397,14.489316,,57.635713,64.611541,8.1.CO_TEC_MOVIL,81
2016-02,2016,2,1184571,7619101,2839379,,11643051,10458480,6.543043,42.084522,15.683466,,57.767988,64.311031,8.1.CO_TEC_MOVIL,82
2016-03,2016,3,1148689,7596968,3052600,,11798257,10649568,6.337261,41.9121,16.841045,,58.753145,65.090406,8.1.CO_TEC_MOVIL,83
2016-04,2016,4,1100447,7303063,3406766,,11810276,10709829,6.063863,40.24253,18.772518,,59.015048,65.078911,8.1.CO_TEC_MOVIL,84
2016-05,2016,5,1060664,7354240,3687607,,12102511,11041847,5.837673,40.476201,20.295819,,60.77202,66.609693,8.1.CO_TEC_MOVIL,85
2016-06,2016,6,995519,7349169,4033779,,12378467,11382948,5.472602,40.400107,22.17463,,62.574738,68.047339,8.1.CO_TEC_MOVIL,86
2016-07,2016,7,944233,7467274,4354678,,12766185,11821952,5.184494,41.000514,23.910203,,64.910717,70.095211,8.1.CO_TEC_MOVIL,87
2016-08,2016,8,908163,7533107,4724916,,13166186,12258023,4.980519,41.312825,25.912234,,67.225059,72.205578,8.1.CO_TEC_MOVIL,88
2016-09,2016,9,872715,7454574,4994696,,13321985,12449270,4.780434,40.833608,27.359237,,68.192844,72.973279,8.1.CO_TEC_MOVIL,89
2016-10,2016,10,843240,7253935,5257295,,13354470,12511230,4.613504,39.687466,28.763522,,68.450988,73.064492,8.1.CO_TEC_MOVIL,90
2016-11,2016,11,743873,7232430,5639650,,13615953,12872080,4.065031,39.522948,30.818908,,70.341856,74.406888,8.1.CO_TEC_MOVIL,91
2016-12,2016,12,730115,6924263,6290876,,13945254,13215139,3.985129,37.794155,34.336989,,72.131144,76.116273,8.1.CO_TEC_MOVIL,92
2017-01,2017,1,730692,6808655,6504059,,14043406,13312714,3.983222,37.116025,35.455581,,72.571606,76.554828,8.1.CO_TEC_MOVIL,93
2017-02,2017,2,645598,6541691,6918625,,14105914,13460316,3.514893,35.615573,37.667751,,73.283324,76.798217,8.1.CO_TEC_MOVIL,94
2017-03,2017,3,641749,6356733,7382833,,14381315,13739566,3.489519,34.564821,40.144254,,74.709075,78.198594,8.1.CO_TEC_MOVIL,95
2017-04,2017,4,616213,6122335,7679019,,14417567,13801354,3.346435,33.248233,41.702033,,74.950266,78.296701,8.1.CO_TEC_MOVIL,96
2017-05,2017,5,614412,6035420,7933627,,14583459,13969047,3.332445,32.734886,43.030373,,75.76526,79.097705,8.1.CO_TEC_MOVIL,97
2017-06,2017,6,528483,5738255,8328826,,14595564,14067081,2.862773,31.083914,45.116941,,76.200855,79.063628,8.1.CO_TEC_MOVIL,98
2017-07,2017,7,521945,5624783,8753354,,14900082,14378137,2.823799,30.430903,47.356932,,77.787835,80.611634,8.1.CO_TEC_MOVIL,99
2017-08,2017,8,513927,5698510,9067961,,15280398,14766471,2.776927,30.791035,48.997352,,79.788387,82.565313,8.1.CO_TEC_MOVIL,100
2017-09,2017,9,534119,5791530,9094599,,15420248,14886129,2.882409,31.254378,49.07961,,80.333988,83.216397,8.1.CO_TEC_MOVIL,101
2017-10,2017,10,373844,5550215,9822228,,15746287,15372443,2.014945,29.91456,52.939865,,82.854425,84.86937,8.1.CO_TEC_MOVIL,102
2017-11,2017,11,341292,5728989,10095980,,16166261,15824969,1.837193,30.839459,54.347209,,85.186669,87.023862,8.1.CO_TEC_MOVIL,103
2017-12,2017,12,368480,5554675,10768313,,16691468,16322988,1.981068,29.86373,57.893935,,87.757665,89.738733,8.1.CO_TEC_MOVIL,104
2018-01,2018,1,414103,5295735,10927026,,16636864,16222761,2.223275,28.432243,58.666051,,87.098294,89.321569,8.1.CO_TEC_MOVIL,105
2018-02,2018,2,460041,4913082,11654668,,17027791,16567750,2.466503,26.341421,62.486341,,88.827762,91.294265,8.1.CO_TEC_MOVIL,106
2018-03,2018,3,417650,4533544,12398409,,17349603,16931953,2.236139,24.273038,66.382294,,90.655332,92.891471,8.1.CO_TEC_MOVIL,107
2018-04,2018,4,413105,4468022,12686582,,17567709,17154604,2.208761,23.889308,67.83173,,91.721038,93.929799,8.1.CO_TEC_MOVIL,108
2018-05,2018,5,403900,4412323,12924861,,17741084,17337184,2.156577,23.559081,69.010778,,92.569859,94.726436,8.1.CO_TEC_MOVIL,109
2018-06,2018,6,405188,4339099,13068827,,17813114,17407926,2.160485,23.136316,69.683709,,92.820025,94.98051,8.1.CO_TEC_MOVIL,110
2018-07,2018,7,397830,4210861,13261740,,17870431,17472601,2.118344,22.421773,70.615422,,93.037195,95.155539,8.1.CO_TEC_MOVIL,111
2018-08,2018,8,396861,4126465,13543905,,18067231,17670370,2.110293,21.942314,72.019178,,93.961492,96.071785,8.1.CO_TEC_MOVIL,112
2018-09,2018,9,394635,4007143,13901645,,18303423,17908788,2.095588,21.278702,73.820415,,95.099117,97.194705,8.1.CO_TEC_MOVIL,113
2018-10,2018,10,420645,4017695,13966418,,18404758,17984113,2.230657,21.305617,74.063151,,95.368768,97.599426,8.1.CO_TEC_MOVIL,114
2018-11,2018,11,393208,3732328,14472517,,18598053,18204845,2.082318,19.765354,76.64236,,96.407714,98.490032,8.1.CO_TEC_MOVIL,115
2018-12,2018,12,380406,3549684,14559221,,18489311,18108905,2.011781,18.772536,76.996572,,95.769108,97.780889,8.1.CO_TEC_MOVIL,116
2019-01,2019,1,374839,3319902,14902490,,18597231,18222392,1.980051,17.537064,78.720976,,96.25804,98.238091,8.1.CO_TEC_MOVIL,117
2019-02,2019,2,370554,3304226,14998081,,18672861,18302307,1.955159,17.434133,79.13458,,96.568713,98.523872,8.1.CO_TEC_MOVIL,118
2019-03,2019,3,372336,3098535,15440516,,18911387,18539051,1.962299,16.330014,81.375178,,97.705191,99.66749,8.1.CO_TEC_MOVIL,119
2019-04,2019,4,339814,2923157,15652763,,18915734,18575920,1.78884,15.388008,82.39887,,97.786878,99.575718,8.1.CO_TEC_MOVIL,120
2019-05,2019,5,325821,2840589,15779633,,18946043,18620222,1.713208,14.936174,82.971292,,97.907466,99.620674,8.1.CO_TEC_MOVIL,121
2019-06,2019,6,317096,2739847,15883966,,18940909,18623813,1.665417,14.389925,83.424029,,97.813954,99.479371,8.1.CO_TEC_MOVIL,122
2019-07,2019,7,307382,2682741,15899566,,18889689,18582307,1.612547,14.073846,83.410228,,97.484074,99.096622,8.1.CO_TEC_MOVIL,123
2019-08,2019,8,297102,2566192,15989797,,18853091,18555989,1.556833,13.447006,83.787531,,97.234536,98.791369,8.1.CO_TEC_MOVIL,124
2019-09,2019,9,291504,2532165,15931990,,18755659,18464155,1.525752,13.253525,83.389129,,96.642654,98.168406,8.1.CO_TEC_MOVIL,125
2019-10,2019,10,274161,2468569,15956912,,18699642,18425481,1.433338,12.905898,83.424156,,96.330054,97.763392,8.1.CO_TEC_MOVIL,126
2019-11,2019,11,286046,2462437,16182992,,18931475,18645429,1.493767,12.859148,84.50957,,97.368719,98.862486,8.1.CO_TEC_MOVIL,127
2019-12,2019,12,286123,2454468,16506614,,19247205,18961082,1.492466,12.802923,86.101306,,98.904229,100.396695,8.1.CO_TEC_MOVIL,128
2020-01,2020,1,279207,2386584,16551248,,19217039,18937832,1.455576,12.441864,86.285826,,98.72769,100.183267,8.1.CO_TEC_MOVIL,129
2020-02,2020,2,269379,2379005,16484965,,19133349,18863970,1.403555,12.395418,85.892225,,98.287644,99.691199,8.1.CO_TEC_MOVIL,130
2020-03,2020,3,263615,2346482,16599646,,19209743,18946128,1.372755,12.21913,86.441421,,98.660551,100.033307,8.1.CO_TEC_MOVIL,131
2020-04,2020,4,256085,2294426,16583152,,19133663,18877578,1.332799,11.94138,86.3073,,98.24868,99.581479,8.1.CO_TEC_MOVIL,132
2020-05,2020,5,255032,2285203,16690116,,19230351,18975319,1.326578,11.88674,86.81551,,98.70225,100.028827,8.1.CO_TEC_MOVIL,133
2020-06,2020,6,248343,2306720,16816618,,19371681,19123338,1.291063,11.991969,87.424725,,99.416694,100.707758,8.1.CO_TEC_MOVIL,134
2020-07,2020,7,238949,2223232,17081909,,19544090,19305141,1.241534,11.551494,88.754378,,100.305872,101.547406,8.1.CO_TEC_MOVIL,135
2020-08,2020,8,222283,2157574,17443886,,19823743,19601460,1.154297,11.2041,90.584631,,101.788731,102.943028,8.1.CO_TEC_MOVIL,136
2020-09,2020,9,213434,2095488,17699455,,20008377,19794943,1.107727,10.875632,91.860585,,102.736217,103.843944,8.1.CO_TEC_MOVIL,137
2020-10,2020,10,204218,2070677,17901998,,20176893,19972675,1.059306,10.740879,92.860065,,103.600945,104.660251,8.1.CO_TEC_MOVIL,138
2020-11,2020,11,194446,2037442,18110587,,20342475,20148029,1.008056,10.562605,93.889778,,104.452383,105.460439,8.1.CO_TEC_MOVIL,139
2020-12,2020,12,167375,1960755,18582095,,20710225,20542850,0.867231,10.159388,96.280624,,106.440012,107.307243,8.1.CO_TEC_MOVIL,140
2021-01,2021,1,167922,1913465,18502205,,20583592,20415670,0.869377,9.906518,95.790846,,105.697364,106.566741,8.1.CO_TEC_MOVIL,141
2021-02,2021,2,167846,1920036,18665829,,20753711,20585865,0.868297,9.93268,96.561583,,106.494263,107.36256,8.1.CO_TEC_MOVIL,142
2021-03,2021,3,174745,1953467,19213129,,21341341,21166596,0.903272,10.097643,99.314352,,109.411994,110.315266,8.1.CO_TEC_MOVIL,143
2021-04,2021,4,171145,1868077,19323248,,21362470,21191325,0.883965,9.648633,99.804737,,109.45337,110.337335,8.1.CO_TEC_MOVIL,144
2021-05,2021,5,169779,1860142,19675923,,21705844,21536065,0.876218,9.600072,101.546165,,111.146237,112.022455,8.1.CO_TEC_MOVIL,145
2021-06,2021,6,158967,1827629,19894763,,21881359,21722392,0.819772,9.424843,102.594678,,112.019521,112.839293,8.1.CO_TEC_MOVIL,146
2021-07,2021,7,155099,1794914,20192991,,22143004,21987905,0.799195,9.248848,104.050612,,113.29946,114.098656,8.1.CO_TEC_MOVIL,147
2021-08,2021,8,150106,1755720,20442154,,22347980,22197874,0.772859,9.039772,105.251637,,114.291409,115.064268,8.1.CO_TEC_MOVIL,148
2021-09,2021,9,146707,1714138,20536636,,22397481,22250774,0.754765,8.818738,105.65498,,114.473718,115.228483,8.1.CO_TEC_MOVIL,149
2021-10,2021,10,147093,1692243,20709985,,22549321,22402228,0.756156,8.699256,106.463118,,115.162374,115.91853,8.1.CO_TEC_MOVIL,150
2021-11,2021,11,144004,1680679,20810206,,22634889,22490885,0.739695,8.633029,106.894361,,115.52739,116.267086,8.1.CO_TEC_MOVIL,151
2021-12,2021,12,102837,1580711,20985682,32430,22701660,22598823,0.527822,8.113162,107.711177,0.16645,115.990789,116.518611,8.1.CO_TEC_MOVIL,152
2022-01,2022,1,112063,1433687,20954044,49742,22549536,22437473,0.574692,7.352365,107.458443,0.255091,115.0659,115.640591,8.1.CO_TEC_MOVIL,153
2022-02,2022,2,119444,1296262,20678269,157219,22251194,22131750,0.61203,6.64203,105.955185,0.805588,113.402803,114.014833,8.1.CO_TEC_MOVIL,154
2022-03,2022,3,126359,1356890,20477532,328218,22288999,22162640,0.646919,6.946856,104.838614,1.680374,113.465844,114.112763,8.1.CO_TEC_MOVIL,155
2022-04,2022,4,135813,1313163,20472650,545323,22466949,22331136,0.694738,6.717354,104.725791,2.789545,114.23269,114.927427,8.1.CO_TEC_MOVIL,156
2022-05,2022,5,141327,1415039,20412873,723989,22693228,22551901,0.722339,7.23243,104.332587,3.700393,115.26541,115.987748,8.1.CO_TEC_MOVIL,157
2022-06,2022,6,148750,1282967,20357285,843046,22632048,22483298,0.759643,6.551909,103.961428,4.305302,114.818639,115.578282,8.1.CO_TEC_MOVIL,158
2022-07,2022,7,161992,1279999,20323620,935937,22701548,22539556,0.826576,6.531288,103.702748,4.775687,115.009723,115.836299,8.1.CO_TEC_MOVIL,159
2022-08,2022,8,172000,1206423,19903106,1444406,22725935,22553935,0.87691,6.15072,101.472229,7.364031,114.98698,115.86389,8.1.CO_TEC_MOVIL,160
2022-09,2022,9,187581,1168512,19674370,1586523,22616986,22429405,0.955548,5.952466,100.222356,8.081838,114.25666,115.212208,8.1.CO_TEC_MOVIL,161
2022-10,2022,10,201761,1169824,19463947,1739783,22575315,22373554,1.026925,5.954181,99.067781,8.855164,113.877126,114.904051,8.1.CO_TEC_MOVIL,162
2022-11,2022,11,201421,1167675,19179521,1846170,22394787,22193366,1.02434,5.938292,97.538778,9.388825,112.865895,113.890235,8.1.CO_TEC_MOVIL,163
2022-12,2022,12,194266,1165493,19201262,2040071,22601092,22406826,0.987131,5.922261,97.568062,10.366286,113.85661,114.843741,8.1.CO_TEC_MOVIL,164
2023-01,2023,1,208404,1134336,19079488,2143629,22565857,22357453,1.058285,5.76021,96.886518,10.885447,113.532175,114.59046,8.1.CO_TEC_MOVIL,165
2023-02,2023,2,204895,1078819,18847284,2266411,22397409,22192514,1.039793,5.474748,95.64545,11.501493,112.62169,113.661483,8.1.CO_TEC_MOVIL,166
2023-03,2023,3,203967,1100131,18874932,2437816,22616846,22412879,1.034414,5.579291,95.723815,12.363332,113.666438,114.700852,8.1.CO_TEC_MOVIL,167
2023-04,2023,4,203907,1088987,18603593,2542549,22439036,22235129,1.033442,5.519206,94.286758,12.886151,112.692115,113.725556,8.1.CO_TEC_MOVIL,168
2023-05,2023,5,199733,1061527,18448368,2659864,22369492,22169759,1.011633,5.376558,93.439666,13.472021,112.288246,113.299879,8.1.CO_TEC_MOVIL,169
2023-06,2023,6,198921,1045684,18418975,2802240,22465820,22266899,1.00687,5.292897,93.230587,14.183986,112.707469,113.71434,8.1.CO_TEC_MOVIL,170
2023-07,2023,7,201233,1037263,18543161,2930119,22711776,22510543,1.017916,5.246886,93.79864,14.8217,113.867227,114.885143,8.1.CO_TEC_MOVIL,171
2023-08,2023,8,189541,1026926,18435563,3052701,22704731,22515190,0.958155,5.191249,93.194257,15.431815,113.817321,114.775477,8.1.CO_TEC_MOVIL,172
2023-09,2023,9,193975,1014391,18395381,3144038,22747785,22553810,0.979938,5.12458,92.931234,15.883299,113.939114,114.919052,8.1.CO_TEC_MOVIL,173
2023-10,2023,10,188227,1006427,18360823,3286313,22841790,22653563,0.950288,5.081074,92.696944,16.591368,114.369387,115.319675,8.1.CO_TEC_MOVIL,174
2023-11,2023,11,185273,988067,18142369,3439814,22755523,22570250,0.934772,4.985172,91.535126,17.355165,113.875463,114.810235,8.1.CO_TEC_MOVIL,175
2023-12,2023,12,183254,850710,17777981,3844699,22656644,22473390,0.923991,4.289395,89.638987,19.385493,113.313874,114.237866,8.1.CO_TEC_MOVIL,176
2024-01,2024,1,183667,950379,17730778,3936744,22801568,22617901,0.925518,4.789064,89.347328,19.837683,113.974075,114.899593,8.1.CO_TEC_MOVIL,177
2024-02,2024,2,179813,896764,17643431,4074704,22794712,22614899,0.905554,4.516181,88.853851,20.520563,113.890595,114.796149,8.1.CO_TEC_MOVIL,178
2024-03,2024,3,172733,910891,17634089,4251156,22968869,22796136,0.869377,4.584576,88.753565,21.396356,114.734497,115.603874,8.1.CO_TEC_MOVIL,179
2024-04,2024,4,164967,901410,17365822,4458204,22890403,22725436,0.829793,4.53414,87.350997,22.425,114.310137,115.13993,8.1.CO_TEC_MOVIL,180
2024-05,2024,5,161834,882423,17067787,4663407,22775451,22613617,0.813546,4.435977,85.800464,23.443138,113.679579,114.493125,8.1.CO_TEC_MOVIL,181
2024-06,2024,6,155525,876071,16931422,4834565,22797583,22642058,0.781363,4.40141,85.064022,24.289014,113.754446,114.535808,8.1.CO_TEC_MOVIL,182
2024-07,2024,7,149670,883062,16864592,5023328,22920652,22770982,0.751497,4.43388,84.677607,25.222276,114.333763,115.08526,8.1.CO_TEC_MOVIL,183
2024-08,2024,8,135075,868570,16903960,5230835,23138440,23003365,0.67781,4.358509,84.824553,26.248479,115.431542,116.109352,8.1.CO_TEC_MOVIL,184
2024-09,2024,9,130567,846912,16597762,5353619,22928860,22798293,0.654798,4.247291,83.238304,26.84857,114.334165,114.988962,8.1.CO_TEC_MOVIL,185
2024-10,2024,10,118820,823092,16594491,5614015,23150418,23031598,0.59553,4.125369,83.172231,28.13766,115.43526,116.03079,8.1.CO_TEC_MOVIL,186
2024-11,2024,11,96912,828563,16446606,5778209,23150290,23053378,0.485437,4.150313,82.381853,28.943331,115.475496,115.960933,8.1.CO_TEC_MOVIL,187
2024-12,2024,12,93865,817630,16202462,6106743,23220700,23126835,0.469894,4.093107,81.110543,30.570739,115.774389,116.244283,8.1.CO_TEC_MOVIL,188
2025-01,2025,1,89099,827926,16107430,6262337,23286792,23197693,0.445809,4.142545,80.59386,31.333733,116.070138,116.515946,8.1.CO_TEC_MOVIL,189
2025-02,2025,2,75601,1007651,15637910,6388338,23109500,23033899,0.378079,5.039244,78.204898,31.94796,115.192101,115.570181,8.1.CO_TEC_MOVIL,190
2025-03,2025,3,60838,940426,15593688,6519484,23114436,23053598,0.304095,4.700667,77.944184,32.587279,115.23213,115.536225,8.1.CO_TEC_MOVIL,191
2025-04,2025,4,55985,999662,15387448,6621744,23064839,23008854,0.279696,4.994222,76.874311,33.081639,114.950172,115.229868,8.1.CO_TEC_MOVIL,192
2025-05,2025,5,55010,842776,15036361,6943402,22877549,22822539,0.274686,4.2083,75.082242,34.671034,113.961576,114.236262,8.1.CO_TEC_MOVIL,193
2025-06,2025,6,56066,721716,13751799,8206923,22736504,22680438,0.279817,3.601976,68.63316,40.959518,113.194653,113.47447,8.1.CO_TEC_MOVIL,194
2025-07,2025,7,52323,507170,13987870,8344853,22892216,22839893,0.261004,2.529928,69.776011,41.626821,113.93276,114.193764,8.1.CO_TEC_MOVIL,195
2025-08,2025,8,49776,401805,13547243,8645559,22644383,22594607,0.248173,2.003319,67.543827,43.105017,112.652162,112.900335,8.1.CO_TEC_MOVIL,196
2025-09,2025,9,48961,396308,13178691,8793277,22417237,22368276,0.243986,1.974913,65.673069,43.819336,111.467318,111.711304,8.1.CO_TEC_MOVIL,197
2025-10,2025,10,46159,393528,13122822,9070725,22633234,22587075,0.229907,1.960068,65.361605,45.179089,112.500762,112.730669,8.1.CO_TEC_MOVIL,198
2025-11,2025,11,42775,378646,13019731,9228576,22669728,22626953,0.212944,1.884991,64.81537,45.942083,112.642444,112.855389,8.1.CO_TEC_MOVIL,199
2025-12,2025,12,42988,356736,12671496,9698786,22770006,22727018,0.213897,1.775021,63.049916,48.25852,113.083458,113.297354,8.1.CO_TEC_MOVIL,200
2026-01,2026,1,44004,344257,12248592,10161957,22798810,22754806,0.218855,1.712171,60.91869,50.540757,113.171617,113.390473,8.1.CO_TEC_MOVIL,201
2026-02,2026,2,41965,339096,11998538,10239695,22619294,22577329,0.208622,1.685757,59.648646,50.904863,112.239266,112.447887,8.1.CO_TEC_MOVIL,202
2026-03,2026,3,34969,331837,11981329,10443472,22791607,22756638,0.173765,1.648941,59.536758,51.89495,113.080648,113.254414,8.1.CO_TEC_MOVIL,203
2026-04,2026,4,32209,317842,11814387,10486886,22651324,22619115,0.15998,1.5787,58.681256,52.087649,112.347604,112.507584,8.1.CO_TEC_MOVIL,204
2026-05,2026,5,31432,327498,11609186,10605995,22574111,22542679,0.156052,1.625942,57.636566,52.655986,111.918494,112.074546,8.1.CO_TEC_MOVIL,205
2026-06,2026,6,29612,326087,11446039,10818497,22620235,22590623,0.146951,1.618222,56.801491,53.687286,112.106999,112.25395,8.1.CO_TEC_MOVIL,206
